# 3ds Max Wavefront OBJ Exporter v0.97b - (c)2007 guruware
# File Created: 11.05.2017 17:50:15

mtllib Bank_1245.mtl

#
# object Box001
#

v  -9.0119 0.0000 68.4230
v  -9.0119 0.0000 -71.5767
v  4.5923 0.0000 -71.5767
v  4.5923 0.0000 68.4230
v  -9.0119 7.5493 -71.5767
v  -9.0119 7.5493 68.4230
v  4.5923 7.5493 68.4230
v  4.5923 7.5493 -71.5767
v  65.9313 0.0000 -71.5767
v  65.9313 3.7746 -71.5767
v  65.9313 3.7746 68.4230
v  65.9313 0.0000 68.4230
v  -9.0119 3.7746 -71.5767
v  4.5923 3.7746 -71.5767
v  -66.8138 0.0000 68.4230
v  -66.8138 3.7746 68.4230
v  -66.8138 3.7746 -71.5767
v  -66.8138 0.0000 -71.5767
v  4.5923 3.7746 68.4230
v  -9.0119 3.7746 68.4230
v  65.9313 7.5493 -71.5767
v  65.9313 7.5493 68.4230
v  -66.8138 7.5493 68.4230
v  -66.8138 7.5493 -71.5767
v  6.4353 6.6007 -9.9316
v  6.4353 6.6007 6.7780
v  -10.9078 6.6007 6.7780
v  -10.9078 6.6007 -9.9317
v  -10.2691 70.3026 -9.2929
v  -10.2691 70.3026 6.1392
v  5.7965 70.3026 6.1392
v  5.7965 70.3026 -9.2929
v  36.0268 29.5239 6.1392
v  36.0268 19.8573 6.1392
v  36.0268 19.8573 -9.2929
v  36.0268 29.5239 -9.2929
v  6.4353 30.7206 -26.6413
v  6.4353 18.6606 -26.6413
v  -10.9078 18.6606 -26.6413
v  -10.9078 30.7206 -26.6413
v  -40.4993 29.5239 -9.2929
v  -40.4993 19.8573 -9.2929
v  -40.4993 19.8573 6.1392
v  -40.4993 29.5239 6.1392
v  -8.2684 27.8563 22.2243
v  -8.2684 17.7702 22.2243
v  3.7959 17.7702 22.2243
v  3.7959 27.8563 22.2243
v  36.0268 53.6438 6.1392
v  36.0268 43.9772 6.1392
v  36.0268 43.9772 -9.2929
v  36.0268 53.6438 -9.2929
v  37.1856 42.7806 6.7780
v  37.1856 30.7206 6.7780
v  37.1856 30.7206 -9.9317
v  37.1856 42.7806 -9.9317
v  37.1856 6.6007 -9.9317
v  37.1856 18.6606 -9.9317
v  37.1856 18.6606 6.7780
v  37.1856 6.6007 6.7780
v  6.4353 54.8405 -26.6413
v  6.4353 42.7806 -26.6413
v  -10.9078 42.7806 -26.6413
v  -10.9078 54.8405 -26.6413
v  -10.9078 6.6007 -26.6413
v  6.4353 6.6007 -26.6413
v  -40.4993 53.6438 -9.2929
v  -40.4993 43.9772 -9.2929
v  -40.4993 43.9772 6.1392
v  -40.4993 53.6438 6.1392
v  -41.6581 42.7806 -9.9316
v  -41.6581 30.7206 -9.9316
v  -41.6581 30.7206 6.7780
v  -41.6581 42.7806 6.7780
v  -41.6581 6.6007 6.7780
v  -41.6581 18.6606 6.7780
v  -41.6581 18.6606 -9.9316
v  -41.6581 6.6007 -9.9316
v  -10.9078 54.8405 23.4877
v  -10.9078 42.7806 23.4877
v  6.4353 42.7806 23.4877
v  6.4353 54.8405 23.4877
v  -10.9078 30.7206 23.4877
v  6.4353 30.7206 23.4877
v  3.7959 7.6841 22.2243
v  -8.2684 7.6841 22.2243
v  -10.9078 6.6007 23.4877
v  6.4353 6.6007 23.4877
v  -10.9078 59.9217 -26.6413
v  -10.9078 59.9217 -9.9316
v  6.4353 59.9217 -9.9317
v  6.4353 59.9217 -26.6413
v  6.4353 59.9217 23.4877
v  6.4353 59.9217 6.7780
v  -10.9078 59.9217 6.7780
v  -10.9078 59.9217 23.4877
v  22.7569 29.7206 22.4261
v  22.7569 19.6606 22.4261
v  22.7568 19.6606 6.2502
v  22.7568 29.7206 6.2502
v  22.7568 19.6606 -25.5797
v  22.7568 29.7206 -25.5797
v  22.7568 29.7206 -9.4038
v  22.7568 19.6606 -9.4038
v  -27.2294 29.7206 -25.5797
v  -27.2294 19.6606 -25.5797
v  -27.2294 19.6606 -9.4038
v  -27.2294 29.7206 -9.4038
v  -27.2294 19.6606 22.4261
v  -27.2294 29.7206 22.4261
v  -27.2294 29.7206 6.2502
v  -27.2294 19.6606 6.2502
v  22.7569 53.8405 22.4261
v  22.7569 43.7806 22.4261
v  22.7568 43.7806 6.2502
v  22.7568 53.8405 6.2502
v  22.7568 43.7806 -25.5797
v  22.7568 53.8405 -25.5797
v  22.7568 53.8405 -9.4038
v  22.7568 43.7806 -9.4038
v  22.7562 42.7806 22.4267
v  22.7562 30.7206 22.4267
v  22.7562 30.7206 5.7170
v  22.7562 42.7806 5.7170
v  22.7562 30.7206 -25.5803
v  22.7562 42.7806 -25.5803
v  22.7562 42.7806 -8.8706
v  22.7562 30.7206 -8.8706
v  23.7785 6.6007 -26.6413
v  23.7785 18.6606 -26.6413
v  23.7785 18.6606 -9.9317
v  23.7785 6.6007 -9.9317
v  23.7785 18.6606 23.4877
v  23.7785 6.6007 23.4877
v  23.7785 6.6007 6.7780
v  23.7785 18.6606 6.7780
v  -27.2294 53.8405 -25.5797
v  -27.2294 43.7806 -25.5797
v  -27.2294 43.7806 -9.4038
v  -27.2294 53.8405 -9.4038
v  -27.2294 43.7806 22.4261
v  -27.2294 53.8405 22.4261
v  -27.2294 53.8405 6.2502
v  -27.2294 43.7806 6.2502
v  -27.2287 42.7806 -25.5803
v  -27.2287 30.7206 -25.5803
v  -27.2287 30.7206 -8.8706
v  -27.2287 42.7806 -8.8706
v  -27.2287 30.7206 22.4267
v  -27.2287 42.7806 22.4267
v  -27.2287 42.7806 5.7170
v  -27.2287 30.7206 5.7170
v  -28.2510 6.6007 23.4877
v  -28.2510 18.6606 23.4877
v  -28.2510 18.6606 6.7780
v  -28.2510 6.6007 6.7780
v  -28.2510 18.6606 -26.6413
v  -28.2510 6.6007 -26.6413
v  -28.2510 6.6007 -9.9317
v  -28.2510 18.6606 -9.9316
v  -28.2510 59.9217 -9.9316
v  -28.2510 59.9217 6.7780
v  23.7785 59.9217 6.7780
v  23.7785 59.9217 -9.9317
v  5.9475 19.6606 -25.5797
v  5.9475 29.7206 -25.5797
v  -10.4200 29.7206 -25.5797
v  -10.4200 19.6606 -25.5797
v  -10.4200 19.6606 22.4261
v  -10.4200 29.7206 22.4261
v  5.9475 29.7206 22.4261
v  5.9475 19.6606 22.4261
v  5.9475 43.7806 -25.5797
v  5.9475 53.8405 -25.5797
v  -10.4200 53.8405 -25.5797
v  -10.4200 43.7806 -25.5797
v  5.4131 30.7206 -25.5803
v  5.4131 42.7806 -25.5803
v  -9.8856 42.7806 -25.5803
v  -9.8856 30.7206 -25.5803
v  -10.4200 43.7806 22.4261
v  -10.4200 53.8405 22.4261
v  5.9475 53.8405 22.4261
v  5.9475 43.7806 22.4261
v  -9.8856 30.7206 22.4267
v  -9.8856 42.7806 22.4267
v  5.4131 42.7806 22.4267
v  5.4131 30.7206 22.4267
v  6.4353 18.6606 23.4877
v  -10.9078 18.6606 23.4877
v  -28.2510 59.9217 -26.6413
v  23.7785 59.9217 -26.6413
v  23.7785 59.9217 23.4877
v  -28.2510 59.9217 23.4877
v  23.7785 42.7806 23.4877
v  23.7785 30.7206 23.4877
v  23.7785 30.7206 6.7780
v  23.7785 42.7806 6.7780
v  23.7785 42.7806 -26.6413
v  23.7785 42.7806 -9.9317
v  23.7785 30.7206 -9.9317
v  23.7785 30.7206 -26.6413
v  -28.2510 42.7806 -26.6413
v  -28.2510 30.7206 -26.6413
v  -28.2510 30.7206 -9.9317
v  -28.2510 42.7806 -9.9317
v  -28.2510 42.7806 23.4877
v  -28.2510 42.7806 6.7780
v  -28.2510 30.7206 6.7780
v  -28.2510 30.7206 23.4877
v  23.7785 19.6606 7.3118
v  23.7785 19.6606 23.4877
v  23.7785 29.7206 7.3118
v  23.7785 29.7206 23.4877
v  6.9691 29.7206 23.4877
v  6.9691 19.6606 23.4877
v  23.7785 29.7206 -10.4654
v  23.7785 29.7206 -26.6413
v  23.7785 19.6606 -10.4655
v  23.7785 19.6606 -26.6413
v  6.9691 19.6606 -26.6413
v  6.9691 29.7206 -26.6413
v  -11.4416 29.7206 -26.6413
v  -28.2510 29.7206 -26.6413
v  -11.4416 19.6606 -26.6413
v  -28.2510 19.6606 -26.6413
v  -28.2510 19.6606 -10.4654
v  -28.2510 29.7206 -10.4654
v  -28.2510 29.7206 7.3118
v  -28.2510 29.7206 23.4877
v  -28.2510 19.6606 7.3118
v  -28.2510 19.6606 23.4877
v  -11.4416 19.6606 23.4877
v  -11.4416 29.7206 23.4877
v  23.7785 54.8405 6.7780
v  23.7785 54.8405 23.4877
v  23.7785 53.8405 23.4877
v  23.7785 53.8405 7.3118
v  6.9691 53.8405 23.4877
v  6.9691 43.7806 23.4877
v  23.7785 43.7806 23.4877
v  23.7785 43.7806 7.3118
v  23.7785 54.8405 -26.6413
v  23.7785 53.8405 -26.6413
v  6.9691 53.8405 -26.6413
v  23.7785 54.8405 -9.9317
v  23.7785 53.8405 -10.4655
v  23.7785 43.7806 -10.4654
v  23.7785 43.7806 -26.6413
v  6.9691 43.7806 -26.6413
v  -28.2510 54.8405 -9.9316
v  -28.2510 54.8405 -26.6413
v  -28.2510 53.8405 -26.6413
v  -28.2510 53.8405 -10.4654
v  -11.4416 53.8405 -26.6413
v  -11.4416 43.7806 -26.6413
v  -28.2510 43.7806 -26.6413
v  -28.2510 43.7806 -10.4654
v  -28.2510 54.8405 23.4877
v  -28.2510 53.8405 23.4877
v  -11.4416 53.8405 23.4877
v  -28.2510 54.8405 6.7780
v  -28.2510 53.8405 7.3118
v  -28.2510 43.7806 7.3118
v  -28.2510 43.7806 23.4877
v  -11.4416 43.7806 23.4877
v  24.7374 54.8405 24.4466
v  25.1346 54.8405 6.7780
v  25.1346 57.3811 6.7780
v  24.7374 57.3811 24.4466
v  25.1346 54.8405 -9.9317
v  25.1346 57.3811 -9.9317
v  24.7374 54.8405 -27.6003
v  24.7374 57.3811 -27.6003
v  6.4353 54.8405 -27.9975
v  6.4353 57.3811 -27.9975
v  -10.9078 54.8405 -27.9975
v  -10.9078 57.3811 -27.9975
v  -29.2099 54.8405 -27.6003
v  -29.2099 57.3811 -27.6003
v  -29.6072 54.8405 -9.9316
v  -29.6072 57.3811 -9.9316
v  -29.6072 54.8405 6.7780
v  -29.6072 57.3811 6.7780
v  -29.2099 54.8405 24.4467
v  -29.2099 57.3811 24.4467
v  -10.9078 54.8405 24.8439
v  -10.9078 57.3811 24.8439
v  6.4353 54.8405 24.8439
v  6.4353 57.3811 24.8439
v  23.7785 57.3811 6.7780
v  23.7785 57.3811 23.4877
v  6.4353 57.3811 23.4877
v  -10.9078 57.3811 23.4877
v  -28.2510 57.3811 23.4877
v  -28.2510 57.3811 6.7780
v  -28.2510 57.3811 -9.9316
v  -28.2510 57.3811 -26.6413
v  -10.9078 57.3811 -26.6413
v  6.4353 57.3811 -26.6413
v  23.7785 57.3811 -26.6413
v  23.7785 57.3811 -9.9317
v  5.9015 7.6007 23.4877
v  -10.3740 7.6007 23.4877
v  5.9015 18.6606 23.4877
v  5.9015 29.7206 23.4877
v  -10.3740 29.7206 23.4877
v  -10.3740 18.6606 23.4877
v  3.7959 7.6841 23.4877
v  -8.2684 7.6841 23.4877
v  3.7959 17.7702 23.4877
v  3.7959 27.8563 23.4877
v  -8.2684 27.8563 23.4877
v  -8.2684 17.7702 23.4877
v  37.1856 54.8405 -9.9317
v  37.1856 54.8405 6.7780
v  -41.6581 54.8405 6.7780
v  -41.6581 54.8405 -9.9316
v  37.1856 29.5239 6.1392
v  37.1856 29.5239 -9.2929
v  37.1856 19.8573 6.1392
v  37.1856 19.8573 -9.2929
v  -41.6581 29.5239 -9.2929
v  -41.6581 29.5239 6.1392
v  -41.6581 19.8573 -9.2929
v  -41.6581 19.8573 6.1392
v  37.1856 43.9772 -9.2929
v  37.1856 43.9772 6.1392
v  37.1856 53.6438 -9.2929
v  37.1856 53.6438 6.1392
v  -41.6581 43.9772 6.1392
v  -41.6581 43.9772 -9.2929
v  -41.6581 53.6438 6.1392
v  -41.6581 53.6438 -9.2929
v  -10.9078 71.2961 -9.9316
v  6.4353 71.2961 -9.9317
v  -10.9078 71.2961 6.7780
v  6.4353 71.2961 6.7780
v  -10.2691 71.2961 -9.2929
v  5.7965 71.2961 -9.2929
v  -10.2691 71.2961 6.1392
v  5.7965 71.2961 6.1392
v  -19.8170 59.5851 22.8400
v  -19.8170 59.5851 20.6617
v  19.3923 59.5851 20.6617
v  19.3923 59.5851 22.8400
v  -19.8170 71.1468 22.8400
v  19.3923 71.1468 22.8400
v  19.3923 71.1468 20.6617
v  -19.8170 71.1468 20.6617
v  -14.0708 70.4080 23.4474
v  -14.0708 61.0831 23.4474
v  -13.5645 61.5893 23.4474
v  -13.5645 69.9017 23.4474
v  -14.0708 70.4080 20.2674
v  -14.0708 61.0831 20.2674
v  -13.5645 69.9017 20.2674
v  -13.5645 61.5893 20.2674
v  -10.5138 70.4080 23.4474
v  -10.5187 69.9017 23.4474
v  -10.5138 70.4080 20.2674
v  -10.5187 69.9017 20.2674
v  -10.2260 70.4024 23.4474
v  -10.2466 69.8964 23.4474
v  -10.2260 70.4024 20.2674
v  -10.2466 69.8964 20.2674
v  -9.9509 70.3853 23.4474
v  -9.9944 69.8807 23.4474
v  -9.9509 70.3853 20.2674
v  -9.9944 69.8807 20.2674
v  -9.6907 70.3565 23.4474
v  -9.7598 69.8548 23.4474
v  -9.6907 70.3565 20.2674
v  -9.7598 69.8548 20.2674
v  -9.4452 70.3159 23.4474
v  -9.5431 69.8189 23.4474
v  -9.4452 70.3159 20.2674
v  -9.5431 69.8189 20.2674
v  -9.2144 70.2630 23.4474
v  -9.3444 69.7734 23.4474
v  -9.2144 70.2630 20.2674
v  -9.3444 69.7734 20.2674
v  -8.9981 70.1976 23.4474
v  -9.1636 69.7187 23.4474
v  -8.9981 70.1976 20.2674
v  -9.1636 69.7187 20.2674
v  -8.7970 70.1192 23.4474
v  -9.0004 69.6550 23.4474
v  -8.7970 70.1192 20.2674
v  -9.0004 69.6550 20.2674
v  -8.6094 70.0275 23.4474
v  -8.8506 69.5819 23.4474
v  -8.6094 70.0275 20.2674
v  -8.8506 69.5819 20.2674
v  -8.4330 69.9223 23.4474
v  -8.7112 69.4987 23.4474
v  -8.4330 69.9223 20.2674
v  -8.7112 69.4987 20.2674
v  -8.2680 69.8034 23.4474
v  -8.5820 69.4057 23.4474
v  -8.2680 69.8034 20.2674
v  -8.5820 69.4057 20.2674
v  -8.1147 69.6711 23.4474
v  -8.4626 69.3026 23.4474
v  -8.1147 69.6711 20.2674
v  -8.4626 69.3026 20.2674
v  -7.9736 69.5255 23.4474
v  -8.3526 69.1891 23.4474
v  -7.9736 69.5255 20.2674
v  -8.3526 69.1891 20.2674
v  -7.8450 69.3671 23.4474
v  -8.2517 69.0648 23.4474
v  -7.8450 69.3671 20.2674
v  -8.2517 69.0648 20.2674
v  -7.7295 69.1970 23.4474
v  -8.1592 68.9287 23.4474
v  -7.7295 69.1970 20.2674
v  -8.1592 68.9287 20.2674
v  -7.6284 69.0203 23.4474
v  -8.0772 68.7852 23.4474
v  -7.6284 69.0203 20.2674
v  -8.0772 68.7852 20.2674
v  -7.5427 68.8409 23.4474
v  -8.0079 68.6403 23.4474
v  -7.5427 68.8409 20.2674
v  -8.0079 68.6403 20.2674
v  -7.4721 68.6581 23.4474
v  -7.9517 68.4947 23.4474
v  -7.4721 68.6581 20.2674
v  -7.9517 68.4947 20.2674
v  -7.4169 68.4720 23.4474
v  -7.9083 68.3481 23.4474
v  -7.4169 68.4720 20.2674
v  -7.9083 68.3481 20.2674
v  -7.3775 68.2832 23.4474
v  -7.8773 68.2001 23.4474
v  -7.3775 68.2832 20.2674
v  -7.8773 68.2001 20.2674
v  -7.3538 68.0919 23.4474
v  -7.8588 68.0504 23.4474
v  -7.3538 68.0919 20.2674
v  -7.8588 68.0504 20.2674
v  -7.3459 67.8988 23.4474
v  -7.8526 67.8984 23.4474
v  -7.3459 67.8988 20.2674
v  -7.8526 67.8984 20.2674
v  -7.3529 67.7185 23.4474
v  -7.8580 67.7582 23.4474
v  -7.3529 67.7185 20.2674
v  -7.8580 67.7582 20.2674
v  -7.3739 67.5409 23.4474
v  -7.8743 67.6207 23.4474
v  -7.3739 67.5409 20.2674
v  -7.8743 67.6207 20.2674
v  -7.4091 67.3661 23.4474
v  -7.9014 67.4859 23.4474
v  -7.4091 67.3661 20.2674
v  -7.9014 67.4859 20.2674
v  -7.4582 67.1944 23.4474
v  -7.9394 67.3533 23.4474
v  -7.4582 67.1944 20.2674
v  -7.9394 67.3533 20.2674
v  -7.5213 67.0263 23.4474
v  -7.9884 67.2225 23.4474
v  -7.5213 67.0263 20.2674
v  -7.9884 67.2225 20.2674
v  -7.5980 66.8620 23.4474
v  -8.0487 67.0934 23.4474
v  -7.5980 66.8620 20.2674
v  -8.0487 67.0934 20.2674
v  -7.6886 66.7007 23.4474
v  -8.1199 66.9666 23.4474
v  -7.6886 66.7007 20.2674
v  -8.1199 66.9666 20.2674
v  -7.7941 66.5441 23.4474
v  -8.2014 66.8457 23.4474
v  -7.7941 66.5441 20.2674
v  -8.2014 66.8457 20.2674
v  -7.9143 66.3960 23.4474
v  -8.2936 66.7320 23.4474
v  -7.9143 66.3960 20.2674
v  -8.2936 66.7320 20.2674
v  -8.0481 66.2575 23.4474
v  -8.3975 66.6245 23.4474
v  -8.0481 66.2575 20.2674
v  -8.3975 66.6245 20.2674
v  -8.1952 66.1287 23.4474
v  -8.5135 66.5230 23.4474
v  -8.1952 66.1287 20.2674
v  -8.5135 66.5230 20.2674
v  -8.3551 66.0098 23.4474
v  -8.6421 66.4273 23.4474
v  -8.3551 66.0098 20.2674
v  -8.6421 66.4273 20.2674
v  -8.5275 65.9006 23.4474
v  -8.7836 66.3377 23.4474
v  -8.5275 65.9006 20.2674
v  -8.7836 66.3377 20.2674
v  -8.1914 66.0821 23.4474
v  -9.4589 65.9730 23.4474
v  -8.1914 66.0821 20.2674
v  -9.4589 65.9730 20.2674
v  -8.5152 66.1906 23.4474
v  -8.6951 65.7170 23.4474
v  -8.5152 66.1906 20.2674
v  -8.6951 65.7170 20.2674
v  -8.2911 66.0952 23.4474
v  -8.5093 65.6379 23.4474
v  -8.2911 66.0952 20.2674
v  -8.5093 65.6379 20.2674
v  -8.0815 65.9840 23.4474
v  -8.3391 65.5475 23.4474
v  -8.0815 65.9840 20.2674
v  -8.3391 65.5475 20.2674
v  -7.8868 65.8568 23.4474
v  -8.1840 65.4462 23.4474
v  -7.8868 65.8568 20.2674
v  -8.1840 65.4462 20.2674
v  -7.7077 65.7137 23.4474
v  -8.0433 65.3338 23.4474
v  -7.7077 65.7137 20.2674
v  -8.0433 65.3338 20.2674
v  -7.5449 65.5548 23.4474
v  -7.9165 65.2101 23.4474
v  -7.5449 65.5548 20.2674
v  -7.9165 65.2101 20.2674
v  -7.3990 65.3809 23.4474
v  -7.8027 65.0744 23.4474
v  -7.3990 65.3809 20.2674
v  -7.8027 65.0744 20.2674
v  -7.2715 65.1950 23.4474
v  -7.7030 64.9289 23.4474
v  -7.2715 65.1950 20.2674
v  -7.7030 64.9289 20.2674
v  -7.1636 64.9994 23.4474
v  -7.6187 64.7764 23.4474
v  -7.1636 64.9994 20.2674
v  -7.6187 64.7764 20.2674
v  -7.0752 64.7944 23.4474
v  -7.5498 64.6166 23.4474
v  -7.0752 64.7944 20.2674
v  -7.5498 64.6166 20.2674
v  -7.0067 64.5806 23.4474
v  -7.4961 64.4488 23.4474
v  -7.0067 64.5806 20.2674
v  -7.4961 64.4488 20.2674
v  -6.9580 64.3587 23.4474
v  -7.4574 64.2726 23.4474
v  -6.9580 64.3587 20.2674
v  -7.4574 64.2726 20.2674
v  -6.9290 64.1291 23.4474
v  -7.4340 64.0872 23.4474
v  -6.9290 64.1291 20.2674
v  -7.4340 64.0872 20.2674
v  -6.9194 63.8936 23.4474
v  -7.4260 63.8911 23.4474
v  -6.9194 63.8936 20.2674
v  -7.4260 63.8911 20.2674
v  -6.9253 63.7015 23.4474
v  -7.4308 63.7327 23.4474
v  -6.9253 63.7015 20.2674
v  -7.4308 63.7327 20.2674
v  -6.9428 63.5138 23.4474
v  -7.4453 63.5770 23.4474
v  -6.9428 63.5138 20.2674
v  -7.4453 63.5770 20.2674
v  -6.9720 63.3295 23.4474
v  -7.4694 63.4252 23.4474
v  -6.9720 63.3295 20.2674
v  -7.4694 63.4252 20.2674
v  -7.0130 63.1486 23.4474
v  -7.5030 63.2770 23.4474
v  -7.0130 63.1486 20.2674
v  -7.5030 63.2770 20.2674
v  -7.0658 62.9714 23.4474
v  -7.5461 63.1322 23.4474
v  -7.0658 62.9714 20.2674
v  -7.5461 63.1322 20.2674
v  -7.1303 62.7982 23.4474
v  -7.5988 62.9906 23.4474
v  -7.1303 62.7982 20.2674
v  -7.5988 62.9906 20.2674
v  -7.2061 62.6297 23.4474
v  -7.6615 62.8514 23.4474
v  -7.2061 62.6297 20.2674
v  -7.6615 62.8514 20.2674
v  -7.2900 62.4696 23.4474
v  -7.7318 62.7173 23.4474
v  -7.2900 62.4696 20.2674
v  -7.7318 62.7173 20.2674
v  -7.3798 62.3196 23.4474
v  -7.8062 62.5930 23.4474
v  -7.3798 62.3196 20.2674
v  -7.8062 62.5930 20.2674
v  -7.4761 62.1791 23.4474
v  -7.8843 62.4790 23.4474
v  -7.4761 62.1791 20.2674
v  -7.8843 62.4790 20.2674
v  -7.5788 62.0484 23.4474
v  -7.9659 62.3752 23.4474
v  -7.5788 62.0484 20.2674
v  -7.9659 62.3752 20.2674
v  -7.6882 61.9276 23.4474
v  -8.0510 62.2813 23.4474
v  -7.6882 61.9276 20.2674
v  -8.0510 62.2813 20.2674
v  -7.8043 61.8170 23.4474
v  -8.1394 62.1971 23.4474
v  -7.8043 61.8170 20.2674
v  -8.1394 62.1971 20.2674
v  -7.9264 61.7175 23.4474
v  -8.2319 62.1217 23.4474
v  -7.9264 61.7175 20.2674
v  -8.2319 62.1217 20.2674
v  -8.0545 61.6279 23.4474
v  -8.3312 62.0522 23.4474
v  -8.0545 61.6279 20.2674
v  -8.3312 62.0522 20.2674
v  -8.1900 61.5457 23.4474
v  -8.4392 61.9867 23.4474
v  -8.1900 61.5457 20.2674
v  -8.4392 61.9867 20.2674
v  -8.3332 61.4705 23.4474
v  -8.5554 61.9257 23.4474
v  -8.3332 61.4705 20.2674
v  -8.5554 61.9257 20.2674
v  -8.4839 61.4023 23.4474
v  -8.6800 61.8693 23.4474
v  -8.4839 61.4023 20.2674
v  -8.6800 61.8693 20.2674
v  -8.6419 61.3410 23.4474
v  -8.8131 61.8176 23.4474
v  -8.6419 61.3410 20.2674
v  -8.8131 61.8176 20.2674
v  -8.8074 61.2863 23.4474
v  -8.9548 61.7708 23.4474
v  -8.8074 61.2863 20.2674
v  -8.9548 61.7708 20.2674
v  -8.9804 61.2381 23.4474
v  -9.1048 61.7290 23.4474
v  -8.9804 61.2381 20.2674
v  -9.1048 61.7290 20.2674
v  -9.1624 61.1964 23.4474
v  -9.2644 61.6925 23.4474
v  -9.1624 61.1964 20.2674
v  -9.2644 61.6925 20.2674
v  -9.3545 61.1614 23.4474
v  -9.4353 61.6613 23.4474
v  -9.3545 61.1614 20.2674
v  -9.4353 61.6613 20.2674
v  -9.5563 61.1330 23.4474
v  -9.6178 61.6356 23.4474
v  -9.5563 61.1330 20.2674
v  -9.6178 61.6356 20.2674
v  -9.7678 61.1110 23.4474
v  -9.8118 61.6155 23.4474
v  -9.7678 61.1110 20.2674
v  -9.8118 61.6155 20.2674
v  -9.9893 61.0954 23.4474
v  -10.0172 61.6010 23.4474
v  -9.9893 61.0954 20.2674
v  -10.0172 61.6010 20.2674
v  -10.2206 61.0861 23.4474
v  -10.2341 61.5923 23.4474
v  -10.2206 61.0861 20.2674
v  -10.2341 61.5923 20.2674
v  -10.4605 61.0831 23.4474
v  -10.4637 61.5893 23.4474
v  -10.4605 61.0831 20.2674
v  -10.4637 61.5893 20.2674
v  -10.7469 66.7072 23.4474
v  -12.3951 66.7072 23.4474
v  -12.9014 66.2009 23.4474
v  -10.7444 66.2009 23.4474
v  -10.7469 66.7072 20.2674
v  -12.3951 66.7072 20.2674
v  -10.7444 66.2009 20.2674
v  -12.9014 66.2009 20.2674
v  -10.5387 66.7092 23.4474
v  -10.5281 66.2030 23.4474
v  -10.5387 66.7092 20.2674
v  -10.5281 66.2030 20.2674
v  -10.3506 66.7153 23.4474
v  -10.3275 66.2094 23.4474
v  -10.3506 66.7153 20.2674
v  -10.3275 66.2094 20.2674
v  -10.1816 66.7252 23.4474
v  -10.1436 66.2203 23.4474
v  -10.1816 66.7252 20.2674
v  -10.1436 66.2203 20.2674
v  -10.0322 66.7389 23.4474
v  -9.9757 66.2357 23.4474
v  -10.0322 66.7389 20.2674
v  -9.9757 66.2357 20.2674
v  -9.9031 66.7561 23.4474
v  -9.8233 66.2560 23.4474
v  -9.9031 66.7561 20.2674
v  -9.8233 66.2560 20.2674
v  -9.7951 66.7762 23.4474
v  -9.6856 66.2816 23.4474
v  -9.7951 66.7762 20.2674
v  -9.6856 66.2816 20.2674
v  -9.7074 66.7988 23.4474
v  -9.5633 66.3131 23.4474
v  -9.7074 66.7988 20.2674
v  -9.5633 66.3131 20.2674
v  -9.6030 66.8339 23.4474
v  -9.4229 66.3604 23.4474
v  -9.6030 66.8339 20.2674
v  -9.4229 66.3604 20.2674
v  -9.5084 66.8741 23.4474
v  -9.2905 66.4167 23.4474
v  -9.5084 66.8741 20.2674
v  -9.2905 66.4167 20.2674
v  -9.4237 66.9191 23.4474
v  -9.1662 66.4826 23.4474
v  -9.4237 66.9191 20.2674
v  -9.1662 66.4826 20.2674
v  -9.3481 66.9684 23.4474
v  -9.0505 66.5582 23.4474
v  -9.3481 66.9684 20.2674
v  -9.0505 66.5582 20.2674
v  -9.2812 67.0222 23.4474
v  -8.9441 66.6436 23.4474
v  -9.2812 67.0222 20.2674
v  -8.9441 66.6436 20.2674
v  -9.2222 67.0804 23.4474
v  -8.8477 66.7387 23.4474
v  -9.2222 67.0804 20.2674
v  -8.8477 66.7387 20.2674
v  -9.1702 67.1438 23.4474
v  -8.7621 66.8430 23.4474
v  -9.1702 67.1438 20.2674
v  -8.7621 66.8430 20.2674
v  -9.1249 67.2125 23.4474
v  -8.6880 66.9553 23.4474
v  -9.1249 67.2125 20.2674
v  -8.6880 66.9553 20.2674
v  -9.0862 67.2867 23.4474
v  -8.6256 67.0749 23.4474
v  -9.0862 67.2867 20.2674
v  -8.6256 67.0749 20.2674
v  -9.0541 67.3669 23.4474
v  -8.5751 67.2011 23.4474
v  -9.0541 67.3669 20.2674
v  -8.5751 67.2011 20.2674
v  -9.0285 67.4540 23.4474
v  -8.5363 67.3332 23.4474
v  -9.0285 67.4540 20.2674
v  -8.5363 67.3332 20.2674
v  -9.0098 67.5484 23.4474
v  -8.5091 67.4707 23.4474
v  -9.0098 67.5484 20.2674
v  -8.5091 67.4707 20.2674
v  -8.9983 67.6507 23.4474
v  -8.4931 67.6131 23.4474
v  -8.9983 67.6507 20.2674
v  -8.4931 67.6131 20.2674
v  -8.9944 67.7607 23.4474
v  -8.4878 67.7605 23.4474
v  -8.9944 67.7607 20.2674
v  -8.4878 67.7605 20.2674
v  -8.9981 67.8654 23.4474
v  -8.4927 67.9016 23.4474
v  -8.9981 67.8654 20.2674
v  -8.4927 67.9016 20.2674
v  -9.0089 67.9651 23.4474
v  -8.5076 68.0391 23.4474
v  -9.0089 67.9651 20.2674
v  -8.5076 68.0391 20.2674
v  -9.0266 68.0597 23.4474
v  -8.5328 68.1731 23.4474
v  -9.0266 68.0597 20.2674
v  -8.5328 68.1731 20.2674
v  -9.0511 68.1497 23.4474
v  -8.5682 68.3033 23.4474
v  -9.0511 68.1497 20.2674
v  -8.5682 68.3033 20.2674
v  -9.0824 68.2354 23.4474
v  -8.6141 68.4291 23.4474
v  -9.0824 68.2354 20.2674
v  -8.6141 68.4291 20.2674
v  -9.1204 68.3172 23.4474
v  -8.6704 68.5502 23.4474
v  -9.1204 68.3172 20.2674
v  -8.6704 68.5502 20.2674
v  -9.1650 68.3950 23.4474
v  -8.7373 68.6668 23.4474
v  -9.1650 68.3950 20.2674
v  -8.7373 68.6668 20.2674
v  -9.2147 68.4658 23.4474
v  -8.8149 68.7775 23.4474
v  -9.2147 68.4658 20.2674
v  -8.8149 68.7775 20.2674
v  -9.2687 68.5283 23.4474
v  -8.9030 68.8794 23.4474
v  -9.2687 68.5283 20.2674
v  -8.9030 68.8794 20.2674
v  -9.3278 68.5839 23.4474
v  -9.0006 68.9711 23.4474
v  -9.3278 68.5839 20.2674
v  -9.0006 68.9711 20.2674
v  -9.3925 68.6330 23.4474
v  -9.1074 69.0521 23.4474
v  -9.3925 68.6330 20.2674
v  -9.1074 69.0521 20.2674
v  -9.4636 68.6761 23.4474
v  -9.2225 69.1220 23.4474
v  -9.4636 68.6761 20.2674
v  -9.2225 69.1220 20.2674
v  -9.5417 68.7134 23.4474
v  -9.3453 69.1807 23.4474
v  -9.5417 68.7134 20.2674
v  -9.3453 69.1807 20.2674
v  -9.6273 68.7447 23.4474
v  -9.4753 69.2281 23.4474
v  -9.6273 68.7447 20.2674
v  -9.4753 69.2281 20.2674
v  -9.7302 68.7720 23.4474
v  -9.6181 69.2660 23.4474
v  -9.7302 68.7720 20.2674
v  -9.6181 69.2660 20.2674
v  -9.8602 68.7966 23.4474
v  -9.7794 69.2966 23.4474
v  -9.8602 68.7966 20.2674
v  -9.7794 69.2966 20.2674
v  -10.0166 68.8175 23.4474
v  -9.9598 69.3207 23.4474
v  -10.0166 68.8175 20.2674
v  -9.9598 69.3207 20.2674
v  -10.1984 68.8342 23.4474
v  -10.1604 69.3392 23.4474
v  -10.1984 68.8342 20.2674
v  -10.1604 69.3392 20.2674
v  -10.4048 68.8463 23.4474
v  -10.3820 69.3521 23.4474
v  -10.4048 68.8463 20.2674
v  -10.3820 69.3521 20.2674
v  -10.6354 68.8537 23.4474
v  -10.6249 69.3598 23.4474
v  -10.6354 68.8537 20.2674
v  -10.6249 69.3598 20.2674
v  -10.8909 68.8561 23.4474
v  -10.8884 69.3624 23.4474
v  -10.8909 68.8561 20.2674
v  -10.8884 69.3624 20.2674
v  -12.3951 68.8561 23.4474
v  -12.9014 69.3624 23.4474
v  -12.3951 68.8561 20.2674
v  -12.9014 69.3624 20.2674
v  -10.4555 62.6349 23.4474
v  -12.3951 62.6349 23.4474
v  -12.9014 62.1286 23.4474
v  -10.4541 62.1286 23.4474
v  -10.4555 62.6349 20.2674
v  -12.3951 62.6349 20.2674
v  -10.4541 62.1286 20.2674
v  -12.9014 62.1286 20.2674
v  -10.3033 62.6358 23.4474
v  -10.2973 62.1295 23.4474
v  -10.3033 62.6358 20.2674
v  -10.2973 62.1295 20.2674
v  -10.1661 62.6383 23.4474
v  -10.1529 62.1322 23.4474
v  -10.1661 62.6383 20.2674
v  -10.1529 62.1322 20.2674
v  -10.0435 62.6424 23.4474
v  -10.0215 62.1366 23.4474
v  -10.0435 62.6424 20.2674
v  -10.0215 62.1366 20.2674
v  -9.9357 62.6482 23.4474
v  -9.9027 62.1429 23.4474
v  -9.9357 62.6482 20.2674
v  -9.9027 62.1429 20.2674
v  -9.8433 62.6553 23.4474
v  -9.7959 62.1512 23.4474
v  -9.8433 62.6553 20.2674
v  -9.7959 62.1512 20.2674
v  -9.7670 62.6637 23.4474
v  -9.7005 62.1617 23.4474
v  -9.7670 62.6637 20.2674
v  -9.7005 62.1617 20.2674
v  -9.7059 62.6732 23.4474
v  -9.6173 62.1746 23.4474
v  -9.7059 62.6732 20.2674
v  -9.6173 62.1746 20.2674
v  -9.6046 62.6935 23.4474
v  -9.4939 62.1994 23.4474
v  -9.6046 62.6935 20.2674
v  -9.4939 62.1994 20.2674
v  -9.5090 62.7172 23.4474
v  -9.3756 62.2286 23.4474
v  -9.5090 62.7172 20.2674
v  -9.3756 62.2286 20.2674
v  -9.4196 62.7439 23.4474
v  -9.2619 62.2627 23.4474
v  -9.4196 62.7439 20.2674
v  -9.2619 62.2627 20.2674
v  -9.3363 62.7736 23.4474
v  -9.1529 62.3015 23.4474
v  -9.3363 62.7736 20.2674
v  -9.1529 62.3015 20.2674
v  -9.2591 62.8062 23.4474
v  -9.0486 62.3455 23.4474
v  -9.2591 62.8062 20.2674
v  -9.0486 62.3455 20.2674
v  -9.1878 62.8413 23.4474
v  -8.9491 62.3946 23.4474
v  -9.1878 62.8413 20.2674
v  -8.9491 62.3946 20.2674
v  -9.1230 62.8787 23.4474
v  -8.8540 62.4494 23.4474
v  -9.1230 62.8787 20.2674
v  -8.8540 62.4494 20.2674
v  -9.0639 62.9188 23.4474
v  -8.7625 62.5115 23.4474
v  -9.0639 62.9188 20.2674
v  -8.7625 62.5115 20.2674
v  -9.0083 62.9636 23.4474
v  -8.6754 62.5816 23.4474
v  -9.0083 62.9636 20.2674
v  -8.6754 62.5816 20.2674
v  -8.9552 63.0136 23.4474
v  -8.5936 62.6588 23.4474
v  -8.9552 63.0136 20.2674
v  -8.5936 62.6588 20.2674
v  -8.9045 63.0695 23.4474
v  -8.5173 62.7428 23.4474
v  -8.9045 63.0695 20.2674
v  -8.5173 62.7428 20.2674
v  -8.8561 63.1314 23.4474
v  -8.4465 62.8333 23.4474
v  -8.8561 63.1314 20.2674
v  -8.4465 62.8333 20.2674
v  -8.8100 63.1995 23.4474
v  -8.3812 62.9299 23.4474
v  -8.8100 63.1995 20.2674
v  -8.3812 62.9299 20.2674
v  -8.7670 63.2733 23.4474
v  -8.3207 63.0335 23.4474
v  -8.7670 63.2733 20.2674
v  -8.3207 63.0335 20.2674
v  -8.7291 63.3503 23.4474
v  -8.2662 63.1441 23.4474
v  -8.7291 63.3503 20.2674
v  -8.2662 63.1441 20.2674
v  -8.6972 63.4301 23.4474
v  -8.2199 63.2601 23.4474
v  -8.6972 63.4301 20.2674
v  -8.2199 63.2601 20.2674
v  -8.6708 63.5139 23.4474
v  -8.1822 63.3800 23.4474
v  -8.6708 63.5139 20.2674
v  -8.1822 63.3800 20.2674
v  -8.6501 63.6021 23.4474
v  -8.1532 63.5037 23.4474
v  -8.6501 63.6021 20.2674
v  -8.1532 63.5037 20.2674
v  -8.6351 63.6950 23.4474
v  -8.1326 63.6309 23.4474
v  -8.6351 63.6950 20.2674
v  -8.1326 63.6309 20.2674
v  -8.6260 63.7926 23.4474
v  -8.1204 63.7614 23.4474
v  -8.6260 63.7926 20.2674
v  -8.1204 63.7614 20.2674
v  -8.6229 63.8942 23.4474
v  -8.1164 63.8961 23.4474
v  -8.6229 63.8942 20.2674
v  -8.1164 63.8961 20.2674
v  -8.6274 64.0136 23.4474
v  -8.1223 64.0527 23.4474
v  -8.6274 64.0136 20.2674
v  -8.1223 64.0527 20.2674
v  -8.6406 64.1259 23.4474
v  -8.1403 64.2061 23.4474
v  -8.6406 64.1259 20.2674
v  -8.1403 64.2061 20.2674
v  -8.6622 64.2320 23.4474
v  -8.1706 64.3550 23.4474
v  -8.6622 64.2320 20.2674
v  -8.1706 64.3550 20.2674
v  -8.6921 64.3325 23.4474
v  -8.2135 64.4991 23.4474
v  -8.6921 64.3325 20.2674
v  -8.2135 64.4991 20.2674
v  -8.7303 64.4278 23.4474
v  -8.2689 64.6377 23.4474
v  -8.7303 64.4278 20.2674
v  -8.2689 64.6377 20.2674
v  -8.7768 64.5186 23.4474
v  -8.3368 64.7703 23.4474
v  -8.7768 64.5186 20.2674
v  -8.3368 64.7703 20.2674
v  -8.8318 64.6054 23.4474
v  -8.4169 64.8964 23.4474
v  -8.8318 64.6054 20.2674
v  -8.4169 64.8964 20.2674
v  -8.8942 64.6862 23.4474
v  -8.5080 65.0144 23.4474
v  -8.8942 64.6862 20.2674
v  -8.5080 65.0144 20.2674
v  -8.9624 64.7592 23.4474
v  -8.6089 65.1224 23.4474
v  -8.9624 64.7592 20.2674
v  -8.6089 65.1224 20.2674
v  -9.0367 64.8250 23.4474
v  -8.7194 65.2202 23.4474
v  -9.0367 64.8250 20.2674
v  -8.7194 65.2202 20.2674
v  -9.1176 64.8838 23.4474
v  -8.8390 65.3072 23.4474
v  -9.1176 64.8838 20.2674
v  -8.8390 65.3072 20.2674
v  -9.2057 64.9360 23.4474
v  -8.9672 65.3832 23.4474
v  -9.2057 64.9360 20.2674
v  -8.9672 65.3832 20.2674
v  -9.3015 64.9817 23.4474
v  -9.1033 65.4481 23.4474
v  -9.3015 64.9817 20.2674
v  -9.1033 65.4481 20.2674
v  -9.4058 65.0208 23.4474
v  -9.2467 65.5018 23.4474
v  -9.4058 65.0208 20.2674
v  -9.2467 65.5018 20.2674
v  -9.5240 65.0548 23.4474
v  -9.4001 65.5459 23.4474
v  -9.5240 65.0548 20.2674
v  -9.4001 65.5459 20.2674
v  -9.6609 65.0846 23.4474
v  -9.5668 65.5822 23.4474
v  -9.6609 65.0846 20.2674
v  -9.5668 65.5822 20.2674
v  -9.8162 65.1096 23.4474
v  -9.7472 65.6113 23.4474
v  -9.8162 65.1096 20.2674
v  -9.7472 65.6113 20.2674
v  -9.9895 65.1294 23.4474
v  -9.9418 65.6335 23.4474
v  -9.9895 65.1294 20.2674
v  -9.9418 65.6335 20.2674
v  -10.1803 65.1437 23.4474
v  -10.1508 65.6492 23.4474
v  -10.1803 65.1437 20.2674
v  -10.1508 65.6492 20.2674
v  -10.3885 65.1524 23.4474
v  -10.3747 65.6585 23.4474
v  -10.3885 65.1524 20.2674
v  -10.3747 65.6585 20.2674
v  -10.6153 65.1553 23.4474
v  -10.6120 65.6616 23.4474
v  -10.6153 65.1553 20.2674
v  -10.6120 65.6616 20.2674
v  -12.3951 65.1553 23.4474
v  -12.9014 65.6616 23.4474
v  -12.3951 65.1553 20.2674
v  -12.9014 65.6616 20.2674
v  -1.5285 61.7960 23.4474
v  -1.7105 61.6441 23.4474
v  -1.3262 62.6241 23.4474
v  -1.8449 62.1914 23.4474
v  -1.5285 61.7960 20.2674
v  -1.7105 61.6441 20.2674
v  -1.8449 62.1914 20.2674
v  -1.3262 62.6241 20.2674
v  -1.7042 61.6613 23.4474
v  -2.0033 62.0699 23.4474
v  -1.7042 61.6613 20.2674
v  -2.0033 62.0699 20.2674
v  -1.8796 61.5387 23.4474
v  -2.1595 61.9608 23.4474
v  -1.8796 61.5387 20.2674
v  -2.1595 61.9608 20.2674
v  -2.0549 61.4285 23.4474
v  -2.3132 61.8641 23.4474
v  -2.0549 61.4285 20.2674
v  -2.3132 61.8641 20.2674
v  -2.2302 61.3307 23.4474
v  -2.4645 61.7797 23.4474
v  -2.2302 61.3307 20.2674
v  -2.4645 61.7797 20.2674
v  -2.4055 61.2453 23.4474
v  -2.6132 61.7073 23.4474
v  -2.4055 61.2453 20.2674
v  -2.6132 61.7073 20.2674
v  -2.5802 61.1731 23.4474
v  -2.7600 61.6466 23.4474
v  -2.5802 61.1731 20.2674
v  -2.7600 61.6466 20.2674
v  -2.7555 61.1124 23.4474
v  -2.9083 61.5952 23.4474
v  -2.7555 61.1124 20.2674
v  -2.9083 61.5952 20.2674
v  -2.9337 61.0612 23.4474
v  -3.0604 61.5515 23.4474
v  -2.9337 61.0612 20.2674
v  -3.0604 61.5515 20.2674
v  -3.1152 61.0194 23.4474
v  -3.2158 61.5158 23.4474
v  -3.1152 61.0194 20.2674
v  -3.2158 61.5158 20.2674
v  -3.3000 60.9870 23.4474
v  -3.3747 61.4879 23.4474
v  -3.3000 60.9870 20.2674
v  -3.3747 61.4879 20.2674
v  -3.4879 60.9638 23.4474
v  -3.5371 61.4679 23.4474
v  -3.4879 60.9638 20.2674
v  -3.5371 61.4679 20.2674
v  -3.6788 60.9500 23.4474
v  -3.7031 61.4559 23.4474
v  -3.6788 60.9500 20.2674
v  -3.7031 61.4559 20.2674
v  -3.8744 60.9454 23.4474
v  -3.8713 61.4519 23.4474
v  -3.8744 60.9454 20.2674
v  -3.8713 61.4519 20.2674
v  -4.1848 60.9565 23.4474
v  -4.1467 61.4617 23.4474
v  -4.1848 60.9565 20.2674
v  -4.1467 61.4617 20.2674
v  -4.4789 60.9904 23.4474
v  -4.3983 61.4907 23.4474
v  -4.4789 60.9904 20.2674
v  -4.3983 61.4907 20.2674
v  -4.7554 61.0478 23.4474
v  -4.6275 61.5383 23.4474
v  -4.7554 61.0478 20.2674
v  -4.6275 61.5383 20.2674
v  -5.0140 61.1293 23.4474
v  -4.8346 61.6036 23.4474
v  -5.0140 61.1293 20.2674
v  -4.8346 61.6036 20.2674
v  -5.2538 61.2357 23.4474
v  -5.0203 61.6860 23.4474
v  -5.2538 61.2357 20.2674
v  -5.0203 61.6860 20.2674
v  -5.4739 61.3674 23.4474
v  -5.1858 61.7850 23.4474
v  -5.4739 61.3674 20.2674
v  -5.1858 61.7850 20.2674
v  -5.6716 61.5235 23.4474
v  -5.3336 61.9017 23.4474
v  -5.6716 61.5235 20.2674
v  -5.3336 61.9017 20.2674
v  -5.8442 61.6979 23.4474
v  -5.4631 62.0326 23.4474
v  -5.8442 61.6979 20.2674
v  -5.4631 62.0326 20.2674
v  -5.9911 61.8867 23.4474
v  -5.5720 62.1726 23.4474
v  -5.9911 61.8867 20.2674
v  -5.5720 62.1726 20.2674
v  -6.1120 62.0902 23.4474
v  -5.6603 62.3211 23.4474
v  -6.1120 62.0902 20.2674
v  -5.6603 62.3211 20.2674
v  -6.2061 62.3072 23.4474
v  -5.7289 62.4794 23.4474
v  -6.2061 62.3072 20.2674
v  -5.7289 62.4794 20.2674
v  -6.2729 62.5364 23.4474
v  -5.7783 62.6489 23.4474
v  -6.2729 62.5364 20.2674
v  -5.7783 62.6489 20.2674
v  -6.3126 62.7763 23.4474
v  -5.8084 62.8309 23.4474
v  -6.3126 62.7763 20.2674
v  -5.8084 62.8309 20.2674
v  -6.3255 63.0239 23.4474
v  -5.8188 63.0286 23.4474
v  -6.3255 63.0239 20.2674
v  -5.8188 63.0286 20.2674
v  -6.3204 63.1756 23.4474
v  -5.8150 63.1414 23.4474
v  -6.3204 63.1756 20.2674
v  -5.8150 63.1414 20.2674
v  -6.3055 63.3222 23.4474
v  -5.8036 63.2528 23.4474
v  -6.3055 63.3222 20.2674
v  -5.8036 63.2528 20.2674
v  -6.2804 63.4659 23.4474
v  -5.7848 63.3605 23.4474
v  -6.2804 63.4659 20.2674
v  -5.7848 63.3605 20.2674
v  -6.2451 63.6064 23.4474
v  -5.7586 63.4647 23.4474
v  -6.2451 63.6064 20.2674
v  -5.7586 63.4647 20.2674
v  -6.1996 63.7433 23.4474
v  -5.7251 63.5659 23.4474
v  -6.1996 63.7433 20.2674
v  -5.7251 63.5659 20.2674
v  -6.1440 63.8765 23.4474
v  -5.6840 63.6641 23.4474
v  -6.1440 63.8765 20.2674
v  -5.6840 63.6641 20.2674
v  -6.0788 64.0050 23.4474
v  -5.6351 63.7605 23.4474
v  -6.0788 64.0050 20.2674
v  -5.6351 63.7605 20.2674
v  -6.0060 64.1270 23.4474
v  -5.5795 63.8538 23.4474
v  -6.0060 64.1270 20.2674
v  -5.5795 63.8538 20.2674
v  -5.9270 64.2420 23.4474
v  -5.5192 63.9415 23.4474
v  -5.9270 64.2420 20.2674
v  -5.5192 63.9415 20.2674
v  -5.8414 64.3505 23.4474
v  -5.4546 64.0233 23.4474
v  -5.8414 64.3505 20.2674
v  -5.4546 64.0233 20.2674
v  -5.7492 64.4522 23.4474
v  -5.3858 64.0994 23.4474
v  -5.7492 64.4522 20.2674
v  -5.3858 64.0994 20.2674
v  -5.6506 64.5471 23.4474
v  -5.3125 64.1698 23.4474
v  -5.6506 64.5471 20.2674
v  -5.3125 64.1698 20.2674
v  -5.5457 64.6347 23.4474
v  -5.2346 64.2350 23.4474
v  -5.5457 64.6347 20.2674
v  -5.2346 64.2350 20.2674
v  -5.4358 64.7143 23.4474
v  -5.1508 64.2956 23.4474
v  -5.4358 64.7143 20.2674
v  -5.1508 64.2956 20.2674
v  -5.3230 64.7863 23.4474
v  -5.0610 64.3529 23.4474
v  -5.3230 64.7863 20.2674
v  -5.0610 64.3529 20.2674
v  -5.2074 64.8524 23.4474
v  -4.9666 64.4069 23.4474
v  -5.2074 64.8524 20.2674
v  -4.9666 64.4069 20.2674
v  -5.0882 64.9132 23.4474
v  -4.8688 64.4568 23.4474
v  -5.0882 64.9132 20.2674
v  -4.8688 64.4568 20.2674
v  -4.9653 64.9687 23.4474
v  -4.7674 64.5026 23.4474
v  -4.9653 64.9687 20.2674
v  -4.7674 64.5026 20.2674
v  -4.8389 65.0190 23.4474
v  -4.6624 64.5443 23.4474
v  -4.8389 65.0190 20.2674
v  -4.6624 64.5443 20.2674
v  -4.7090 65.0640 23.4474
v  -4.5537 64.5820 23.4474
v  -4.7090 65.0640 20.2674
v  -4.5537 64.5820 20.2674
v  -4.5746 65.1041 23.4474
v  -4.4423 64.6152 23.4474
v  -4.5746 65.1041 20.2674
v  -4.4423 64.6152 20.2674
v  -4.4662 65.1305 23.4474
v  -4.3538 64.6367 23.4474
v  -4.4662 65.1305 20.2674
v  -4.3538 64.6367 20.2674
v  -4.3477 65.1556 23.4474
v  -4.2486 64.6590 23.4474
v  -4.3477 65.1556 20.2674
v  -4.2486 64.6590 20.2674
v  -4.2172 65.1800 23.4474
v  -4.1288 64.6815 23.4474
v  -4.2172 65.1800 20.2674
v  -4.1288 64.6815 20.2674
v  -4.0742 65.2039 23.4474
v  -3.9946 64.7039 23.4474
v  -4.0742 65.2039 20.2674
v  -3.9946 64.7039 20.2674
v  -3.9187 65.2274 23.4474
v  -3.8465 64.7263 23.4474
v  -3.9187 65.2274 20.2674
v  -3.8465 64.7263 20.2674
v  -3.7503 65.2505 23.4474
v  -3.6844 64.7485 23.4474
v  -3.7503 65.2505 20.2674
v  -3.6844 64.7485 20.2674
v  -3.5704 65.2731 23.4474
v  -3.5072 64.7708 23.4474
v  -3.5704 65.2731 20.2674
v  -3.5072 64.7708 20.2674
v  -3.2094 65.3187 23.4474
v  -3.1415 64.8170 23.4474
v  -3.2094 65.3187 20.2674
v  -3.1415 64.8170 20.2674
v  -2.8794 65.3663 23.4474
v  -2.8018 64.8660 23.4474
v  -2.8794 65.3663 20.2674
v  -2.8018 64.8660 20.2674
v  -2.5787 65.4162 23.4474
v  -2.4897 64.9177 23.4474
v  -2.5787 65.4162 20.2674
v  -2.4897 64.9177 20.2674
v  -2.3077 65.4681 23.4474
v  -2.2049 64.9723 23.4474
v  -2.3077 65.4681 20.2674
v  -2.2049 64.9723 20.2674
v  -2.0666 65.5219 23.4474
v  -1.9470 65.0299 23.4474
v  -2.0666 65.5219 20.2674
v  -1.9470 65.0299 20.2674
v  -1.8560 65.5773 23.4474
v  -1.7155 65.0908 23.4474
v  -1.8560 65.5773 20.2674
v  -1.7155 65.0908 20.2674
v  -1.8424 65.5816 23.4474
v  -1.3439 65.2078 23.4474
v  -1.8424 65.5816 20.2674
v  -1.3439 65.2078 20.2674
v  -1.8404 65.6757 23.4474
v  -1.3339 65.6791 23.4474
v  -1.8404 65.6757 20.2674
v  -1.3339 65.6791 20.2674
v  -1.8461 65.8396 23.4474
v  -1.3408 65.8773 23.4474
v  -1.8461 65.8396 20.2674
v  -1.3408 65.8773 20.2674
v  -1.8625 65.9829 23.4474
v  -1.3623 66.0644 23.4474
v  -1.8625 65.9829 20.2674
v  -1.3623 66.0644 20.2674
v  -1.8887 66.1066 23.4474
v  -1.3992 66.2391 23.4474
v  -1.8887 66.1066 20.2674
v  -1.3992 66.2391 20.2674
v  -1.9232 66.2106 23.4474
v  -1.4531 66.4015 23.4474
v  -1.9232 66.2106 20.2674
v  -1.4531 66.4015 20.2674
v  -1.9645 66.2958 23.4474
v  -1.5254 66.5508 23.4474
v  -1.9645 66.2958 20.2674
v  -1.5254 66.5508 20.2674
v  -2.0114 66.3642 23.4474
v  -1.6174 66.6850 23.4474
v  -2.0114 66.3642 20.2674
v  -1.6174 66.6850 20.2674
v  -2.0654 66.4203 23.4474
v  -1.7276 66.7995 23.4474
v  -2.0654 66.4203 20.2674
v  -1.7276 66.7995 20.2674
v  -2.1643 66.4957 23.4474
v  -1.8844 66.9188 23.4474
v  -2.1643 66.4957 20.2674
v  -1.8844 66.9188 20.2674
v  -2.2808 66.5621 23.4474
v  -2.0568 67.0172 23.4474
v  -2.2808 66.5621 20.2674
v  -2.0568 67.0172 20.2674
v  -2.4148 66.6181 23.4474
v  -2.2449 67.0959 23.4474
v  -2.4148 66.6181 20.2674
v  -2.2449 67.0959 20.2674
v  -2.5674 66.6632 23.4474
v  -2.4476 67.1557 23.4474
v  -2.5674 66.6632 20.2674
v  -2.4476 67.1557 20.2674
v  -2.7392 66.6963 23.4474
v  -2.6644 67.1975 23.4474
v  -2.7392 66.6963 20.2674
v  -2.6644 67.1975 20.2674
v  -2.9302 66.7166 23.4474
v  -2.8950 67.2220 23.4474
v  -2.9302 66.7166 20.2674
v  -2.8950 67.2220 20.2674
v  -3.1409 66.7236 23.4474
v  -3.1391 67.2301 23.4474
v  -3.1409 66.7236 20.2674
v  -3.1391 67.2301 20.2674
v  -3.3380 66.7185 23.4474
v  -3.3657 67.2243 23.4474
v  -3.3380 66.7185 20.2674
v  -3.3657 67.2243 20.2674
v  -3.5177 66.7035 23.4474
v  -3.5768 67.2066 23.4474
v  -3.5177 66.7035 20.2674
v  -3.5768 67.2066 20.2674
v  -3.6782 66.6791 23.4474
v  -3.7741 67.1766 23.4474
v  -3.6782 66.6791 20.2674
v  -3.7741 67.1766 20.2674
v  -3.8193 66.6460 23.4474
v  -3.9579 67.1335 23.4474
v  -3.8193 66.6460 20.2674
v  -3.9579 67.1335 20.2674
v  -3.9410 66.6052 23.4474
v  -4.1283 67.0764 23.4474
v  -3.9410 66.6052 20.2674
v  -4.1283 67.0764 20.2674
v  -4.0435 66.5578 23.4474
v  -4.2849 67.0040 23.4474
v  -4.0435 66.5578 20.2674
v  -4.2849 67.0040 20.2674
v  -4.1282 66.5048 23.4474
v  -4.4264 66.9155 23.4474
v  -4.1282 66.5048 20.2674
v  -4.4264 66.9155 20.2674
v  -4.2031 66.4421 23.4474
v  -4.5534 66.8091 23.4474
v  -4.2031 66.4421 20.2674
v  -4.5534 66.8091 20.2674
v  -4.2750 66.3639 23.4474
v  -4.6679 66.6846 23.4474
v  -4.2750 66.3639 20.2674
v  -4.6679 66.6846 20.2674
v  -4.3439 66.2685 23.4474
v  -4.7697 66.5438 23.4474
v  -4.3439 66.2685 20.2674
v  -4.7697 66.5438 20.2674
v  -4.4092 66.1551 23.4474
v  -4.8595 66.3875 23.4474
v  -4.4092 66.1551 20.2674
v  -4.8595 66.3875 20.2674
v  -4.4699 66.0229 23.4474
v  -4.9382 66.2164 23.4474
v  -4.4699 66.0229 20.2674
v  -4.9382 66.2164 20.2674
v  -4.5255 65.8720 23.4474
v  -5.0066 66.0306 23.4474
v  -4.5255 65.8720 20.2674
v  -5.0066 66.0306 20.2674
v  -4.6380 65.4872 23.4474
v  -5.0023 66.0451 23.4474
v  -4.6380 65.4872 20.2674
v  -5.0023 66.0451 20.2674
v  -6.1911 65.6889 23.4474
v  -5.5679 66.1186 23.4474
v  -6.1911 65.6889 20.2674
v  -5.5679 66.1186 20.2674
v  -6.0790 66.1581 23.4474
v  -5.5897 66.0273 23.4474
v  -6.0790 66.1581 20.2674
v  -5.5897 66.0273 20.2674
v  -6.0222 66.3498 23.4474
v  -5.5410 66.1920 23.4474
v  -6.0222 66.3498 20.2674
v  -5.5410 66.1920 20.2674
v  -5.9566 66.5318 23.4474
v  -5.4858 66.3451 23.4474
v  -5.9566 66.5318 20.2674
v  -5.4858 66.3451 20.2674
v  -5.8819 66.7040 23.4474
v  -5.4244 66.4866 23.4474
v  -5.8819 66.7040 20.2674
v  -5.4244 66.4866 20.2674
v  -5.7980 66.8661 23.4474
v  -5.3570 66.6168 23.4474
v  -5.7980 66.8661 20.2674
v  -5.3570 66.6168 20.2674
v  -5.7047 67.0180 23.4474
v  -5.2837 66.7359 23.4474
v  -5.7047 67.0180 20.2674
v  -5.2837 66.7359 20.2674
v  -5.6013 67.1598 23.4474
v  -5.2052 66.8437 23.4474
v  -5.6013 67.1598 20.2674
v  -5.2052 66.8437 20.2674
v  -5.4857 67.2924 23.4474
v  -5.1193 66.9422 23.4474
v  -5.4857 67.2924 20.2674
v  -5.1193 66.9422 20.2674
v  -5.3564 67.4157 23.4474
v  -5.0229 67.0342 23.4474
v  -5.3564 67.4157 20.2674
v  -5.0229 67.0342 20.2674
v  -5.2147 67.5291 23.4474
v  -4.9149 67.1205 23.4474
v  -5.2147 67.5291 20.2674
v  -4.9149 67.1205 20.2674
v  -5.0608 67.6324 23.4474
v  -4.7949 67.2011 23.4474
v  -5.0608 67.6324 20.2674
v  -4.7949 67.2011 20.2674
v  -4.8954 67.7258 23.4474
v  -4.6624 67.2759 23.4474
v  -4.8954 67.7258 20.2674
v  -4.6624 67.2759 20.2674
v  -4.7186 67.8094 23.4474
v  -4.5171 67.3447 23.4474
v  -4.7186 67.8094 20.2674
v  -4.5171 67.3447 20.2674
v  -4.5307 67.8837 23.4474
v  -4.3588 67.4072 23.4474
v  -4.5307 67.8837 20.2674
v  -4.3588 67.4072 20.2674
v  -4.3333 67.9482 23.4474
v  -4.1898 67.4625 23.4474
v  -4.3333 67.9482 20.2674
v  -4.1898 67.4625 20.2674
v  -4.1284 68.0024 23.4474
v  -4.0120 67.5095 23.4474
v  -4.1284 68.0024 20.2674
v  -4.0120 67.5095 20.2674
v  -3.9160 68.0466 23.4474
v  -3.8256 67.5482 23.4474
v  -3.9160 68.0466 20.2674
v  -3.8256 67.5482 20.2674
v  -3.6961 68.0807 23.4474
v  -3.6303 67.5786 23.4474
v  -3.6961 68.0807 20.2674
v  -3.6303 67.5786 20.2674
v  -3.4688 68.1050 23.4474
v  -3.4263 67.6003 23.4474
v  -3.4688 68.1050 20.2674
v  -3.4263 67.6003 20.2674
v  -3.2340 68.1195 23.4474
v  -3.2133 67.6135 23.4474
v  -3.2340 68.1195 20.2674
v  -3.2133 67.6135 20.2674
v  -2.9920 68.1243 23.4474
v  -2.9914 67.6179 23.4474
v  -2.9920 68.1243 20.2674
v  -2.9914 67.6179 20.2674
v  -2.7546 68.1202 23.4474
v  -2.7728 67.6141 23.4474
v  -2.7546 68.1202 20.2674
v  -2.7728 67.6141 20.2674
v  -2.5292 68.1078 23.4474
v  -2.5674 67.6029 23.4474
v  -2.5292 68.1078 20.2674
v  -2.5674 67.6029 20.2674
v  -2.3151 68.0871 23.4474
v  -2.3757 67.5843 23.4474
v  -2.3151 68.0871 20.2674
v  -2.3757 67.5843 20.2674
v  -2.1123 68.0578 23.4474
v  -2.1979 67.5586 23.4474
v  -2.1123 68.0578 20.2674
v  -2.1979 67.5586 20.2674
v  -1.9206 68.0197 23.4474
v  -2.0341 67.5260 23.4474
v  -1.9206 68.0197 20.2674
v  -2.0341 67.5260 20.2674
v  -1.7399 67.9724 23.4474
v  -1.8844 67.4869 23.4474
v  -1.7399 67.9724 20.2674
v  -1.8844 67.4869 20.2674
v  -1.5717 67.9162 23.4474
v  -1.7472 67.4410 23.4474
v  -1.5717 67.9162 20.2674
v  -1.7472 67.4410 20.2674
v  -1.4171 67.8536 23.4474
v  -1.6201 67.3895 23.4474
v  -1.4171 67.8536 20.2674
v  -1.6201 67.3895 20.2674
v  -1.2739 67.7862 23.4474
v  -1.5037 67.3348 23.4474
v  -1.2739 67.7862 20.2674
v  -1.5037 67.3348 20.2674
v  -1.1407 67.7131 23.4474
v  -1.3996 67.2776 23.4474
v  -1.1407 67.7131 20.2674
v  -1.3996 67.2776 20.2674
v  -1.0174 67.6338 23.4474
v  -1.3075 67.2185 23.4474
v  -1.0174 67.6338 20.2674
v  -1.3075 67.2185 20.2674
v  -0.9043 67.5481 23.4474
v  -1.2275 67.1578 23.4474
v  -0.9043 67.5481 20.2674
v  -1.2275 67.1578 20.2674
v  -0.8017 67.4555 23.4474
v  -1.1590 67.0959 23.4474
v  -0.8017 67.4555 20.2674
v  -1.1590 67.0959 20.2674
v  -0.7115 67.3569 23.4474
v  -1.1003 67.0318 23.4474
v  -0.7115 67.3569 20.2674
v  -1.1003 67.0318 20.2674
v  -0.6328 67.2537 23.4474
v  -1.0471 66.9621 23.4474
v  -0.6328 67.2537 20.2674
v  -1.0471 66.9621 20.2674
v  -0.5623 67.1449 23.4474
v  -0.9975 66.8854 23.4474
v  -0.5623 67.1449 20.2674
v  -0.9975 66.8854 20.2674
v  -0.4994 67.0298 23.4474
v  -0.9521 66.8025 23.4474
v  -0.4994 67.0298 20.2674
v  -0.9521 66.8025 20.2674
v  -0.4439 66.9088 23.4474
v  -0.9111 66.7131 23.4474
v  -0.4439 66.9088 20.2674
v  -0.9111 66.7131 20.2674
v  -0.3957 66.7819 23.4474
v  -0.8746 66.6170 23.4474
v  -0.3957 66.7819 20.2674
v  -0.8746 66.6170 20.2674
v  -0.3547 66.6494 23.4474
v  -0.8428 66.5140 23.4474
v  -0.3547 66.6494 20.2674
v  -0.8428 66.5140 20.2674
v  -0.3200 66.5084 23.4474
v  -0.8164 66.4070 23.4474
v  -0.3200 66.5084 20.2674
v  -0.8164 66.4070 20.2674
v  -0.3030 66.4044 23.4474
v  -0.8046 66.3348 23.4474
v  -0.3030 66.4044 20.2674
v  -0.8046 66.3348 20.2674
v  -0.2897 66.2879 23.4474
v  -0.7937 66.2389 23.4474
v  -0.2897 66.2879 20.2674
v  -0.7937 66.2389 20.2674
v  -0.2791 66.1561 23.4474
v  -0.7843 66.1221 23.4474
v  -0.2791 66.1561 20.2674
v  -0.7843 66.1221 20.2674
v  -0.2711 66.0079 23.4474
v  -0.7769 65.9855 23.4474
v  -0.2711 66.0079 20.2674
v  -0.7769 65.9855 20.2674
v  -0.2654 65.8429 23.4474
v  -0.7715 65.8295 23.4474
v  -0.2654 65.8429 20.2674
v  -0.7715 65.8295 20.2674
v  -0.2620 65.6607 23.4474
v  -0.7683 65.6545 23.4474
v  -0.2620 65.6607 20.2674
v  -0.7683 65.6545 20.2674
v  -0.2609 65.4616 23.4474
v  -0.7672 65.4602 23.4474
v  -0.2609 65.4616 20.2674
v  -0.7672 65.4602 20.2674
v  -0.2609 64.0211 23.4474
v  -0.7672 64.0202 23.4474
v  -0.2609 64.0211 20.2674
v  -0.7672 64.0202 20.2674
v  -0.2595 63.6147 23.4474
v  -0.7658 63.6109 23.4474
v  -0.2595 63.6147 20.2674
v  -0.7658 63.6109 20.2674
v  -0.2555 63.2541 23.4474
v  -0.7617 63.2458 23.4474
v  -0.2555 63.2541 20.2674
v  -0.7617 63.2458 20.2674
v  -0.2488 62.9392 23.4474
v  -0.7548 62.9249 23.4474
v  -0.2488 62.9392 20.2674
v  -0.7548 62.9249 20.2674
v  -0.2394 62.6704 23.4474
v  -0.7452 62.6480 23.4474
v  -0.2394 62.6704 20.2674
v  -0.7452 62.6480 20.2674
v  -0.2275 62.4484 23.4474
v  -0.7326 62.4142 23.4474
v  -0.2275 62.4484 20.2674
v  -0.7326 62.4142 20.2674
v  -0.2133 62.2748 23.4474
v  -0.7169 62.2220 23.4474
v  -0.2133 62.2748 20.2674
v  -0.7169 62.2220 20.2674
v  -0.1973 62.1502 23.4474
v  -0.6975 62.0708 23.4474
v  -0.1973 62.1502 20.2674
v  -0.6975 62.0708 20.2674
v  -0.1781 62.0487 23.4474
v  -0.6733 61.9429 23.4474
v  -0.1781 62.0487 20.2674
v  -0.6733 61.9429 20.2674
v  -0.1538 61.9469 23.4474
v  -0.6435 61.8179 23.4474
v  -0.1538 61.9469 20.2674
v  -0.6435 61.8179 20.2674
v  -0.1248 61.8464 23.4474
v  -0.6079 61.6945 23.4474
v  -0.1248 61.8464 20.2674
v  -0.6079 61.6945 20.2674
v  -0.0910 61.7470 23.4474
v  -0.5664 61.5727 23.4474
v  -0.0910 61.7470 20.2674
v  -0.5664 61.5727 20.2674
v  -0.0523 61.6487 23.4474
v  -0.5192 61.4525 23.4474
v  -0.0523 61.6487 20.2674
v  -0.5192 61.4525 20.2674
v  -0.0088 61.5514 23.4474
v  -0.4662 61.3340 23.4474
v  -0.0088 61.5514 20.2674
v  -0.4662 61.3340 20.2674
v  0.2269 61.0831 23.4474
v  -0.5947 61.5893 23.4474
v  0.2269 61.0831 20.2674
v  -0.5947 61.5893 20.2674
v  -1.4597 61.0830 23.4474
v  -1.1368 61.5894 23.4474
v  -1.4597 61.0830 20.2674
v  -1.1368 61.5894 20.2674
v  -1.5773 61.3360 23.4474
v  -1.1120 61.5361 23.4474
v  -1.5773 61.3360 20.2674
v  -1.1120 61.5361 20.2674
v  -1.6240 61.4539 23.4474
v  -1.1481 61.6273 23.4474
v  -1.6240 61.4539 20.2674
v  -1.1481 61.6273 20.2674
v  -1.6647 61.5761 23.4474
v  -1.1802 61.7236 23.4474
v  -1.6647 61.5761 20.2674
v  -1.1802 61.7236 20.2674
v  -1.6996 61.7026 23.4474
v  -1.2082 61.8251 23.4474
v  -1.6996 61.7026 20.2674
v  -1.2082 61.8251 20.2674
v  -1.7287 61.8333 23.4474
v  -1.2320 61.9318 23.4474
v  -1.7287 61.8333 20.2674
v  -1.2320 61.9318 20.2674
v  -1.7522 61.9681 23.4474
v  -1.2515 62.0439 23.4474
v  -1.7522 61.9681 20.2674
v  -1.2515 62.0439 20.2674
v  -1.7141 64.2351 23.4474
v  -1.8487 64.1853 23.4474
v  -1.3806 64.8982 23.4474
v  -1.8774 64.7145 23.4474
v  -1.7141 64.2351 20.2674
v  -1.8487 64.1853 20.2674
v  -1.8774 64.7145 20.2674
v  -1.3806 64.8982 20.2674
v  -1.9307 64.1675 23.4474
v  -2.0713 64.6540 23.4474
v  -1.9307 64.1675 20.2674
v  -2.0713 64.6540 20.2674
v  -2.1695 64.1039 23.4474
v  -2.2913 64.5954 23.4474
v  -2.1695 64.1039 20.2674
v  -2.2913 64.5954 20.2674
v  -2.4309 64.0439 23.4474
v  -2.5369 64.5390 23.4474
v  -2.4309 64.0439 20.2674
v  -2.5369 64.5390 20.2674
v  -2.7153 63.9874 23.4474
v  -2.8079 64.4851 23.4474
v  -2.7153 63.9874 20.2674
v  -2.8079 64.4851 20.2674
v  -3.0228 63.9341 23.4474
v  -3.1040 64.4338 23.4474
v  -3.0228 63.9341 20.2674
v  -3.1040 64.4338 20.2674
v  -3.3515 63.8843 23.4474
v  -3.4273 64.3849 23.4474
v  -3.3515 63.8843 20.2674
v  -3.4273 64.3849 20.2674
v  -3.5324 63.8569 23.4474
v  -3.6133 64.3567 23.4474
v  -3.5324 63.8569 20.2674
v  -3.6133 64.3567 20.2674
v  -3.6943 63.8290 23.4474
v  -3.7861 64.3269 23.4474
v  -3.6943 63.8290 20.2674
v  -3.7861 64.3269 20.2674
v  -3.8391 63.8005 23.4474
v  -3.9441 64.2958 23.4474
v  -3.8391 63.8005 20.2674
v  -3.9441 64.2958 20.2674
v  -3.9664 63.7716 23.4474
v  -4.0876 64.2632 23.4474
v  -3.9664 63.7716 20.2674
v  -4.0876 64.2632 20.2674
v  -4.0756 63.7425 23.4474
v  -4.2172 64.2288 23.4474
v  -4.0756 63.7425 20.2674
v  -4.2172 64.2288 20.2674
v  -4.1658 63.7140 23.4474
v  -4.3336 64.1919 23.4474
v  -4.1658 63.7140 20.2674
v  -4.3336 64.1919 20.2674
v  -4.2370 63.6865 23.4474
v  -4.4371 64.1519 23.4474
v  -4.2370 63.6865 20.2674
v  -4.4371 64.1519 20.2674
v  -4.2964 63.6583 23.4474
v  -4.5312 64.1072 23.4474
v  -4.2964 63.6583 20.2674
v  -4.5312 64.1072 20.2674
v  -4.3507 63.6272 23.4474
v  -4.6200 64.0563 23.4474
v  -4.3507 63.6272 20.2674
v  -4.6200 64.0563 20.2674
v  -4.3998 63.5934 23.4474
v  -4.7036 63.9990 23.4474
v  -4.3998 63.5934 20.2674
v  -4.7036 63.9990 20.2674
v  -4.4443 63.5571 23.4474
v  -4.7816 63.9353 23.4474
v  -4.4443 63.5571 20.2674
v  -4.7816 63.9353 20.2674
v  -4.4844 63.5180 23.4474
v  -4.8536 63.8653 23.4474
v  -4.4844 63.5180 20.2674
v  -4.8536 63.8653 20.2674
v  -4.5208 63.4758 23.4474
v  -4.9189 63.7894 23.4474
v  -4.5208 63.4758 20.2674
v  -4.9189 63.7894 20.2674
v  -4.5538 63.4299 23.4474
v  -4.9773 63.7082 23.4474
v  -4.5538 63.4299 20.2674
v  -4.9773 63.7082 20.2674
v  -4.5831 63.3811 23.4474
v  -5.0282 63.6232 23.4474
v  -4.5831 63.3811 20.2674
v  -5.0282 63.6232 20.2674
v  -4.6076 63.3312 23.4474
v  -5.0714 63.5352 23.4474
v  -4.6076 63.3312 20.2674
v  -5.0714 63.5352 20.2674
v  -4.6275 63.2802 23.4474
v  -5.1070 63.4441 23.4474
v  -4.6275 63.2802 20.2674
v  -5.1070 63.4441 20.2674
v  -4.6429 63.2277 23.4474
v  -5.1346 63.3503 23.4474
v  -4.6429 63.2277 20.2674
v  -5.1346 63.3503 20.2674
v  -4.6541 63.1734 23.4474
v  -5.1543 63.2543 23.4474
v  -4.6541 63.1734 20.2674
v  -5.1543 63.2543 20.2674
v  -4.6608 63.1166 23.4474
v  -5.1660 63.1565 23.4474
v  -4.6608 63.1166 20.2674
v  -5.1660 63.1565 20.2674
v  -4.6631 63.0594 23.4474
v  -5.1699 63.0550 23.4474
v  -4.6631 63.0594 20.2674
v  -5.1699 63.0550 20.2674
v  -4.6578 62.9663 23.4474
v  -5.1616 62.9077 23.4474
v  -4.6578 62.9663 20.2674
v  -5.1616 62.9077 20.2674
v  -4.6430 62.8826 23.4474
v  -5.1359 62.7627 23.4474
v  -4.6430 62.8826 20.2674
v  -5.1359 62.7627 20.2674
v  -4.6189 62.8052 23.4474
v  -5.0924 62.6232 23.4474
v  -4.6189 62.8052 20.2674
v  -5.0924 62.6232 20.2674
v  -4.5853 62.7324 23.4474
v  -5.0314 62.4907 23.4474
v  -4.5853 62.7324 20.2674
v  -5.0314 62.4907 20.2674
v  -4.5416 62.6628 23.4474
v  -4.9535 62.3667 23.4474
v  -4.5416 62.6628 20.2674
v  -4.9535 62.3667 20.2674
v  -4.4866 62.5956 23.4474
v  -4.8598 62.2523 23.4474
v  -4.4866 62.5956 20.2674
v  -4.8598 62.2523 20.2674
v  -4.4204 62.5315 23.4474
v  -4.7503 62.1462 23.4474
v  -4.4204 62.5315 20.2674
v  -4.7503 62.1462 20.2674
v  -4.3450 62.4746 23.4474
v  -4.6239 62.0508 23.4474
v  -4.3450 62.4746 20.2674
v  -4.6239 62.0508 20.2674
v  -4.2592 62.4257 23.4474
v  -4.4830 61.9706 23.4474
v  -4.2592 62.4257 20.2674
v  -4.4830 61.9706 20.2674
v  -4.1600 62.3842 23.4474
v  -4.3303 61.9066 23.4474
v  -4.1600 62.3842 20.2674
v  -4.3303 61.9066 20.2674
v  -4.0465 62.3505 23.4474
v  -4.1670 61.8582 23.4474
v  -4.0465 62.3505 20.2674
v  -4.1670 61.8582 20.2674
v  -3.9181 62.3256 23.4474
v  -3.9935 61.8245 23.4474
v  -3.9181 62.3256 20.2674
v  -3.9936 61.8245 20.2674
v  -3.7746 62.3101 23.4474
v  -3.8101 61.8048 23.4474
v  -3.7746 62.3101 20.2674
v  -3.8101 61.8048 20.2674
v  -3.6161 62.3049 23.4474
v  -3.6166 61.7983 23.4474
v  -3.6161 62.3049 20.2674
v  -3.6166 61.7983 20.2674
v  -3.4550 62.3099 23.4474
v  -3.4225 61.8044 23.4474
v  -3.4550 62.3099 20.2674
v  -3.4225 61.8044 20.2674
v  -3.3000 62.3250 23.4474
v  -3.2335 61.8228 23.4474
v  -3.3000 62.3250 20.2674
v  -3.2335 61.8228 20.2674
v  -3.1514 62.3499 23.4474
v  -3.0496 61.8537 23.4474
v  -3.1514 62.3499 20.2674
v  -3.0496 61.8537 20.2674
v  -3.0090 62.3846 23.4474
v  -2.8709 61.8972 23.4474
v  -3.0090 62.3846 20.2674
v  -2.8709 61.8972 20.2674
v  -2.8724 62.4289 23.4474
v  -2.6977 61.9533 23.4474
v  -2.8724 62.4289 20.2674
v  -2.6977 61.9533 20.2674
v  -2.7414 62.4828 23.4474
v  -2.5305 62.0221 23.4474
v  -2.7414 62.4828 20.2674
v  -2.5305 62.0221 20.2674
v  -2.6155 62.5465 23.4474
v  -2.3694 62.1036 23.4474
v  -2.6155 62.5465 20.2674
v  -2.3694 62.1036 20.2674
v  -2.4974 62.6182 23.4474
v  -2.2170 62.1962 23.4474
v  -2.4974 62.6182 20.2674
v  -2.2170 62.1962 20.2674
v  -2.3898 62.6962 23.4474
v  -2.0753 62.2989 23.4474
v  -2.3898 62.6962 20.2674
v  -2.0753 62.2989 20.2674
v  -2.2925 62.7802 23.4474
v  -1.9447 62.4117 23.4474
v  -2.2925 62.7802 20.2674
v  -1.9447 62.4117 20.2674
v  -2.2050 62.8704 23.4474
v  -1.8256 62.5345 23.4474
v  -2.2050 62.8704 20.2674
v  -1.8256 62.5345 20.2674
v  -2.1268 62.9672 23.4474
v  -1.7185 62.6670 23.4474
v  -2.1268 62.9672 20.2674
v  -1.7185 62.6670 20.2674
v  -2.0576 63.0709 23.4474
v  -1.6239 62.8088 23.4474
v  -2.0576 63.0709 20.2674
v  -1.6239 62.8088 20.2674
v  -1.9978 63.1806 23.4474
v  -1.5410 62.9609 23.4474
v  -1.9978 63.1806 20.2674
v  -1.5410 62.9609 20.2674
v  -1.9606 63.2693 23.4474
v  -1.4848 63.0947 23.4474
v  -1.9606 63.2693 20.2674
v  -1.4848 63.0947 20.2674
v  -1.9275 63.3743 23.4474
v  -1.4387 63.2407 23.4474
v  -1.9275 63.3743 20.2674
v  -1.4387 63.2407 20.2674
v  -1.8992 63.4962 23.4474
v  -1.4022 63.3980 23.4474
v  -1.8992 63.4962 20.2674
v  -1.4022 63.3980 20.2674
v  -1.8765 63.6348 23.4474
v  -1.3746 63.5669 23.4474
v  -1.8765 63.6348 20.2674
v  -1.3746 63.5669 20.2674
v  -1.8599 63.7898 23.4474
v  -1.3552 63.7478 23.4474
v  -1.8599 63.7898 20.2674
v  -1.3552 63.7478 20.2674
v  -1.8498 63.9607 23.4474
v  -1.3437 63.9410 23.4474
v  -1.8498 63.9607 20.2674
v  -1.3437 63.9410 20.2674
v  -1.8464 64.1425 23.4474
v  -1.3399 64.1516 23.4474
v  -1.8464 64.1425 20.2674
v  -1.3399 64.1516 20.2674
v  0.8975 67.9866 23.4474
v  0.8975 61.0831 23.4474
v  1.4038 61.5893 23.4474
v  1.4038 67.4804 23.4474
v  0.8975 67.9866 20.2674
v  0.8975 61.0831 20.2674
v  1.4038 67.4804 20.2674
v  1.4038 61.5893 20.2674
v  2.3806 67.9866 23.4474
v  1.8743 67.4804 23.4474
v  2.3806 67.9866 20.2674
v  1.8743 67.4804 20.2674
v  2.3805 67.5695 23.4474
v  1.8743 66.0819 23.4474
v  2.3805 67.5695 20.2674
v  1.8743 66.0819 20.2674
v  2.1511 67.2714 23.4474
v  2.5308 66.9347 23.4474
v  2.1511 67.2714 20.2674
v  2.5308 66.9347 20.2674
v  2.4160 67.5315 23.4474
v  2.7439 67.1439 23.4474
v  2.4160 67.5315 20.2674
v  2.7439 67.1439 20.2674
v  2.7114 67.7459 23.4474
v  2.9775 67.3135 23.4474
v  2.7114 67.7459 20.2674
v  2.9775 67.3135 20.2674
v  3.0354 67.9128 23.4474
v  3.2335 67.4453 23.4474
v  3.0354 67.9128 20.2674
v  3.2335 67.4453 20.2674
v  3.3857 68.0312 23.4474
v  3.5141 67.5402 23.4474
v  3.3857 68.0312 20.2674
v  3.5141 67.5402 20.2674
v  3.7600 68.1015 23.4474
v  3.8217 67.5980 23.4474
v  3.7600 68.1015 20.2674
v  3.8217 67.5980 20.2674
v  4.1533 68.1244 23.4474
v  4.1614 67.6177 23.4474
v  4.1533 68.1244 20.2674
v  4.1614 67.6177 20.2674
v  4.3335 68.1197 23.4474
v  4.3068 67.6140 23.4474
v  4.3335 68.1197 20.2674
v  4.3068 67.6140 20.2674
v  4.5064 68.1059 23.4474
v  4.4519 67.6024 23.4474
v  4.5064 68.1059 20.2674
v  4.4519 67.6024 20.2674
v  4.6759 68.0828 23.4474
v  4.5929 67.5831 23.4474
v  4.6759 68.0828 20.2674
v  4.5929 67.5831 20.2674
v  4.8418 68.0503 23.4474
v  4.7298 67.5563 23.4474
v  4.8418 68.0503 20.2674
v  4.7298 67.5563 20.2674
v  5.0041 68.0084 23.4474
v  4.8627 67.5220 23.4474
v  5.0041 68.0084 20.2674
v  4.8627 67.5220 20.2674
v  5.1627 67.9570 23.4474
v  4.9919 67.4802 23.4474
v  5.1627 67.9570 20.2674
v  4.9919 67.4802 20.2674
v  5.3171 67.8963 23.4474
v  5.1175 67.4308 23.4474
v  5.3171 67.8963 20.2674
v  5.1175 67.4308 20.2674
v  5.4646 67.8277 23.4474
v  5.2364 67.3755 23.4474
v  5.4646 67.8277 20.2674
v  5.2364 67.3755 20.2674
v  5.6027 67.7523 23.4474
v  5.3447 67.3164 23.4474
v  5.6027 67.7523 20.2674
v  5.3447 67.3164 20.2674
v  5.7315 67.6699 23.4474
v  5.4425 67.2538 23.4474
v  5.7315 67.6699 20.2674
v  5.4425 67.2538 20.2674
v  5.8508 67.5801 23.4474
v  5.5300 67.1880 23.4474
v  5.8508 67.5801 20.2674
v  5.5300 67.1880 20.2674
v  5.9602 67.4828 23.4474
v  5.6075 67.1190 23.4474
v  5.9602 67.4828 20.2674
v  5.6075 67.1190 20.2674
v  6.0593 67.3781 23.4474
v  5.6755 67.0471 23.4474
v  6.0593 67.3781 20.2674
v  5.6755 67.0471 20.2674
v  6.1463 67.2674 23.4474
v  5.7357 66.9704 23.4474
v  6.1463 67.2674 20.2674
v  5.7357 66.9704 20.2674
v  6.2220 67.1533 23.4474
v  5.7913 66.8867 23.4474
v  6.2220 67.1533 20.2674
v  5.7913 66.8867 20.2674
v  6.2899 67.0353 23.4474
v  5.8431 66.7967 23.4474
v  6.2899 67.0353 20.2674
v  5.8431 66.7967 20.2674
v  6.3508 66.9120 23.4474
v  5.8900 66.7016 23.4474
v  6.3508 66.9120 20.2674
v  5.8900 66.7016 20.2674
v  6.4047 66.7837 23.4474
v  5.9322 66.6013 23.4474
v  6.4047 66.7837 20.2674
v  5.9322 66.6013 20.2674
v  6.4517 66.6505 23.4474
v  5.9695 66.4955 23.4474
v  6.4517 66.6505 20.2674
v  5.9695 66.4955 20.2674
v  6.4918 66.5126 23.4474
v  6.0019 66.3841 23.4474
v  6.4918 66.5126 20.2674
v  6.0019 66.3841 20.2674
v  6.5256 66.3684 23.4474
v  6.0289 66.2689 23.4474
v  6.5256 66.3684 20.2674
v  6.0289 66.2689 20.2674
v  6.5439 66.2592 23.4474
v  6.0425 66.1876 23.4474
v  6.5439 66.2592 20.2674
v  6.0425 66.1876 20.2674
v  6.5586 66.1353 23.4474
v  6.0548 66.0844 23.4474
v  6.5586 66.1353 20.2674
v  6.0548 66.0844 20.2674
v  6.5702 65.9955 23.4474
v  6.0651 65.9601 23.4474
v  6.5702 65.9955 20.2674
v  6.0651 65.9601 20.2674
v  6.5791 65.8391 23.4474
v  6.0734 65.8156 23.4474
v  6.5791 65.8391 20.2674
v  6.0734 65.8156 20.2674
v  6.5854 65.6656 23.4474
v  6.0793 65.6514 23.4474
v  6.5854 65.6656 20.2674
v  6.0793 65.6514 20.2674
v  6.5892 65.4744 23.4474
v  6.0829 65.4680 23.4474
v  6.5892 65.4744 20.2674
v  6.0829 65.4680 20.2674
v  6.5904 65.2663 23.4474
v  6.0841 65.2648 23.4474
v  6.5904 65.2663 20.2674
v  6.0841 65.2648 20.2674
v  6.5904 61.0831 23.4474
v  6.0841 61.5893 23.4474
v  6.5904 61.0831 20.2674
v  6.0841 61.5893 20.2674
v  4.9973 61.0831 23.4474
v  5.5035 61.5893 23.4474
v  4.9973 61.0831 20.2674
v  5.5035 61.5893 20.2674
v  4.9973 65.2240 23.4474
v  5.5035 65.2275 23.4474
v  4.9973 65.2240 20.2674
v  5.5035 65.2275 20.2674
v  4.9948 65.4006 23.4474
v  5.5009 65.4157 23.4474
v  4.9948 65.4006 20.2674
v  5.5009 65.4157 20.2674
v  4.9875 65.5607 23.4474
v  5.4928 65.5932 23.4474
v  4.9875 65.5607 20.2674
v  5.4928 65.5932 20.2674
v  4.9755 65.7056 23.4474
v  5.4791 65.7584 23.4474
v  4.9755 65.7056 20.2674
v  5.4791 65.7584 20.2674
v  4.9591 65.8351 23.4474
v  5.4596 65.9120 23.4474
v  4.9591 65.8351 20.2674
v  5.4596 65.9120 20.2674
v  4.9386 65.9484 23.4474
v  5.4339 66.0543 23.4474
v  4.9386 65.9484 20.2674
v  5.4339 66.0543 20.2674
v  4.9147 66.0452 23.4474
v  5.4014 66.1859 23.4474
v  4.9147 66.0452 20.2674
v  5.4014 66.1859 20.2674
v  4.8881 66.1252 23.4474
v  5.3612 66.3069 23.4474
v  4.8881 66.1252 20.2674
v  5.3612 66.3069 20.2674
v  4.8578 66.1943 23.4474
v  5.3117 66.4199 23.4474
v  4.8578 66.1943 20.2674
v  5.3117 66.4199 20.2674
v  4.8220 66.2584 23.4474
v  5.2518 66.5270 23.4474
v  4.8220 66.2584 20.2674
v  5.2518 66.5270 20.2674
v  4.7803 66.3182 23.4474
v  5.1818 66.6276 23.4474
v  4.7803 66.3182 20.2674
v  5.1818 66.6276 20.2674
v  4.7325 66.3744 23.4474
v  5.1022 66.7212 23.4474
v  4.7325 66.3744 20.2674
v  5.1022 66.7212 20.2674
v  4.6779 66.4272 23.4474
v  5.0133 66.8072 23.4474
v  4.6779 66.4272 20.2674
v  5.0133 66.8072 20.2674
v  4.6160 66.4770 23.4474
v  4.9160 66.8854 23.4474
v  4.6160 66.4770 20.2674
v  4.9160 66.8854 20.2674
v  4.5465 66.5235 23.4474
v  4.8103 66.9562 23.4474
v  4.5465 66.5235 20.2674
v  4.8103 66.9562 20.2674
v  4.4715 66.5650 23.4474
v  4.6976 67.0185 23.4474
v  4.4715 66.5650 20.2674
v  4.6976 67.0185 20.2674
v  4.3927 66.6002 23.4474
v  4.5797 67.0712 23.4474
v  4.3927 66.6002 20.2674
v  4.5797 67.0712 20.2674
v  4.3095 66.6293 23.4474
v  4.4571 67.1140 23.4474
v  4.3095 66.6293 20.2674
v  4.4571 67.1140 20.2674
v  4.2217 66.6521 23.4474
v  4.3302 67.1471 23.4474
v  4.2217 66.6521 20.2674
v  4.3302 67.1471 20.2674
v  4.1288 66.6687 23.4474
v  4.1993 67.1704 23.4474
v  4.1288 66.6687 20.2674
v  4.1993 67.1704 20.2674
v  4.0305 66.6788 23.4474
v  4.0647 67.1843 23.4474
v  4.0305 66.6788 20.2674
v  4.0647 67.1843 20.2674
v  3.9284 66.6822 23.4474
v  3.9250 67.1889 23.4474
v  3.9284 66.6822 20.2674
v  3.9250 67.1889 20.2674
v  3.7578 66.6743 23.4474
v  3.7095 67.1789 23.4474
v  3.7578 66.6743 20.2674
v  3.7095 67.1789 20.2674
v  3.5977 66.6510 23.4474
v  3.4991 67.1483 23.4474
v  3.5977 66.6510 20.2674
v  3.4991 67.1483 20.2674
v  3.4459 66.6127 23.4474
v  3.2957 67.0970 23.4474
v  3.4459 66.6127 20.2674
v  3.2957 67.0970 20.2674
v  3.3015 66.5593 23.4474
v  3.1004 67.0247 23.4474
v  3.3015 66.5593 20.2674
v  3.1004 67.0247 20.2674
v  3.1637 66.4907 23.4474
v  2.9139 66.9319 23.4474
v  3.1637 66.4907 20.2674
v  2.9139 66.9319 20.2674
v  3.0316 66.4064 23.4474
v  2.7371 66.8190 23.4474
v  3.0316 66.4064 20.2674
v  2.7371 66.8190 20.2674
v  2.9096 66.3094 23.4474
v  2.5655 66.6827 23.4474
v  2.9096 66.3094 20.2674
v  2.5655 66.6827 20.2674
v  2.8052 66.1980 23.4474
v  2.4046 66.5108 23.4474
v  2.8052 66.1980 20.2674
v  2.4046 66.5108 20.2674
v  2.7159 66.0596 23.4474
v  2.2694 66.3014 23.4474
v  2.7159 66.0596 20.2674
v  2.2694 66.3014 20.2674
v  2.6386 65.8862 23.4474
v  2.1630 66.0627 23.4474
v  2.6386 65.8862 20.2674
v  2.1630 66.0627 20.2674
v  2.5756 65.6762 23.4474
v  2.0831 65.7962 23.4474
v  2.5756 65.6762 20.2674
v  2.0831 65.7962 20.2674
v  2.5291 65.4295 23.4474
v  2.0275 65.5020 23.4474
v  2.5291 65.4295 20.2674
v  2.0275 65.5020 20.2674
v  2.5004 65.1465 23.4474
v  1.9949 65.1797 23.4474
v  2.5004 65.1465 20.2674
v  1.9949 65.1797 20.2674
v  2.4906 64.8244 23.4474
v  1.9843 64.8321 23.4474
v  2.4906 64.8244 20.2674
v  1.9843 64.8321 20.2674
v  2.4906 61.0831 23.4474
v  1.9843 61.5893 23.4474
v  2.4906 61.0831 20.2674
v  1.9843 61.5893 20.2674
v  7.7548 70.4080 23.4474
v  7.7548 61.0831 23.4474
v  8.2611 61.5893 23.4474
v  8.2611 69.9017 23.4474
v  7.7548 70.4080 20.2674
v  7.7548 61.0831 20.2674
v  8.2611 69.9017 20.2674
v  8.2611 61.5893 20.2674
v  9.3479 70.4080 23.4474
v  8.8417 69.9017 23.4474
v  9.3479 70.4080 20.2674
v  8.8417 69.9017 20.2674
v  9.3479 65.7614 23.4474
v  8.8417 64.5284 23.4474
v  9.3479 65.7614 20.2674
v  8.8417 64.5284 20.2674
v  11.5460 67.9866 23.4474
v  11.7576 67.4804 23.4474
v  11.5460 67.9866 20.2674
v  11.7576 67.4804 20.2674
v  13.6733 67.9866 23.4474
v  12.4287 67.4803 23.4474
v  13.6733 67.9866 20.2674
v  12.4287 67.4803 20.2674
v  10.9407 65.3227 23.4474
v  10.2859 65.3915 23.4474
v  10.9407 65.3227 20.2674
v  10.2859 65.3915 20.2674
v  13.7721 61.0831 23.4474
v  12.8252 61.5893 23.4474
v  13.7721 61.0831 20.2674
v  12.8252 61.5893 20.2674
v  11.8273 61.0831 23.4474
v  12.1026 61.5893 23.4474
v  11.8273 61.0831 20.2674
v  12.1026 61.5893 20.2674
v  9.8011 64.2119 23.4474
v  9.8902 65.0057 23.4474
v  9.8011 64.2119 20.2674
v  9.8902 65.0057 20.2674
v  9.3479 63.7701 23.4474
v  8.8417 63.9836 23.4474
v  9.3479 63.7701 20.2674
v  8.8417 63.9836 20.2674
v  9.3479 61.0831 23.4474
v  8.8417 61.5893 23.4474
v  9.3479 61.0831 20.2674
v  8.8417 61.5893 20.2674
# 2334 vertices

vn 0.0000 -1.0000 -0.0000
vn 0.0000 1.0000 -0.0000
vn 1.0000 0.0000 -0.0000
vn -0.0000 0.0000 -1.0000
vn -1.0000 0.0000 0.0000
vn 0.0000 0.0000 1.0000
vn 0.7201 0.0000 -0.6938
vn -0.7201 0.0000 0.6938
vn -0.7201 0.0000 -0.6938
vn 0.7201 0.0000 0.6938
vn -0.7206 -0.0000 0.6934
vn 0.7206 0.0000 -0.6934
vn -0.7206 0.0000 -0.6934
vn 0.0000 1.0000 0.0000
vn 0.7206 -0.0000 0.6934
vn -0.7206 0.0000 0.6934
vn 0.7206 -0.0000 -0.6934
vn 0.7206 0.0000 0.6934
vn -0.7206 -0.0000 -0.6934
vn 0.9997 0.0000 0.0225
vn 0.9997 0.0000 -0.0225
vn 0.0217 0.0000 -0.9998
vn -0.0217 0.0000 -0.9998
vn -0.9997 0.0000 -0.0225
vn -0.9997 0.0000 0.0225
vn -0.0217 0.0000 0.9998
vn 0.0217 0.0000 0.9998
vn 0.0000 -0.0000 1.0000
vn -0.0000 -0.0000 1.0000
vn -0.0000 0.0000 1.0000
vn -1.0000 -0.0000 0.0000
vn 1.0000 -0.0000 -0.0000
vn -0.0000 -0.0000 -1.0000
vn 0.0000 0.0000 -1.0000
vn 0.0000 -0.0000 -1.0000
vn 0.0195 0.9998 -0.0000
vn -0.0195 -0.9998 0.0000
vn 0.0621 0.9981 -0.0000
vn -0.0620 -0.9981 0.0000
vn 0.1097 0.9940 -0.0000
vn -0.1098 -0.9940 0.0000
vn 0.1633 0.9866 -0.0000
vn -0.1633 -0.9866 0.0000
vn 0.2231 0.9748 -0.0000
vn -0.2232 -0.9748 0.0000
vn 0.2898 0.9571 -0.0000
vn -0.2898 -0.9571 0.0000
vn 0.3632 0.9317 -0.0000
vn -0.3633 -0.9317 0.0000
vn 0.4389 0.8985 -0.0000
vn -0.4389 -0.8985 0.0000
vn 0.5123 0.8588 -0.0000
vn -0.5123 -0.8588 0.0000
vn 0.5845 0.8114 -0.0000
vn -0.5845 -0.8114 0.0000
vn 0.6536 0.7568 -0.0000
vn -0.6536 -0.7568 0.0000
vn 0.7181 0.6960 -0.0000
vn -0.7181 -0.6960 0.0000
vn 0.7763 0.6304 -0.0000
vn -0.7763 -0.6304 0.0000
vn 0.8272 0.5618 -0.0000
vn -0.8272 -0.5619 0.0000
vn 0.8680 0.4966 -0.0000
vn -0.8680 -0.4966 0.0000
vn 0.9023 0.4311 -0.0000
vn -0.9023 -0.4311 0.0000
vn 0.9329 0.3601 -0.0000
vn -0.9329 -0.3601 0.0000
vn 0.9588 0.2842 -0.0000
vn -0.9588 -0.2842 0.0000
vn 0.9788 0.2047 -0.0000
vn -0.9788 -0.2047 0.0000
vn 0.9924 0.1230 -0.0000
vn -0.9924 -0.1230 0.0000
vn 0.9992 0.0408 -0.0000
vn -0.9992 -0.0408 0.0000
vn 0.9992 -0.0388 -0.0000
vn -0.9992 0.0388 0.0000
vn 0.9930 -0.1177 -0.0000
vn -0.9930 0.1177 0.0000
vn 0.9804 -0.1971 -0.0000
vn -0.9804 0.1971 0.0000
vn 0.9613 -0.2754 -0.0000
vn -0.9613 0.2754 0.0000
vn 0.9364 -0.3511 -0.0000
vn -0.9364 0.3511 0.0000
vn 0.9062 -0.4229 -0.0000
vn -0.9062 0.4229 0.0000
vn 0.8718 -0.4899 -0.0000
vn -0.8718 0.4899 0.0000
vn 0.8293 -0.5588 -0.0000
vn -0.8293 0.5588 0.0000
vn 0.7766 -0.6300 -0.0000
vn -0.7766 0.6300 0.0000
vn 0.7191 -0.6949 -0.0000
vn -0.7192 0.6948 0.0000
vn 0.6587 -0.7524 -0.0000
vn -0.6587 0.7524 0.0000
vn 0.5968 -0.8024 -0.0000
vn -0.5968 0.8024 0.0000
vn 0.5352 -0.8447 -0.0000
vn -0.5352 0.8447 0.0000
vn -0.4752 0.8799 0.0000
vn -0.3177 -0.9482 0.0000
vn -0.3178 -0.9482 0.0000
vn 0.3917 0.9201 -0.0000
vn -0.3917 -0.9201 0.0000
vn 0.4686 0.8834 -0.0000
vn -0.4687 -0.8834 0.0000
vn 0.5469 0.8372 -0.0000
vn -0.5469 -0.8372 0.0000
vn 0.6243 0.7812 -0.0000
vn -0.6243 -0.7812 0.0000
vn 0.6982 0.7159 -0.0000
vn -0.6982 -0.7159 0.0000
vn 0.7662 0.6426 -0.0000
vn -0.7662 -0.6426 0.0000
vn 0.8248 0.5654 -0.0000
vn -0.8249 -0.5654 0.0000
vn 0.8754 0.4833 -0.0000
vn -0.8754 -0.4834 0.0000
vn 0.9183 0.3959 -0.0000
vn -0.9183 -0.3959 0.0000
vn 0.9523 0.3053 -0.0000
vn -0.9523 -0.3053 0.0000
vn 0.9768 0.2143 -0.0000
vn -0.9768 -0.2143 0.0000
vn 0.9921 0.1253 -0.0000
vn -0.9921 -0.1253 0.0000
vn 0.9992 0.0404 -0.0000
vn -0.9992 -0.0405 0.0000
vn 0.9995 -0.0304 -0.0000
vn -0.9995 0.0304 0.0000
vn 0.9957 -0.0927 -0.0000
vn -0.9957 0.0927 0.0000
vn 0.9877 -0.1565 -0.0000
vn -0.9877 0.1565 0.0000
vn 0.9753 -0.2211 -0.0000
vn -0.9753 0.2210 0.0000
vn 0.9584 -0.2855 -0.0000
vn -0.9584 0.2855 0.0000
vn 0.9371 -0.3489 -0.0000
vn -0.9372 0.3489 0.0000
vn 0.9119 -0.4105 -0.0000
vn -0.9119 0.4105 0.0000
vn 0.8857 -0.4643 -0.0000
vn -0.8857 0.4643 0.0000
vn 0.8579 -0.5138 -0.0000
vn -0.8579 0.5138 0.0000
vn 0.8250 -0.5652 -0.0000
vn -0.8250 0.5652 0.0000
vn 0.7862 -0.6180 -0.0000
vn -0.7862 0.6180 0.0000
vn 0.7412 -0.6713 -0.0000
vn -0.7412 0.6713 0.0000
vn 0.6897 -0.7241 -0.0000
vn -0.6897 0.7241 0.0000
vn 0.6319 -0.7751 -0.0000
vn -0.6319 0.7751 0.0000
vn 0.5733 -0.8193 -0.0000
vn 0.5733 -0.8194 -0.0000
vn -0.5733 0.8193 0.0000
vn 0.5186 -0.8550 -0.0000
vn -0.5186 0.8550 0.0000
vn 0.4647 -0.8855 -0.0000
vn -0.4647 0.8855 0.0000
vn 0.4123 -0.9110 -0.0000
vn -0.4123 0.9110 0.0000
vn 0.3619 -0.9322 -0.0000
vn -0.3619 0.9322 0.0000
vn 0.3138 -0.9495 -0.0000
vn -0.3138 0.9495 0.0000
vn 0.2683 -0.9633 -0.0000
vn -0.2683 0.9633 0.0000
vn 0.2231 -0.9748 -0.0000
vn -0.2231 0.9748 0.0000
vn 0.1793 -0.9838 -0.0000
vn -0.1793 0.9838 0.0000
vn 0.1395 -0.9902 -0.0000
vn -0.1395 0.9902 0.0000
vn 0.1033 -0.9947 -0.0000
vn -0.1033 0.9947 0.0000
vn 0.0703 -0.9975 -0.0000
vn -0.0703 0.9975 0.0000
vn 0.0402 -0.9992 -0.0000
vn -0.0402 0.9992 0.0000
vn 0.0128 -0.9999 -0.0000
vn -0.0128 0.9999 0.0000
vn -0.0098 1.0000 0.0000
vn -0.0098 1.0000 -0.0000
vn 0.0098 -1.0000 -0.0000
vn 0.0098 -1.0000 0.0000
vn -0.0321 0.9995 -0.0000
vn -0.0321 0.9995 0.0000
vn 0.0321 -0.9995 0.0000
vn 0.0321 -0.9995 -0.0000
vn -0.0588 0.9983 0.0000
vn 0.0588 -0.9983 -0.0000
vn -0.0914 0.9958 0.0000
vn 0.0914 -0.9958 -0.0000
vn -0.1319 0.9913 0.0000
vn 0.1318 -0.9913 -0.0000
vn -0.1830 0.9831 0.0000
vn 0.1830 -0.9831 -0.0000
vn -0.2493 0.9684 0.0000
vn 0.2494 -0.9684 -0.0000
vn -0.3190 0.9478 0.0000
vn 0.3190 -0.9478 -0.0000
vn -0.3916 0.9202 0.0000
vn 0.3916 -0.9201 -0.0000
vn -0.4682 0.8836 0.0000
vn 0.4682 -0.8836 -0.0000
vn -0.5472 0.8370 0.0000
vn 0.5471 -0.8370 -0.0000
vn -0.6262 0.7797 0.0000
vn 0.6262 -0.7797 -0.0000
vn -0.7024 0.7118 0.0000
vn 0.7024 -0.7118 -0.0000
vn -0.7729 0.6345 0.0000
vn 0.7730 -0.6344 -0.0000
vn -0.8347 0.5506 0.0000
vn 0.8347 -0.5507 -0.0000
vn -0.8867 0.4624 0.0000
vn 0.8867 -0.4624 -0.0000
vn -0.9284 0.3717 0.0000
vn 0.9283 -0.3718 -0.0000
vn -0.9596 0.2815 0.0000
vn 0.9596 -0.2815 -0.0000
vn -0.9810 0.1942 0.0000
vn 0.9809 -0.1943 -0.0000
vn -0.9937 0.1119 0.0000
vn 0.9937 -0.1120 -0.0000
vn -0.9994 0.0357 0.0000
vn 0.9994 -0.0357 -0.0000
vn -0.9994 -0.0349 0.0000
vn 0.9994 0.0349 -0.0000
vn -0.9942 -0.1078 0.0000
vn 0.9942 0.1078 -0.0000
vn -0.9829 -0.1842 0.0000
vn 0.9829 0.1842 -0.0000
vn -0.9648 -0.2630 0.0000
vn 0.9648 0.2630 -0.0000
vn -0.9395 -0.3427 0.0000
vn 0.9395 0.3426 -0.0000
vn -0.9069 -0.4214 0.0000
vn 0.9069 0.4214 -0.0000
vn -0.8675 -0.4974 0.0000
vn 0.8676 0.4973 -0.0000
vn -0.8186 -0.5743 0.0000
vn 0.8186 0.5744 -0.0000
vn -0.7567 -0.6538 0.0000
vn 0.7566 0.6539 -0.0000
vn -0.6847 -0.7288 0.0000
vn 0.6847 0.7289 -0.0000
vn -0.6045 -0.7966 0.0000
vn 0.6046 0.7966 -0.0000
vn -0.5189 -0.8548 0.0000
vn 0.5189 0.8548 -0.0000
vn -0.4308 -0.9025 0.0000
vn 0.4308 0.9024 -0.0000
vn -0.3432 -0.9393 0.0000
vn 0.3431 0.9393 -0.0000
vn -0.2564 -0.9666 0.0000
vn 0.2564 0.9666 -0.0000
vn -0.1861 -0.9825 0.0000
vn 0.1860 0.9825 -0.0000
vn -0.1328 -0.9911 0.0000
vn 0.1328 0.9911 -0.0000
vn -0.0914 -0.9958 0.0000
vn 0.0914 0.9958 -0.0000
vn -0.0585 -0.9983 0.0000
vn 0.0585 0.9983 -0.0000
vn -0.0318 -0.9995 0.0000
vn 0.0317 0.9995 -0.0000
vn -0.0096 -1.0000 0.0000
vn 0.0097 1.0000 -0.0000
vn -0.0056 1.0000 0.0000
vn 0.0056 -1.0000 -0.0000
vn -0.0183 0.9998 0.0000
vn 0.0183 -0.9998 -0.0000
vn -0.0338 0.9994 0.0000
vn 0.0338 -0.9994 -0.0000
vn -0.0530 0.9986 0.0000
vn 0.0530 -0.9986 -0.0000
vn -0.0775 0.9970 0.0000
vn -0.0774 0.9970 0.0000
vn 0.0775 -0.9970 -0.0000
vn -0.1095 0.9940 0.0000
vn 0.1095 -0.9940 -0.0000
vn -0.1531 0.9882 0.0000
vn 0.1531 -0.9882 -0.0000
vn -0.1967 0.9805 0.0000
vn 0.1967 -0.9805 -0.0000
vn -0.2402 0.9707 0.0000
vn 0.2402 -0.9707 -0.0000
vn -0.2866 0.9580 0.0000
vn -0.2866 0.9581 0.0000
vn 0.2866 -0.9580 -0.0000
vn -0.3360 0.9419 0.0000
vn 0.3360 -0.9419 -0.0000
vn -0.3882 0.9216 0.0000
vn 0.3882 -0.9216 -0.0000
vn -0.4427 0.8966 0.0000
vn 0.4427 -0.8967 -0.0000
vn -0.4992 0.8665 0.0000
vn 0.4992 -0.8665 -0.0000
vn -0.5619 0.8272 0.0000
vn 0.5619 -0.8272 -0.0000
vn -0.6267 0.7792 0.0000
vn 0.6267 -0.7792 -0.0000
vn -0.6864 0.7273 0.0000
vn 0.6864 -0.7272 -0.0000
vn -0.7401 0.6725 0.0000
vn 0.7401 -0.6725 -0.0000
vn -0.7875 0.6163 0.0000
vn 0.7875 -0.6163 -0.0000
vn -0.8287 0.5597 0.0000
vn 0.8287 -0.5598 -0.0000
vn -0.8637 0.5040 0.0000
vn 0.8637 -0.5040 -0.0000
vn -0.8970 0.4420 0.0000
vn 0.8970 -0.4420 -0.0000
vn -0.9286 0.3711 0.0000
vn 0.9286 -0.3711 -0.0000
vn -0.9541 0.2996 0.0000
vn 0.9541 -0.2996 -0.0000
vn -0.9735 0.2287 0.0000
vn 0.9735 -0.2287 -0.0000
vn -0.9872 0.1595 0.0000
vn 0.9872 -0.1595 -0.0000
vn -0.9957 0.0931 0.0000
vn 0.9957 -0.0931 -0.0000
vn -0.9995 0.0301 0.0000
vn 0.9995 -0.0301 -0.0000
vn -0.9993 -0.0376 0.0000
vn 0.9993 0.0376 -0.0000
vn -0.9932 -0.1167 0.0000
vn 0.9932 0.1166 -0.0000
vn -0.9799 -0.1997 0.0000
vn 0.9799 0.1997 -0.0000
vn -0.9584 -0.2853 0.0000
vn 0.9584 0.2853 -0.0000
vn -0.9285 -0.3714 0.0000
vn 0.9285 0.3714 -0.0000
vn -0.8902 -0.4556 0.0000
vn 0.8901 0.4557 -0.0000
vn -0.8442 -0.5360 0.0000
vn 0.8442 0.5361 -0.0000
vn -0.7916 -0.6110 0.0000
vn 0.7916 0.6110 -0.0000
vn -0.7310 -0.6824 0.0000
vn 0.7309 0.6825 -0.0000
vn -0.6625 -0.7490 0.0000
vn 0.6625 0.7490 -0.0000
vn -0.5881 -0.8088 0.0000
vn 0.5882 0.8087 -0.0000
vn -0.5100 -0.8602 0.0000
vn 0.5100 0.8602 -0.0000
vn -0.4303 -0.9027 0.0000
vn 0.4302 0.9027 -0.0000
vn -0.3512 -0.9363 0.0000
vn 0.3512 0.9363 -0.0000
vn -0.2763 -0.9611 0.0000
vn 0.2763 0.9611 -0.0000
vn -0.2126 -0.9771 0.0000
vn 0.2126 0.9771 -0.0000
vn -0.1589 -0.9873 0.0000
vn 0.1590 0.9873 -0.0000
vn -0.1135 -0.9935 0.0000
vn 0.1136 0.9935 -0.0000
vn -0.0749 -0.9972 0.0000
vn 0.0749 0.9972 -0.0000
vn -0.0417 -0.9991 0.0000
vn 0.0417 0.9991 -0.0000
vn -0.0130 -0.9999 0.0000
vn 0.0129 0.9999 -0.0000
vn -0.6406 0.7679 -0.0000
vn -0.6406 0.7679 0.0000
vn 0.6085 -0.7935 0.0000
vn -0.6085 0.7935 -0.0000
vn 0.5726 -0.8198 0.0000
vn -0.5726 0.8198 -0.0000
vn 0.5324 -0.8465 0.0000
vn 0.5324 -0.8465 -0.0000
vn -0.5324 0.8465 -0.0000
vn -0.5324 0.8465 0.0000
vn 0.4874 -0.8732 -0.0000
vn 0.4874 -0.8732 0.0000
vn -0.4874 0.8732 0.0000
vn 0.4375 -0.8992 0.0000
vn 0.4375 -0.8992 -0.0000
vn -0.4375 0.8992 0.0000
vn 0.3823 -0.9240 -0.0000
vn -0.3823 0.9240 0.0000
vn 0.3273 -0.9449 -0.0000
vn -0.3273 0.9449 0.0000
vn 0.2760 -0.9612 -0.0000
vn -0.2760 0.9612 0.0000
vn 0.2244 -0.9745 -0.0000
vn -0.2244 0.9745 0.0000
vn 0.1730 -0.9849 -0.0000
vn -0.1729 0.9849 0.0000
vn 0.1221 -0.9925 -0.0000
vn -0.1221 0.9925 0.0000
vn 0.0722 -0.9974 -0.0000
vn -0.0723 0.9974 0.0000
vn 0.0237 -0.9997 -0.0000
vn -0.0237 0.9997 0.0000
vn -0.0358 -0.9994 0.0000
vn 0.0358 0.9994 -0.0000
vn -0.1146 -0.9934 0.0000
vn 0.1146 0.9934 -0.0000
vn -0.2031 -0.9792 0.0000
vn -0.2031 -0.9792 -0.0000
vn 0.2031 0.9792 -0.0000
vn -0.3008 -0.9537 -0.0000
vn -0.3008 -0.9537 0.0000
vn 0.3008 0.9537 -0.0000
vn -0.4055 -0.9141 0.0000
vn 0.4055 0.9141 -0.0000
vn -0.5136 -0.8580 0.0000
vn 0.5136 0.8580 -0.0000
vn -0.6196 -0.7849 0.0000
vn 0.6196 0.7849 -0.0000
vn -0.7108 -0.7034 0.0000
vn 0.7108 0.7034 -0.0000
vn -0.7893 -0.6140 0.0000
vn 0.7893 0.6141 -0.0000
vn -0.8596 -0.5109 0.0000
vn 0.8596 0.5109 -0.0000
vn -0.9175 -0.3978 0.0000
vn 0.9175 0.3978 -0.0000
vn -0.9600 -0.2799 0.0000
vn 0.9600 0.2799 -0.0000
vn -0.9866 -0.1631 0.0000
vn 0.9866 0.1631 -0.0000
vn -0.9986 -0.0521 0.0000
vn 0.9986 0.0521 -0.0000
vn -0.9994 0.0332 0.0000
vn 0.9995 -0.0332 -0.0000
vn -0.9948 0.1016 0.0000
vn 0.9948 -0.1016 -0.0000
vn -0.9851 0.1721 0.0000
vn 0.9851 -0.1721 -0.0000
vn -0.9699 0.2437 0.0000
vn 0.9699 -0.2437 -0.0000
vn -0.9491 0.3151 0.0000
vn 0.9491 -0.3151 -0.0000
vn -0.9229 0.3852 0.0000
vn 0.9228 -0.3852 -0.0000
vn -0.8916 0.4528 0.0000
vn 0.8916 -0.4528 -0.0000
vn -0.8589 0.5122 0.0000
vn 0.8588 -0.5122 -0.0000
vn -0.8243 0.5661 0.0000
vn 0.8243 -0.5662 -0.0000
vn -0.7850 0.6195 0.0000
vn 0.7850 -0.6195 -0.0000
vn -0.7411 0.6714 0.0000
vn 0.7411 -0.6714 -0.0000
vn -0.6931 0.7209 0.0000
vn 0.6931 -0.7209 -0.0000
vn -0.6413 0.7673 0.0000
vn 0.6413 -0.7673 -0.0000
vn -0.5866 0.8099 0.0000
vn 0.5866 -0.8099 -0.0000
vn -0.5379 0.8430 0.0000
vn 0.5379 -0.8430 -0.0000
vn -0.4964 0.8681 0.0000
vn 0.4964 -0.8681 -0.0000
vn -0.4543 0.8909 0.0000
vn 0.4542 -0.8909 -0.0000
vn -0.4118 0.9113 0.0000
vn 0.4119 -0.9113 -0.0000
vn -0.3694 0.9293 0.0000
vn 0.3694 -0.9293 -0.0000
vn -0.3274 0.9449 0.0000
vn 0.3274 -0.9449 -0.0000
vn -0.2859 0.9583 0.0000
vn 0.2859 -0.9582 -0.0000
vn -0.2363 0.9717 0.0000
vn 0.2363 -0.9717 -0.0000
vn -0.2073 0.9783 0.0000
vn 0.2072 -0.9783 -0.0000
vn -0.1840 0.9829 0.0000
vn 0.1841 -0.9829 -0.0000
vn -0.1651 0.9863 0.0000
vn -0.1651 0.9863 -0.0000
vn 0.1650 -0.9863 -0.0000
vn 0.1650 -0.9863 0.0000
vn -0.1493 0.9888 -0.0000
vn -0.1493 0.9888 0.0000
vn 0.1493 -0.9888 0.0000
vn 0.1493 -0.9888 -0.0000
vn -0.1360 0.9907 0.0000
vn -0.1360 0.9907 -0.0000
vn 0.1360 -0.9907 -0.0000
vn 0.1360 -0.9907 0.0000
vn -0.1246 0.9922 -0.0000
vn -0.1246 0.9922 0.0000
vn 0.1246 -0.9922 0.0000
vn 0.1246 -0.9922 -0.0000
vn -0.1253 0.9921 0.0000
vn 0.1253 -0.9921 -0.0000
vn -0.1429 0.9897 0.0000
vn 0.1429 -0.9897 -0.0000
vn -0.1635 0.9865 0.0000
vn 0.1635 -0.9865 -0.0000
vn -0.1882 0.9821 0.0000
vn -0.1882 0.9821 -0.0000
vn 0.1881 -0.9821 -0.0000
vn 0.1881 -0.9821 0.0000
vn -0.2179 0.9760 -0.0000
vn 0.2179 -0.9760 0.0000
vn -0.2545 0.9671 -0.0000
vn 0.2545 -0.9671 0.0000
vn -0.3002 0.9539 -0.0000
vn 0.3003 -0.9539 0.0000
vn -0.9998 0.0213 -0.0000
vn 0.9998 -0.0213 0.0000
vn -0.9994 -0.0348 -0.0000
vn 0.9994 0.0348 0.0000
vn -0.9935 -0.1139 -0.0000
vn 0.9935 0.1139 0.0000
vn -0.9783 -0.2070 -0.0000
vn 0.9783 0.2070 0.0000
vn -0.9491 -0.3148 -0.0000
vn 0.9491 0.3149 0.0000
vn -0.8999 -0.4361 -0.0000
vn 0.8999 0.4361 0.0000
vn -0.8247 -0.5655 -0.0000
vn 0.8248 0.5655 0.0000
vn -0.7207 -0.6933 -0.0000
vn 0.7207 0.6933 0.0000
vn -0.6057 -0.7957 -0.0000
vn 0.6057 0.7957 0.0000
vn -0.4953 -0.8687 -0.0000
vn 0.4953 0.8687 0.0000
vn -0.3860 -0.9225 -0.0000
vn -0.3860 -0.9225 0.0000
vn 0.3860 0.9225 0.0000
vn -0.2831 -0.9591 0.0000
vn 0.2830 0.9591 0.0000
vn 0.2830 0.9591 -0.0000
vn -0.1893 -0.9819 0.0000
vn 0.1892 0.9819 -0.0000
vn -0.1060 -0.9944 0.0000
vn 0.1059 0.9944 -0.0000
vn -0.0329 -0.9995 0.0000
vn 0.0329 0.9995 -0.0000
vn 0.0257 -0.9997 -0.0000
vn -0.0257 0.9997 0.0000
vn 0.0833 -0.9965 -0.0000
vn -0.0833 0.9965 0.0000
vn 0.1504 -0.9886 -0.0000
vn -0.1503 0.9886 0.0000
vn 0.2283 -0.9736 -0.0000
vn -0.2283 0.9736 0.0000
vn 0.3180 -0.9481 -0.0000
vn -0.3180 0.9481 0.0000
vn 0.4194 -0.9078 -0.0000
vn -0.4195 0.9078 0.0000
vn 0.5303 -0.8478 -0.0000
vn -0.5303 0.8478 0.0000
vn 0.6421 -0.7666 -0.0000
vn -0.6421 0.7666 0.0000
vn 0.7362 -0.6768 -0.0000
vn -0.7362 0.6768 0.0000
vn 0.8105 -0.5858 -0.0000
vn -0.8105 0.5858 0.0000
vn 0.8669 -0.4986 -0.0000
vn -0.8669 0.4986 0.0000
vn 0.9085 -0.4179 -0.0000
vn -0.9085 0.4179 0.0000
vn 0.9385 -0.3453 -0.0000
vn -0.9385 0.3453 0.0000
vn 0.9598 -0.2807 -0.0000
vn 0.9597 -0.2809 -0.0000
vn -0.1288 -0.9917 0.0000
vn 0.1288 0.9917 -0.0000
vn -0.9726 0.2324 0.0000
vn -0.9727 0.2322 0.0000
vn -0.9588 0.2839 0.0000
vn 0.9588 -0.2839 -0.0000
vn -0.9407 0.3392 0.0000
vn 0.9407 -0.3392 -0.0000
vn -0.9174 0.3979 0.0000
vn 0.9174 -0.3979 -0.0000
vn -0.8881 0.4597 0.0000
vn 0.8881 -0.4597 -0.0000
vn -0.8519 0.5237 0.0000
vn 0.8519 -0.5237 -0.0000
vn -0.8082 0.5888 0.0000
vn 0.8083 -0.5888 -0.0000
vn -0.7536 0.6573 0.0000
vn 0.7536 -0.6573 -0.0000
vn -0.6904 0.7234 0.0000
vn 0.6904 -0.7234 -0.0000
vn -0.6244 0.7811 0.0000
vn 0.6243 -0.7811 -0.0000
vn -0.5575 0.8302 0.0000
vn 0.5575 -0.8301 -0.0000
vn -0.4916 0.8708 0.0000
vn 0.4916 -0.8708 -0.0000
vn -0.4279 0.9038 0.0000
vn 0.4279 -0.9038 -0.0000
vn -0.3674 0.9300 0.0000
vn 0.3674 -0.9301 -0.0000
vn -0.3106 0.9505 0.0000
vn -0.3106 0.9505 -0.0000
vn 0.3106 -0.9505 -0.0000
vn -0.2559 0.9667 -0.0000
vn -0.2559 0.9667 0.0000
vn 0.2559 -0.9667 -0.0000
vn -0.2034 0.9791 0.0000
vn 0.2034 -0.9791 -0.0000
vn -0.1535 0.9882 0.0000
vn 0.1534 -0.9882 -0.0000
vn -0.1061 0.9944 0.0000
vn 0.1061 -0.9944 -0.0000
vn -0.0616 0.9981 0.0000
vn 0.0616 -0.9981 -0.0000
vn -0.0198 0.9998 0.0000
vn 0.0199 -0.9998 -0.0000
vn 0.0172 0.9999 -0.0000
vn -0.0172 -0.9999 0.0000
vn 0.0546 0.9985 -0.0000
vn -0.0546 -0.9985 0.0000
vn 0.0964 0.9953 -0.0000
vn 0.0964 0.9953 0.0000
vn -0.0964 -0.9953 0.0000
vn -0.0964 -0.9953 -0.0000
vn 0.1430 0.9897 0.0000
vn -0.1430 -0.9897 -0.0000
vn 0.1951 0.9808 0.0000
vn -0.1951 -0.9808 -0.0000
vn 0.2531 0.9675 0.0000
vn -0.2531 -0.9674 -0.0000
vn 0.3172 0.9484 0.0000
vn -0.3172 -0.9483 -0.0000
vn 0.3753 0.9269 0.0000
vn -0.3752 -0.9269 -0.0000
vn 0.4258 0.9048 0.0000
vn 0.4258 0.9048 -0.0000
vn -0.4258 -0.9048 -0.0000
vn 0.4810 0.8767 -0.0000
vn -0.4809 -0.8768 -0.0000
vn 0.5406 0.8413 -0.0000
vn -0.5406 -0.8413 -0.0000
vn -0.5406 -0.8413 0.0000
vn 0.6041 0.7969 -0.0000
vn 0.6041 0.7969 0.0000
vn -0.6042 -0.7969 0.0000
vn 0.6705 0.7419 0.0000
vn 0.6705 0.7419 -0.0000
vn -0.6705 -0.7419 0.0000
vn 0.7376 0.6752 -0.0000
vn -0.7376 -0.6753 0.0000
vn 0.7951 0.6065 -0.0000
vn -0.7951 -0.6065 0.0000
vn 0.8393 0.5436 -0.0000
vn -0.8394 -0.5436 0.0000
vn 0.8773 0.4799 -0.0000
vn -0.8773 -0.4799 0.0000
vn -0.8773 -0.4799 -0.0000
vn 0.9090 0.4167 -0.0000
vn -0.9090 -0.4167 -0.0000
vn -0.9090 -0.4167 0.0000
vn 0.9349 0.3550 -0.0000
vn -0.9349 -0.3550 0.0000
vn 0.9553 0.2956 -0.0000
vn -0.9553 -0.2956 0.0000
vn -0.9553 -0.2956 -0.0000
vn 0.9710 0.2391 -0.0000
vn -0.9710 -0.2390 -0.0000
vn -0.9710 -0.2390 0.0000
vn 0.9870 0.1610 -0.0000
vn -0.9870 -0.1610 0.0000
vn -0.9870 -0.1610 -0.0000
vn 0.9935 0.1138 -0.0000
vn -0.9935 -0.1138 -0.0000
vn 0.9968 0.0798 -0.0000
vn -0.9968 -0.0798 -0.0000
vn -0.9968 -0.0798 0.0000
vn 0.9985 0.0543 -0.0000
vn -0.9985 -0.0543 0.0000
vn 0.9994 0.0344 -0.0000
vn -0.9994 -0.0344 0.0000
vn 0.9998 0.0186 -0.0000
vn -0.9998 -0.0186 0.0000
vn 1.0000 0.0056 -0.0000
vn -1.0000 -0.0056 0.0000
vn 1.0000 0.0033 -0.0000
vn -1.0000 -0.0033 0.0000
vn 0.9999 0.0112 -0.0000
vn -0.9999 -0.0112 0.0000
vn 0.9998 0.0214 -0.0000
vn -0.9998 -0.0214 0.0000
vn 0.9986 0.0536 -0.0000
vn -0.9986 -0.0536 0.0000
vn -0.9986 -0.0536 -0.0000
vn 0.9967 0.0815 -0.0000
vn -0.9967 -0.0815 -0.0000
vn -0.9967 -0.0815 0.0000
vn 0.9919 0.1272 -0.0000
vn -0.9919 -0.1272 0.0000
vn 0.9826 0.1858 -0.0000
vn -0.9826 -0.1859 0.0000
vn 0.9728 0.2318 -0.0000
vn -0.9728 -0.2318 0.0000
vn 0.9608 0.2774 -0.0000
vn -0.9608 -0.2774 0.0000
vn -0.9608 -0.2774 -0.0000
vn 0.9467 0.3222 -0.0000
vn -0.9467 -0.3222 -0.0000
vn 0.9306 0.3660 -0.0000
vn -0.9306 -0.3660 -0.0000
vn -0.9306 -0.3660 0.0000
vn 0.9128 0.4085 -0.0000
vn -0.9127 -0.4085 0.0000
vn 0.8932 0.4496 -0.0000
vn 0.8932 0.4497 -0.0000
vn 0.0000 -1.0000 0.0000
vn 0.0001 1.0000 -0.0000
vn -0.9068 -0.4215 -0.0000
vn -0.9067 -0.4217 0.0000
vn -0.9297 -0.3683 -0.0000
vn 0.9297 0.3683 -0.0000
vn -0.9487 -0.3163 -0.0000
vn 0.9487 0.3163 -0.0000
vn -0.9640 -0.2659 -0.0000
vn 0.9640 0.2659 -0.0000
vn -0.9760 -0.2176 -0.0000
vn 0.9760 0.2176 -0.0000
vn -0.9852 -0.1714 -0.0000
vn 0.9852 0.1714 -0.0000
vn 0.9852 0.1714 0.0000
vn 0.9918 0.1276 0.0000
vn 0.9918 0.1276 -0.0000
vn -0.3468 0.9379 -0.0000
vn 0.2978 -0.9546 0.0000
vn -0.2978 0.9546 -0.0000
vn 0.2573 -0.9663 0.0000
vn -0.2574 0.9663 -0.0000
vn 0.2236 -0.9747 0.0000
vn 0.2236 -0.9747 -0.0000
vn -0.2236 0.9747 -0.0000
vn -0.2236 0.9747 0.0000
vn 0.1951 -0.9808 -0.0000
vn -0.1951 0.9808 0.0000
vn 0.1707 -0.9853 -0.0000
vn -0.1707 0.9853 0.0000
vn 0.1498 -0.9887 -0.0000
vn -0.1497 0.9887 0.0000
vn 0.1500 -0.9887 -0.0000
vn -0.1500 0.9887 0.0000
vn 0.1696 -0.9855 -0.0000
vn -0.1695 0.9855 0.0000
vn 0.1930 -0.9812 -0.0000
vn -0.1930 0.9812 0.0000
vn 0.2216 -0.9751 -0.0000
vn -0.2217 0.9751 0.0000
vn 0.2571 -0.9664 -0.0000
vn -0.2571 0.9664 0.0000
vn 0.3020 -0.9533 -0.0000
vn -0.3020 0.9533 0.0000
vn 0.3602 -0.9329 -0.0000
vn -0.3602 0.9329 0.0000
vn 0.4293 -0.9032 -0.0000
vn -0.4292 0.9032 0.0000
vn 0.4970 -0.8677 -0.0000
vn -0.4970 0.8678 0.0000
vn 0.5654 -0.8248 -0.0000
vn -0.5654 0.8248 0.0000
vn 0.6328 -0.7743 -0.0000
vn -0.6327 0.7744 0.0000
vn 0.6974 -0.7166 -0.0000
vn -0.6974 0.7166 0.0000
vn 0.7576 -0.6527 -0.0000
vn -0.7577 0.6526 0.0000
vn 0.8120 -0.5837 -0.0000
vn -0.8120 0.5837 0.0000
vn 0.8580 -0.5136 -0.0000
vn -0.8580 0.5136 0.0000
vn 0.8976 -0.4409 -0.0000
vn -0.8975 0.4410 0.0000
vn 0.9316 -0.3634 -0.0000
vn -0.9316 0.3635 0.0000
vn 0.9592 -0.2828 -0.0000
vn -0.9592 0.2828 0.0000
vn 0.9797 -0.2006 -0.0000
vn -0.9797 0.2006 0.0000
vn 0.9929 -0.1187 -0.0000
vn -0.9929 0.1187 0.0000
vn 0.9992 -0.0387 -0.0000
vn 0.9984 0.0561 -0.0000
vn -0.9984 -0.0561 0.0000
vn 0.9846 0.1746 -0.0000
vn -0.9846 -0.1746 0.0000
vn 0.9547 0.2974 -0.0000
vn -0.9548 -0.2974 0.0000
vn 0.9081 0.4187 -0.0000
vn -0.9081 -0.4186 0.0000
vn 0.8466 0.5322 -0.0000
vn -0.8466 -0.5322 0.0000
vn 0.7740 0.6332 -0.0000
vn -0.7741 -0.6331 0.0000
vn 0.6954 0.7186 -0.0000
vn -0.6954 -0.7186 0.0000
vn 0.6028 0.7979 -0.0000
vn 0.6029 0.7978 0.0000
vn -0.6029 -0.7978 0.0000
vn 0.4944 0.8692 0.0000
vn 0.4944 0.8692 -0.0000
vn -0.4944 -0.8692 0.0000
vn 0.3865 0.9223 -0.0000
vn -0.3866 -0.9223 0.0000
vn 0.2843 0.9587 -0.0000
vn 0.2843 0.9587 0.0000
vn -0.2843 -0.9587 0.0000
vn -0.2843 -0.9587 -0.0000
vn 0.1907 0.9817 0.0000
vn 0.1906 0.9817 -0.0000
vn -0.1907 -0.9817 -0.0000
vn -0.1907 -0.9817 0.0000
vn 0.1070 0.9943 -0.0000
vn -0.1070 -0.9943 0.0000
vn 0.0333 0.9994 -0.0000
vn -0.0333 -0.9994 0.0000
vn -0.0314 0.9995 0.0000
vn 0.0314 -0.9995 -0.0000
vn -0.0969 0.9953 0.0000
vn 0.0969 -0.9953 -0.0000
vn -0.1655 0.9862 0.0000
vn 0.1655 -0.9862 -0.0000
vn -0.2364 0.9717 0.0000
vn 0.2364 -0.9717 -0.0000
vn -0.3085 0.9512 0.0000
vn 0.3085 -0.9512 -0.0000
vn -0.3805 0.9248 0.0000
vn 0.3806 -0.9248 -0.0000
vn -0.4512 0.8924 0.0000
vn 0.4512 -0.8924 -0.0000
vn 0.4512 -0.8924 0.0000
vn -0.5192 0.8547 0.0000
vn 0.5192 -0.8547 0.0000
vn -0.5868 0.8098 0.0000
vn -0.5868 0.8098 -0.0000
vn 0.5868 -0.8098 0.0000
vn -0.6536 0.7568 -0.0000
vn 0.6536 -0.7568 0.0000
vn -0.7179 0.6961 -0.0000
vn 0.7179 -0.6961 0.0000
vn -0.7779 0.6284 -0.0000
vn 0.7779 -0.6284 0.0000
vn -0.8317 0.5553 -0.0000
vn 0.8317 -0.5553 0.0000
vn -0.8782 0.4784 -0.0000
vn 0.8782 -0.4784 0.0000
vn -0.9219 0.3874 -0.0000
vn 0.9219 -0.3874 0.0000
vn -0.9537 0.3008 -0.0000
vn 0.9537 -0.3008 0.0000
vn -0.9741 0.2259 -0.0000
vn 0.9741 -0.2259 0.0000
vn -0.9869 0.1616 -0.0000
vn 0.9869 -0.1616 0.0000
vn -0.9943 0.1065 -0.0000
vn 0.9943 -0.1065 0.0000
vn -0.9982 0.0592 -0.0000
vn 0.9982 -0.0592 0.0000
vn -0.9998 0.0183 -0.0000
vn 0.9998 -0.0183 0.0000
vn -0.9985 -0.0542 -0.0000
vn 0.9985 0.0544 0.0000
vn -1.0000 0.0000 -0.0000
vn -1.0000 -0.0000 -0.0000
vn 0.7924 -0.6100 -0.0000
vn 0.7924 -0.6100 0.0000
vn -0.7006 0.7135 0.0000
vn 0.7006 -0.7136 -0.0000
vn -0.5875 0.8092 0.0000
vn 0.5875 -0.8092 -0.0000
vn -0.4578 0.8890 0.0000
vn 0.4578 -0.8890 -0.0000
vn -0.3203 0.9473 0.0000
vn 0.3203 -0.9473 -0.0000
vn -0.1845 0.9828 0.0000
vn 0.1845 -0.9828 -0.0000
vn -0.0581 0.9983 0.0000
vn 0.0581 -0.9983 -0.0000
vn 0.0260 0.9997 -0.0000
vn -0.0260 -0.9997 0.0000
vn 0.0797 0.9968 -0.0000
vn -0.0797 -0.9968 0.0000
vn 0.1351 0.9908 -0.0000
vn -0.1351 -0.9908 0.0000
vn 0.1922 0.9814 -0.0000
vn -0.1922 -0.9814 0.0000
vn 0.2500 0.9682 -0.0000
vn -0.2501 -0.9682 0.0000
vn 0.3081 0.9513 -0.0000
vn -0.3081 -0.9513 0.0000
vn 0.3660 0.9306 -0.0000
vn -0.3660 -0.9306 0.0000
vn 0.4218 0.9067 -0.0000
vn -0.4218 -0.9067 0.0000
vn 0.4789 0.8779 -0.0000
vn -0.4789 -0.8779 0.0000
vn 0.5391 0.8423 -0.0000
vn -0.5390 -0.8423 0.0000
vn 0.6013 0.7990 -0.0000
vn -0.6014 -0.7990 0.0000
vn 0.6644 0.7474 -0.0000
vn -0.6645 -0.7473 0.0000
vn 0.7268 0.6869 -0.0000
vn -0.7267 -0.6869 0.0000
vn 0.7863 0.6178 -0.0000
vn -0.7863 -0.6178 0.0000
vn 0.8329 0.5534 -0.0000
vn -0.8329 -0.5534 0.0000
vn 0.8669 0.4984 -0.0000
vn -0.8669 -0.4984 0.0000
vn 0.8966 0.4429 -0.0000
vn -0.8966 -0.4428 0.0000
vn 0.9219 0.3874 -0.0000
vn -0.9219 -0.3874 0.0000
vn 0.9430 0.3327 -0.0000
vn -0.9430 -0.3328 0.0000
vn 0.9601 0.2795 -0.0000
vn -0.9601 -0.2795 0.0000
vn 0.9737 0.2280 -0.0000
vn -0.9737 -0.2280 0.0000
vn 0.9863 0.1649 -0.0000
vn -0.9863 -0.1649 0.0000
vn 0.9931 0.1177 -0.0000
vn -0.9931 -0.1177 0.0000
vn 0.9965 0.0831 -0.0000
vn -0.9965 -0.0831 0.0000
vn 0.9984 0.0569 -0.0000
vn -0.9984 -0.0569 0.0000
vn 0.9993 0.0362 -0.0000
vn -0.9993 -0.0362 0.0000
vn 0.9998 0.0196 -0.0000
vn -0.9998 -0.0196 0.0000
vn 1.0000 0.0060 -0.0000
vn -1.0000 -0.0060 0.0000
vn -0.9999 -0.0141 0.0000
vn 0.9999 0.0141 -0.0000
vn -0.9990 -0.0456 0.0000
vn 0.9990 0.0456 -0.0000
vn -0.9966 -0.0824 0.0000
vn 0.9966 0.0824 -0.0000
vn -0.9920 -0.1260 0.0000
vn 0.9920 0.1260 -0.0000
vn -0.9841 -0.1778 0.0000
vn 0.9841 0.1778 -0.0000
vn -0.9708 -0.2400 0.0000
vn 0.9708 0.2400 -0.0000
vn -0.9491 -0.3149 0.0000
vn 0.9491 0.3149 -0.0000
vn -0.9158 -0.4015 0.0000
vn 0.9159 0.4015 -0.0000
vn -0.8729 -0.4878 0.0000
vn 0.8729 0.4878 -0.0000
vn -0.8209 -0.5711 0.0000
vn 0.8209 0.5710 -0.0000
vn -0.7612 -0.6486 0.0000
vn 0.7612 0.6485 -0.0000
vn -0.6956 -0.7185 0.0000
vn 0.6956 0.7184 -0.0000
vn -0.6265 -0.7794 0.0000
vn 0.6265 0.7794 -0.0000
vn -0.5562 -0.8311 0.0000
vn 0.5562 0.8311 -0.0000
vn -0.4842 -0.8750 0.0000
vn 0.4842 0.8750 -0.0000
vn -0.4079 -0.9130 0.0000
vn 0.4079 0.9130 -0.0000
vn -0.3299 -0.9440 0.0000
vn 0.3299 0.9440 -0.0000
vn -0.2519 -0.9677 0.0000
vn 0.2519 0.9677 -0.0000
vn -0.1757 -0.9844 0.0000
vn 0.1757 0.9844 -0.0000
vn -0.1024 -0.9947 0.0000
vn 0.1024 0.9947 -0.0000
vn -0.0330 -0.9995 0.0000
vn 0.0330 0.9995 -0.0000
vn 0.0464 -0.9989 -0.0000
vn -0.0464 0.9989 0.0000
vn 0.1437 -0.9896 -0.0000
vn -0.1438 0.9896 0.0000
vn 0.2449 -0.9696 -0.0000
vn -0.2448 0.9696 0.0000
vn 0.3467 -0.9380 -0.0000
vn -0.3467 0.9380 0.0000
vn 0.4456 -0.8952 -0.0000
vn -0.4456 0.8952 0.0000
vn 0.5383 -0.8427 -0.0000
vn -0.5383 0.8427 0.0000
vn 0.6221 -0.7830 -0.0000
vn -0.6221 0.7829 0.0000
vn 0.7299 -0.6836 -0.0000
vn -0.7299 0.6836 0.0000
vn 0.8401 -0.5425 -0.0000
vn -0.8401 0.5425 0.0000
vn 0.9134 -0.4072 -0.0000
vn -0.9134 0.4072 0.0000
vn 0.9579 -0.2872 -0.0000
vn -0.9579 0.2872 0.0000
vn 0.9827 -0.1854 -0.0000
vn -0.9827 0.1854 0.0000
vn 0.9949 -0.1007 -0.0000
vn -0.9949 0.1007 0.0000
vn 0.9995 -0.0305 -0.0000
vn -0.9995 0.0305 0.0000
vn -0.7114 0.7028 0.0000
vn 0.7114 -0.7028 -0.0000
vn -0.0000 1.0000 0.0000
vn -0.0000 -1.0000 0.0000
vn 0.6981 -0.7160 -0.0000
vn -0.6980 0.7160 0.0000
vn -0.6981 0.7160 0.0000
vn 0.8316 0.5554 -0.0000
vn -0.8316 -0.5554 0.0000
vn 0.8394 0.5436 -0.0000
vn 0.6980 -0.7161 -0.0000
vn -0.6980 0.7161 0.0000
# 1030 vertex normals

vt 1.0000 0.5646 0.0000
vt 0.0000 0.5646 0.0000
vt 0.0000 0.4621 0.0000
vt 1.0000 0.4621 0.0000
vt 1.0000 0.0000 0.0000
vt 1.0000 0.5000 0.0000
vt 0.0000 0.5000 0.0000
vt 0.0000 0.0000 0.0000
vt 0.5646 0.0000 0.0000
vt 0.5646 0.5000 0.0000
vt 0.4621 0.5000 0.0000
vt 0.4621 0.0000 0.0000
vt 0.5379 0.0000 0.0000
vt 0.5379 0.5000 0.0000
vt 0.4354 0.5000 0.0000
vt 0.4354 0.0000 0.0000
vt 1.0000 1.0000 0.0000
vt 0.0000 1.0000 0.0000
vt 0.4621 1.0000 0.0000
vt 0.5646 1.0000 0.0000
vt 0.4354 1.0000 0.0000
vt 0.5379 1.0000 0.0000
vt 0.3333 0.3333 0.0000
vt 0.6667 0.3333 0.0000
vt 0.6667 0.6667 0.0000
vt 0.3333 0.6667 0.0000
vt 0.3333 0.5000 0.0000
vt 0.3333 0.2500 0.0000
vt 0.6667 0.2500 0.0000
vt 0.6667 0.5000 0.0000
vt 0.3333 1.0000 0.0000
vt 0.3333 0.7500 0.0000
vt 0.6667 0.7500 0.0000
vt 0.6667 1.0000 0.0000
vt 0.6667 0.0000 0.0000
vt 0.3333 0.0000 0.0000
vt 0.0000 0.3333 0.0000
vt 0.0000 0.6667 0.0000
vt 1.0000 0.6667 0.0000
vt 1.0000 0.3333 0.0000
vt 0.0000 0.2500 0.0000
vt 1.0000 0.2500 0.0000
vt 0.0000 0.7500 0.0000
vt 1.0000 0.7500 0.0000
vt -100.3900 65.9400 0.0000
vt -100.3900 -1.8400 0.0000
vt -96.7100 1.8400 0.0000
vt -96.7100 62.2600 0.0000
vt -74.5352 65.9400 0.0000
vt -74.5711 62.2600 0.0000
vt -72.4432 65.8992 0.0000
vt -72.5931 62.2214 0.0000
vt -70.4434 65.7749 0.0000
vt -70.7598 62.1074 0.0000
vt -68.5520 65.5660 0.0000
vt -69.0550 61.9191 0.0000
vt -66.7679 65.2707 0.0000
vt -67.4797 61.6584 0.0000
vt -65.0900 64.8865 0.0000
vt -66.0350 61.3277 0.0000
vt -63.5182 64.4106 0.0000
vt -64.7213 60.9299 0.0000
vt -62.0562 63.8406 0.0000
vt -63.5344 60.4672 0.0000
vt -60.6927 63.1746 0.0000
vt -62.4459 59.9354 0.0000
vt -59.4108 62.4100 0.0000
vt -61.4325 59.3310 0.0000
vt -58.2111 61.5458 0.0000
vt -60.4936 58.6547 0.0000
vt -57.0969 60.5835 0.0000
vt -59.6259 57.9052 0.0000
vt -56.0713 59.5254 0.0000
vt -58.8262 57.0801 0.0000
vt -55.1366 58.3744 0.0000
vt -58.0924 56.1766 0.0000
vt -54.2967 57.1377 0.0000
vt -57.4205 55.1873 0.0000
vt -53.5621 55.8537 0.0000
vt -56.8240 54.1445 0.0000
vt -52.9390 54.5495 0.0000
vt -56.3208 53.0916 0.0000
vt -52.4260 53.2205 0.0000
vt -55.9123 52.0331 0.0000
vt -52.0252 51.8683 0.0000
vt -55.5964 50.9674 0.0000
vt -51.7382 50.4958 0.0000
vt -55.3714 49.8917 0.0000
vt -51.5658 49.1054 0.0000
vt -55.2366 48.8035 0.0000
vt -51.5086 47.7016 0.0000
vt -55.1915 47.6984 0.0000
vt -51.5595 46.3909 0.0000
vt -55.2310 46.6797 0.0000
vt -51.7125 45.1001 0.0000
vt -55.3495 45.6803 0.0000
vt -51.9679 43.8295 0.0000
vt -55.5466 44.7000 0.0000
vt -52.3253 42.5817 0.0000
vt -55.8226 43.7362 0.0000
vt -52.7836 41.3595 0.0000
vt -56.1788 42.7861 0.0000
vt -53.3409 40.1653 0.0000
vt -56.6170 41.8473 0.0000
vt -53.9997 38.9929 0.0000
vt -57.1347 40.9258 0.0000
vt -54.7665 37.8550 0.0000
vt -57.7271 40.0468 0.0000
vt -55.6399 36.7784 0.0000
vt -58.3973 39.2207 0.0000
vt -56.6129 35.7714 0.0000
vt -59.1523 38.4393 0.0000
vt -57.6821 34.8355 0.0000
vt -59.9957 37.7011 0.0000
vt -58.8443 33.9710 0.0000
vt -60.9304 37.0058 0.0000
vt -60.0973 33.1771 0.0000
vt -61.9588 36.3542 0.0000
vt -57.6543 34.4966 0.0000
vt -66.8676 33.7034 0.0000
vt -60.0081 35.2853 0.0000
vt -61.3158 31.8424 0.0000
vt -58.3792 34.5918 0.0000
vt -59.9653 31.2674 0.0000
vt -56.8555 33.7834 0.0000
vt -58.7279 30.6109 0.0000
vt -55.4404 32.8589 0.0000
vt -57.6004 29.8743 0.0000
vt -54.1385 31.8185 0.0000
vt -56.5780 29.0572 0.0000
vt -52.9548 30.6640 0.0000
vt -55.6560 28.1580 0.0000
vt -51.8946 29.4000 0.0000
vt -54.8289 27.1719 0.0000
vt -50.9682 28.0485 0.0000
vt -54.1041 26.1145 0.0000
vt -50.1834 26.6270 0.0000
vt -53.4918 25.0056 0.0000
vt -49.5411 25.1369 0.0000
vt -52.9911 23.8439 0.0000
vt -49.0428 23.5827 0.0000
vt -52.6002 22.6249 0.0000
vt -48.6889 21.9694 0.0000
vt -52.3191 21.3435 0.0000
vt -48.4782 20.3010 0.0000
vt -52.1489 19.9958 0.0000
vt -48.4089 18.5887 0.0000
vt -52.0911 18.5707 0.0000
vt -48.4514 17.1924 0.0000
vt -52.1261 17.4196 0.0000
vt -48.5784 15.8285 0.0000
vt -52.2315 16.2880 0.0000
vt -48.7907 14.4884 0.0000
vt -52.4064 15.1843 0.0000
vt -49.0888 13.1737 0.0000
vt -52.6505 14.1071 0.0000
vt -49.4724 11.8859 0.0000
vt -52.9640 13.0548 0.0000
vt -49.9413 10.6265 0.0000
vt -53.3471 12.0257 0.0000
vt -50.4924 9.4023 0.0000
vt -53.8029 11.0133 0.0000
vt -51.1027 8.2382 0.0000
vt -54.3136 10.0390 0.0000
vt -51.7555 7.1480 0.0000
vt -54.8548 9.1352 0.0000
vt -52.4549 6.1271 0.0000
vt -55.4224 8.3067 0.0000
vt -53.2019 5.1768 0.0000
vt -56.0156 7.5520 0.0000
vt -53.9970 4.2989 0.0000
vt -56.6337 6.8696 0.0000
vt -54.8409 3.4951 0.0000
vt -57.2763 6.2575 0.0000
vt -55.7281 2.7717 0.0000
vt -57.9485 5.7095 0.0000
vt -56.6596 2.1200 0.0000
vt -58.6708 5.2041 0.0000
vt -57.6444 1.5226 0.0000
vt -59.4556 4.7281 0.0000
vt -58.6851 0.9765 0.0000
vt -60.3001 4.2849 0.0000
vt -59.7802 0.4808 0.0000
vt -61.2058 3.8749 0.0000
vt -60.9292 0.0347 0.0000
vt -62.1734 3.4993 0.0000
vt -62.1316 -0.3627 0.0000
vt -63.2033 3.1589 0.0000
vt -63.3891 -0.7130 0.0000
vt -64.2937 2.8552 0.0000
vt -64.7126 -1.0159 0.0000
vt -65.4535 2.5897 0.0000
vt -66.1087 -1.2703 0.0000
vt -66.6956 2.3633 0.0000
vt -67.5752 -1.4769 0.0000
vt -68.0221 2.1764 0.0000
vt -69.1130 -1.6366 0.0000
vt -69.4323 2.0300 0.0000
vt -70.7224 -1.7500 0.0000
vt -70.9258 1.9248 0.0000
vt -72.4042 -1.8177 0.0000
vt -72.5018 1.8614 0.0000
vt -74.1476 -1.8400 0.0000
vt -74.1712 1.8400 0.0000
vt -76.2294 39.0400 0.0000
vt -88.2100 39.0400 0.0000
vt -91.8900 35.3600 0.0000
vt -76.2112 35.3600 0.0000
vt -74.7163 39.0548 0.0000
vt -74.6390 35.3754 0.0000
vt -73.3486 39.0987 0.0000
vt -73.1813 35.4222 0.0000
vt -72.1202 39.1711 0.0000
vt -71.8441 35.5010 0.0000
vt -71.0347 39.2707 0.0000
vt -70.6238 35.6130 0.0000
vt -70.0962 39.3955 0.0000
vt -69.5163 35.7602 0.0000
vt -69.3114 39.5416 0.0000
vt -68.5149 35.9467 0.0000
vt -68.6736 39.7058 0.0000
vt -67.6264 36.1754 0.0000
vt -67.9149 39.9611 0.0000
vt -66.6055 36.5190 0.0000
vt -67.2276 40.2537 0.0000
vt -65.6431 36.9286 0.0000
vt -66.6114 40.5802 0.0000
vt -64.7396 37.4074 0.0000
vt -66.0624 40.9391 0.0000
vt -63.8988 37.9569 0.0000
vt -65.5761 41.3297 0.0000
vt -63.1253 38.5781 0.0000
vt -65.1470 41.7531 0.0000
vt -62.4247 39.2694 0.0000
vt -64.7692 42.2134 0.0000
vt -61.8027 40.0273 0.0000
vt -64.4397 42.7128 0.0000
vt -61.2641 40.8437 0.0000
vt -64.1585 43.2520 0.0000
vt -60.8108 41.7129 0.0000
vt -63.9249 43.8355 0.0000
vt -60.4435 42.6302 0.0000
vt -63.7393 44.4684 0.0000
vt -60.1617 43.5906 0.0000
vt -63.6034 45.1549 0.0000
vt -59.9638 44.5899 0.0000
vt -63.5197 45.8979 0.0000
vt -59.8471 45.6252 0.0000
vt -63.4912 46.6977 0.0000
vt -59.8089 46.6961 0.0000
vt -63.5177 47.4587 0.0000
vt -59.8446 47.7217 0.0000
vt -63.5963 48.1836 0.0000
vt -59.9530 48.7213 0.0000
vt -63.7252 48.8714 0.0000
vt -60.1356 49.6956 0.0000
vt -63.9034 49.5250 0.0000
vt -60.3935 50.6417 0.0000
vt -64.1307 50.1481 0.0000
vt -60.7271 51.5561 0.0000
vt -64.4071 50.7430 0.0000
vt -61.1360 52.4363 0.0000
vt -64.7310 51.3080 0.0000
vt -61.6221 53.2842 0.0000
vt -65.0922 51.8228 0.0000
vt -62.1867 54.0888 0.0000
vt -65.4851 52.2775 0.0000
vt -62.8265 54.8291 0.0000
vt -65.9148 52.6812 0.0000
vt -63.5363 55.4959 0.0000
vt -66.3851 53.0382 0.0000
vt -64.3124 56.0849 0.0000
vt -66.9015 53.3516 0.0000
vt -65.1493 56.5929 0.0000
vt -67.4691 53.6225 0.0000
vt -66.0419 57.0190 0.0000
vt -68.0916 53.8499 0.0000
vt -66.9866 57.3641 0.0000
vt -68.8394 54.0484 0.0000
vt -68.0248 57.6395 0.0000
vt -69.7841 54.2273 0.0000
vt -69.1974 57.8616 0.0000
vt -70.9211 54.3796 0.0000
vt -70.5087 58.0372 0.0000
vt -72.2425 54.5009 0.0000
vt -71.9668 58.1711 0.0000
vt -73.7429 54.5888 0.0000
vt -73.5769 58.2654 0.0000
vt -75.4189 54.6421 0.0000
vt -75.3427 58.3215 0.0000
vt -77.2761 54.6600 0.0000
vt -77.2583 58.3400 0.0000
vt -88.2100 54.6600 0.0000
vt -91.8900 58.3400 0.0000
vt -74.1114 9.4400 0.0000
vt -88.2100 9.4400 0.0000
vt -91.8900 5.7600 0.0000
vt -74.1011 5.7600 0.0000
vt -73.0053 9.4462 0.0000
vt -72.9614 5.7663 0.0000
vt -72.0082 9.4644 0.0000
vt -71.9122 5.7856 0.0000
vt -71.1168 9.4946 0.0000
vt -70.9569 5.8179 0.0000
vt -70.3333 9.5362 0.0000
vt -70.0930 5.8638 0.0000
vt -69.6613 9.5884 0.0000
vt -69.3171 5.9241 0.0000
vt -69.1069 9.6495 0.0000
vt -68.6232 6.0005 0.0000
vt -68.6627 9.7183 0.0000
vt -68.0185 6.0942 0.0000
vt -67.9263 9.8660 0.0000
vt -67.1219 6.2741 0.0000
vt -67.2319 10.0378 0.0000
vt -66.2616 6.4869 0.0000
vt -66.5820 10.2322 0.0000
vt -65.4353 6.7342 0.0000
vt -65.9763 10.4483 0.0000
vt -64.6432 7.0167 0.0000
vt -65.4151 10.6847 0.0000
vt -63.8851 7.3360 0.0000
vt -64.8971 10.9405 0.0000
vt -63.1622 7.6929 0.0000
vt -64.4259 11.2119 0.0000
vt -62.4710 8.0912 0.0000
vt -63.9964 11.5037 0.0000
vt -61.8058 8.5431 0.0000
vt -63.5923 11.8287 0.0000
vt -61.1723 9.0526 0.0000
vt -63.2065 12.1929 0.0000
vt -60.5776 9.6139 0.0000
vt -62.8377 12.5988 0.0000
vt -60.0230 10.2243 0.0000
vt -62.4857 13.0486 0.0000
vt -59.5086 10.8816 0.0000
vt -62.1511 13.5440 0.0000
vt -59.0339 11.5843 0.0000
vt -61.8382 14.0801 0.0000
vt -58.5946 12.3371 0.0000
vt -61.5625 14.6397 0.0000
vt -58.1983 13.1413 0.0000
vt -61.3307 15.2197 0.0000
vt -57.8616 13.9839 0.0000
vt -61.1393 15.8292 0.0000
vt -57.5877 14.8560 0.0000
vt -60.9887 16.4704 0.0000
vt -57.3765 15.7552 0.0000
vt -60.8797 17.1451 0.0000
vt -57.2271 16.6798 0.0000
vt -60.8133 17.8549 0.0000
vt -57.1384 17.6281 0.0000
vt -60.7910 18.5932 0.0000
vt -57.1090 18.6068 0.0000
vt -60.8238 19.4615 0.0000
vt -57.1518 19.7457 0.0000
vt -60.9196 20.2775 0.0000
vt -57.2827 20.8603 0.0000
vt -61.0769 21.0490 0.0000
vt -57.5033 21.9427 0.0000
vt -61.2942 21.7790 0.0000
vt -57.8150 22.9899 0.0000
vt -61.5713 22.4719 0.0000
vt -58.2181 23.9975 0.0000
vt -61.9092 23.1321 0.0000
vt -58.7114 24.9612 0.0000
vt -62.3095 23.7626 0.0000
vt -59.2936 25.8780 0.0000
vt -62.7629 24.3500 0.0000
vt -59.9554 26.7355 0.0000
vt -63.2586 24.8810 0.0000
vt -60.6889 27.5210 0.0000
vt -63.7988 25.3588 0.0000
vt -61.4922 28.2315 0.0000
vt -64.3869 25.7865 0.0000
vt -62.3616 28.8639 0.0000
vt -65.0269 26.1658 0.0000
vt -63.2934 29.4163 0.0000
vt -65.7232 26.4977 0.0000
vt -64.2830 29.8879 0.0000
vt -66.4812 26.7821 0.0000
vt -65.3250 30.2788 0.0000
vt -67.3403 27.0292 0.0000
vt -66.4397 30.5993 0.0000
vt -68.3357 27.2457 0.0000
vt -67.6514 30.8629 0.0000
vt -69.4646 27.4275 0.0000
vt -68.9629 31.0741 0.0000
vt -70.7240 27.5714 0.0000
vt -70.3772 31.2357 0.0000
vt -72.1112 27.6756 0.0000
vt -71.8969 31.3498 0.0000
vt -73.6243 27.7387 0.0000
vt -73.5240 31.4177 0.0000
vt -75.2728 27.7600 0.0000
vt -75.2491 31.4400 0.0000
vt -88.2100 27.7600 0.0000
vt -91.8900 31.4400 0.0000
vt -9.2238 3.3421 0.0000
vt -10.5468 2.2384 0.0000
vt -7.7532 9.3616 0.0000
vt -11.5233 6.2162 0.0000
vt -10.5007 2.3629 0.0000
vt -12.6751 5.3329 0.0000
vt -11.7759 1.4722 0.0000
vt -13.8102 4.5402 0.0000
vt -13.0502 0.6709 0.0000
vt -14.9279 3.8373 0.0000
vt -14.3242 -0.0403 0.0000
vt -16.0275 3.2234 0.0000
vt -15.5985 -0.6604 0.0000
vt -17.1084 2.6975 0.0000
vt -16.8685 -1.1858 0.0000
vt -18.1752 2.2561 0.0000
vt -18.1425 -1.6270 0.0000
vt -19.2532 1.8828 0.0000
vt -19.4375 -1.9988 0.0000
vt -20.3588 1.5653 0.0000
vt -20.7569 -2.3026 0.0000
vt -21.4886 1.3052 0.0000
vt -22.1000 -2.5385 0.0000
vt -22.6433 1.1024 0.0000
vt -23.4659 -2.7065 0.0000
vt -23.8237 0.9572 0.0000
vt -24.8540 -2.8071 0.0000
vt -25.0306 0.8698 0.0000
vt -26.2752 -2.8408 0.0000
vt -26.2529 0.8408 0.0000
vt -28.5316 -2.7600 0.0000
vt -28.2545 0.9125 0.0000
vt -30.6693 -2.5135 0.0000
vt -30.0837 1.1234 0.0000
vt -32.6791 -2.0966 0.0000
vt -31.7496 1.4690 0.0000
vt -34.5585 -1.5039 0.0000
vt -33.2549 1.9437 0.0000
vt -36.3021 -0.7303 0.0000
vt -34.6047 2.5425 0.0000
vt -37.9015 0.2270 0.0000
vt -35.8076 3.2625 0.0000
vt -39.3388 1.3616 0.0000
vt -36.8816 4.1103 0.0000
vt -40.5935 2.6294 0.0000
vt -37.8235 5.0621 0.0000
vt -41.6608 4.0013 0.0000
vt -38.6149 6.0792 0.0000
vt -42.5398 5.4803 0.0000
vt -39.2566 7.1589 0.0000
vt -43.2238 7.0578 0.0000
vt -39.7555 8.3094 0.0000
vt -43.7095 8.7236 0.0000
vt -40.1147 9.5413 0.0000
vt -43.9977 10.4676 0.0000
vt -40.3334 10.8644 0.0000
vt -44.0916 12.2671 0.0000
vt -40.4084 12.3016 0.0000
vt -44.0550 13.3702 0.0000
vt -40.3812 13.1218 0.0000
vt -43.9462 14.4355 0.0000
vt -40.2985 13.9316 0.0000
vt -43.7637 15.4800 0.0000
vt -40.1618 14.7140 0.0000
vt -43.5071 16.5012 0.0000
vt -39.9715 15.4716 0.0000
vt -43.1767 17.4967 0.0000
vt -39.7274 16.2068 0.0000
vt -42.7726 18.4649 0.0000
vt -39.4292 16.9211 0.0000
vt -42.2982 19.3990 0.0000
vt -39.0737 17.6213 0.0000
vt -41.7694 20.2856 0.0000
vt -38.6692 18.2995 0.0000
vt -41.1953 21.1216 0.0000
vt -38.2310 18.9375 0.0000
vt -40.5730 21.9101 0.0000
vt -37.7618 19.5321 0.0000
vt -39.9031 22.6496 0.0000
vt -37.2611 20.0847 0.0000
vt -39.1862 23.3387 0.0000
vt -36.7284 20.5969 0.0000
vt -38.4239 23.9758 0.0000
vt -36.1620 21.0702 0.0000
vt -37.6247 24.5547 0.0000
vt -35.5535 21.5109 0.0000
vt -36.8046 25.0780 0.0000
vt -34.9002 21.9278 0.0000
vt -35.9647 25.5583 0.0000
vt -34.2145 22.3199 0.0000
vt -35.0980 26.0001 0.0000
vt -33.5034 22.6824 0.0000
vt -34.2049 26.4038 0.0000
vt -32.7666 23.0154 0.0000
vt -33.2861 26.7691 0.0000
vt -32.0034 23.3189 0.0000
vt -32.3420 27.0962 0.0000
vt -31.2131 23.5927 0.0000
vt -31.3652 27.3876 0.0000
vt -30.4036 23.8342 0.0000
vt -30.5767 27.5794 0.0000
vt -29.7602 23.9907 0.0000
vt -29.7156 27.7618 0.0000
vt -28.9955 24.1527 0.0000
vt -28.7669 27.9394 0.0000
vt -28.1244 24.3158 0.0000
vt -27.7281 28.1133 0.0000
vt -27.1494 24.4790 0.0000
vt -26.5973 28.2840 0.0000
vt -26.0723 24.6416 0.0000
vt -25.3735 28.4520 0.0000
vt -24.8942 24.8033 0.0000
vt -24.0658 28.6162 0.0000
vt -23.6061 24.9650 0.0000
vt -21.4419 28.9476 0.0000
vt -20.9484 25.3007 0.0000
vt -19.0432 29.2938 0.0000
vt -18.4792 25.6571 0.0000
vt -16.8577 29.6561 0.0000
vt -16.2104 26.0332 0.0000
vt -14.8874 30.0336 0.0000
vt -14.1401 26.4298 0.0000
vt -13.1351 30.4248 0.0000
vt -12.2654 26.8484 0.0000
vt -11.6043 30.8276 0.0000
vt -10.5829 27.2911 0.0000
vt -11.5052 30.8588 0.0000
vt -7.8823 28.1412 0.0000
vt -11.4907 31.5422 0.0000
vt -7.8093 31.5672 0.0000
vt -11.5322 32.7342 0.0000
vt -7.8596 33.0083 0.0000
vt -11.6517 33.7758 0.0000
vt -8.0154 34.3675 0.0000
vt -11.8418 34.6744 0.0000
vt -8.2842 35.6377 0.0000
vt -12.0926 35.4305 0.0000
vt -8.6758 36.8182 0.0000
vt -12.3928 36.0499 0.0000
vt -9.2015 37.9032 0.0000
vt -12.7335 36.5468 0.0000
vt -9.8703 38.8786 0.0000
vt -13.1261 36.9549 0.0000
vt -10.6708 39.7107 0.0000
vt -13.8454 37.5025 0.0000
vt -11.8105 40.5784 0.0000
vt -14.6919 37.9852 0.0000
vt -13.0642 41.2932 0.0000
vt -15.6660 38.3928 0.0000
vt -14.4314 41.8654 0.0000
vt -16.7755 38.7202 0.0000
vt -15.9046 42.3001 0.0000
vt -18.0239 38.9608 0.0000
vt -17.4800 42.6037 0.0000
vt -19.4124 39.1088 0.0000
vt -19.1565 42.7824 0.0000
vt -20.9441 39.1592 0.0000
vt -20.9309 42.8408 0.0000
vt -22.3769 39.1224 0.0000
vt -22.5777 42.7985 0.0000
vt -23.6823 39.0133 0.0000
vt -24.1124 42.6702 0.0000
vt -24.8491 38.8359 0.0000
vt -25.5468 42.4521 0.0000
vt -25.8751 38.5953 0.0000
vt -26.8826 42.1389 0.0000
vt -26.7596 38.2986 0.0000
vt -28.1207 41.7235 0.0000
vt -27.5044 37.9545 0.0000
vt -29.2592 41.1975 0.0000
vt -28.1202 37.5693 0.0000
vt -30.2876 40.5542 0.0000
vt -28.6645 37.1134 0.0000
vt -31.2112 39.7806 0.0000
vt -29.1872 36.5449 0.0000
vt -32.0429 38.8760 0.0000
vt -29.6882 35.8517 0.0000
vt -32.7828 37.8523 0.0000
vt -30.1625 35.0269 0.0000
vt -33.4359 36.7167 0.0000
vt -30.6043 34.0666 0.0000
vt -34.0081 35.4729 0.0000
vt -31.0080 32.9692 0.0000
vt -34.5049 34.1223 0.0000
vt -31.8259 30.1726 0.0000
vt -34.4742 34.2275 0.0000
vt -43.1148 31.6385 0.0000
vt -38.5852 34.7615 0.0000
vt -42.3000 35.0486 0.0000
vt -38.7436 34.0978 0.0000
vt -41.8873 36.4425 0.0000
vt -38.3891 35.2950 0.0000
vt -41.4104 37.7652 0.0000
vt -37.9879 36.4080 0.0000
vt -40.8676 39.0167 0.0000
vt -37.5416 37.4369 0.0000
vt -40.2576 40.1952 0.0000
vt -37.0517 38.3833 0.0000
vt -39.5790 41.2990 0.0000
vt -36.5194 39.2492 0.0000
vt -38.8280 42.3298 0.0000
vt -35.9486 40.0327 0.0000
vt -37.9871 43.2939 0.0000
vt -35.3246 40.7481 0.0000
vt -37.0478 44.1904 0.0000
vt -34.6238 41.4169 0.0000
vt -36.0174 45.0140 0.0000
vt -33.8388 42.0443 0.0000
vt -34.8993 45.7649 0.0000
vt -32.9663 42.6302 0.0000
vt -33.6968 46.4437 0.0000
vt -32.0029 43.1740 0.0000
vt -32.4119 47.0520 0.0000
vt -30.9467 43.6741 0.0000
vt -31.0456 47.5918 0.0000
vt -29.7966 44.1285 0.0000
vt -29.6113 48.0605 0.0000
vt -28.5678 44.5300 0.0000
vt -28.1219 48.4548 0.0000
vt -27.2759 44.8719 0.0000
vt -26.5778 48.7756 0.0000
vt -25.9206 45.1535 0.0000
vt -24.9794 49.0237 0.0000
vt -24.5014 45.3739 0.0000
vt -23.3269 49.2001 0.0000
vt -23.0180 45.5322 0.0000
vt -21.6205 49.3054 0.0000
vt -21.4705 45.6277 0.0000
vt -19.8618 49.3403 0.0000
vt -19.8569 45.6597 0.0000
vt -18.1361 49.3106 0.0000
vt -18.2686 45.6323 0.0000
vt -16.4975 49.2209 0.0000
vt -16.7755 45.5506 0.0000
vt -14.9416 49.0703 0.0000
vt -15.3821 45.4157 0.0000
vt -13.4672 48.8572 0.0000
vt -14.0898 45.2290 0.0000
vt -12.0738 48.5801 0.0000
vt -12.8990 44.9921 0.0000
vt -10.7604 48.2366 0.0000
vt -11.8106 44.7074 0.0000
vt -9.5380 47.8277 0.0000
vt -10.8136 44.3739 0.0000
vt -8.4143 47.3727 0.0000
vt -9.8896 43.9999 0.0000
vt -7.3735 46.8829 0.0000
vt -9.0437 43.6018 0.0000
vt -6.4047 46.3515 0.0000
vt -8.2866 43.1865 0.0000
vt -5.5085 45.7757 0.0000
vt -7.6178 42.7568 0.0000
vt -4.6865 45.1525 0.0000
vt -7.0358 42.3155 0.0000
vt -3.9412 44.4791 0.0000
vt -6.5379 41.8656 0.0000
vt -3.2854 43.7626 0.0000
vt -6.1115 41.3999 0.0000
vt -2.7130 43.0122 0.0000
vt -5.7250 40.8932 0.0000
vt -2.2010 42.2217 0.0000
vt -5.3640 40.3358 0.0000
vt -1.7435 41.3852 0.0000
vt -5.0344 39.7332 0.0000
vt -1.3400 40.5052 0.0000
vt -4.7365 39.0833 0.0000
vt -0.9898 39.5830 0.0000
vt -4.4712 38.3846 0.0000
vt -0.6919 38.6202 0.0000
vt -4.2394 37.6357 0.0000
vt -0.4396 37.5952 0.0000
vt -4.0479 36.8579 0.0000
vt -0.3162 36.8391 0.0000
vt -3.9624 36.3333 0.0000
vt -0.2193 35.9924 0.0000
vt -3.8825 35.6362 0.0000
vt -0.1426 35.0343 0.0000
vt -3.8146 34.7874 0.0000
vt -0.0841 33.9574 0.0000
vt -3.7606 33.7942 0.0000
vt -0.0427 32.7580 0.0000
vt -3.7216 32.6604 0.0000
vt -0.0181 31.4333 0.0000
vt -3.6979 31.3887 0.0000
vt -0.0100 29.9864 0.0000
vt -3.6900 29.9761 0.0000
vt -0.0100 19.5157 0.0000
vt -3.6900 19.5093 0.0000
vt -0.0002 16.5614 0.0000
vt -3.6801 16.5344 0.0000
vt 0.0293 13.9405 0.0000
vt -3.6502 13.8802 0.0000
vt 0.0783 11.6517 0.0000
vt -3.6004 11.5479 0.0000
vt 0.1464 9.6979 0.0000
vt -3.5301 9.5348 0.0000
vt 0.2331 8.0844 0.0000
vt -3.4388 7.8354 0.0000
vt 0.3363 6.8227 0.0000
vt -3.3246 6.4383 0.0000
vt 0.4525 5.9165 0.0000
vt -3.1837 5.3398 0.0000
vt 0.5920 5.1788 0.0000
vt -3.0078 4.4097 0.0000
vt 0.7682 4.4392 0.0000
vt -2.7913 3.5015 0.0000
vt 0.9792 3.7084 0.0000
vt -2.5323 2.6043 0.0000
vt 1.2251 2.9860 0.0000
vt -2.2309 1.7187 0.0000
vt 1.5062 2.2714 0.0000
vt -1.8873 0.8452 0.0000
vt 1.8227 1.5641 0.0000
vt -1.5019 -0.0158 0.0000
vt 3.5360 -1.8397 0.0000
vt -2.4360 1.8397 0.0000
vt -8.7237 -1.8401 0.0000
vt -6.3763 1.8401 0.0000
vt -9.5782 -0.0017 0.0000
vt -6.1963 1.4529 0.0000
vt -9.9177 0.8552 0.0000
vt -6.4589 2.1160 0.0000
vt -10.2139 1.7437 0.0000
vt -6.6923 2.8160 0.0000
vt -10.4675 2.6632 0.0000
vt -6.8957 3.5537 0.0000
vt -10.6793 3.6131 0.0000
vt -7.0687 4.3295 0.0000
vt -10.8498 4.5931 0.0000
vt -7.2104 5.1439 0.0000
vt -10.5729 21.0710 0.0000
vt -11.5516 20.7091 0.0000
vt -8.1485 25.8909 0.0000
vt -11.7598 24.5557 0.0000
vt -12.1472 20.5799 0.0000
vt -13.1691 24.1160 0.0000
vt -13.8829 20.1176 0.0000
vt -14.7682 23.6901 0.0000
vt -15.7830 19.6817 0.0000
vt -16.5537 23.2805 0.0000
vt -17.8501 19.2706 0.0000
vt -18.5234 22.8887 0.0000
vt -20.0858 18.8832 0.0000
vt -20.6755 22.5158 0.0000
vt -22.4743 18.5214 0.0000
vt -23.0257 22.1599 0.0000
vt -23.7893 18.3219 0.0000
vt -24.3773 21.9548 0.0000
vt -24.9666 18.1194 0.0000
vt -25.6339 21.7386 0.0000
vt -26.0191 17.9123 0.0000
vt -26.7823 21.5127 0.0000
vt -26.9441 17.7021 0.0000
vt -27.8253 21.2756 0.0000
vt -27.7376 17.4910 0.0000
vt -28.7670 21.0251 0.0000
vt -28.3936 17.2832 0.0000
vt -29.6134 20.7570 0.0000
vt -28.9109 17.0835 0.0000
vt -30.3657 20.4665 0.0000
vt -29.3426 16.8783 0.0000
vt -31.0495 20.1415 0.0000
vt -29.7373 16.6523 0.0000
vt -31.6952 19.7717 0.0000
vt -30.0947 16.4073 0.0000
vt -32.3029 19.3552 0.0000
vt -30.4177 16.1433 0.0000
vt -32.8698 18.8919 0.0000
vt -30.7097 15.8592 0.0000
vt -33.3926 18.3831 0.0000
vt -30.9740 15.5523 0.0000
vt -33.8679 17.8313 0.0000
vt -31.2141 15.2183 0.0000
vt -34.2922 17.2411 0.0000
vt -31.4264 14.8635 0.0000
vt -34.6618 16.6236 0.0000
vt -31.6046 14.5007 0.0000
vt -34.9761 15.9839 0.0000
vt -31.7492 14.1302 0.0000
vt -35.2345 15.3217 0.0000
vt -31.8616 13.7490 0.0000
vt -35.4355 14.6399 0.0000
vt -31.9425 13.3539 0.0000
vt -35.5784 13.9419 0.0000
vt -31.9919 12.9409 0.0000
vt -35.6634 13.2315 0.0000
vt -32.0080 12.5253 0.0000
vt -35.6920 12.4935 0.0000
vt -31.9700 11.8486 0.0000
vt -35.6318 11.4226 0.0000
vt -31.8621 11.2404 0.0000
vt -35.4449 10.3686 0.0000
vt -31.6867 10.6774 0.0000
vt -35.1291 9.3545 0.0000
vt -31.4428 10.1484 0.0000
vt -34.6852 8.3917 0.0000
vt -31.1251 9.6430 0.0000
vt -34.1188 7.4907 0.0000
vt -30.7250 9.1539 0.0000
vt -33.4382 6.6586 0.0000
vt -30.2441 8.6886 0.0000
vt -32.6419 5.8880 0.0000
vt -29.6960 8.2744 0.0000
vt -31.7236 5.1941 0.0000
vt -29.0721 7.9196 0.0000
vt -30.6990 4.6113 0.0000
vt -28.3514 7.6175 0.0000
vt -29.5894 4.1462 0.0000
vt -27.5263 7.3729 0.0000
vt -28.4022 3.7942 0.0000
vt -26.5928 7.1916 0.0000
vt -27.1415 3.5494 0.0000
vt -25.5498 7.0793 0.0000
vt -25.8083 3.4059 0.0000
vt -24.3982 7.0410 0.0000
vt -24.4018 3.3590 0.0000
vt -23.2268 7.0778 0.0000
vt -22.9905 3.4034 0.0000
vt -22.1004 7.1874 0.0000
vt -21.6171 3.5371 0.0000
vt -21.0204 7.3687 0.0000
vt -20.2801 3.7614 0.0000
vt -19.9851 7.6205 0.0000
vt -18.9812 4.0774 0.0000
vt -18.9924 7.9425 0.0000
vt -17.7226 4.4856 0.0000
vt -18.0397 8.3345 0.0000
vt -16.5068 4.9859 0.0000
vt -17.1246 8.7972 0.0000
vt -15.3364 5.5778 0.0000
vt -16.2663 9.3186 0.0000
vt -14.2280 6.2511 0.0000
vt -15.4845 9.8851 0.0000
vt -13.1981 6.9973 0.0000
vt -14.7773 10.4959 0.0000
vt -12.2487 7.8172 0.0000
vt -14.1412 11.1520 0.0000
vt -11.3833 8.7098 0.0000
vt -13.5728 11.8555 0.0000
vt -10.6052 9.6729 0.0000
vt -13.0695 12.6094 0.0000
vt -9.9170 10.7036 0.0000
vt -12.6353 13.4063 0.0000
vt -9.3147 11.8093 0.0000
vt -12.3643 14.0513 0.0000
vt -8.9058 12.7824 0.0000
vt -12.1237 14.8141 0.0000
vt -8.5712 13.8434 0.0000
vt -11.9182 15.7004 0.0000
vt -8.3061 14.9866 0.0000
vt -11.7532 16.7080 0.0000
vt -8.1050 16.2143 0.0000
vt -11.6325 17.8342 0.0000
vt -7.9642 17.5291 0.0000
vt -11.5589 19.0764 0.0000
vt -7.8809 18.9337 0.0000
vt -11.5347 20.3980 0.0000
vt -7.8528 20.4645 0.0000
vt 8.4100 48.3400 0.0000
vt 8.4100 -1.8400 0.0000
vt 12.0900 1.8400 0.0000
vt 12.0900 44.6600 0.0000
vt 19.1900 48.3400 0.0000
vt 15.5100 44.6600 0.0000
vt 19.1898 45.3078 0.0000
vt 15.5101 34.4953 0.0000
vt 17.5218 43.1410 0.0000
vt 20.2822 40.6940 0.0000
vt 19.4476 45.0319 0.0000
vt 21.8309 42.2146 0.0000
vt 21.5945 46.5904 0.0000
vt 23.5292 43.4474 0.0000
vt 23.9496 47.8032 0.0000
vt 25.3897 44.4055 0.0000
vt 26.4959 48.6642 0.0000
vt 27.4296 45.0952 0.0000
vt 29.2170 49.1750 0.0000
vt 29.6652 45.5149 0.0000
vt 32.0752 49.3414 0.0000
vt 32.1341 45.6586 0.0000
vt 33.3855 49.3073 0.0000
vt 33.1909 45.6311 0.0000
vt 34.6420 49.2069 0.0000
vt 34.2462 45.5468 0.0000
vt 35.8739 49.0388 0.0000
vt 35.2708 45.4070 0.0000
vt 37.0801 48.8026 0.0000
vt 36.2660 45.2122 0.0000
vt 38.2600 48.4980 0.0000
vt 37.2322 44.9627 0.0000
vt 39.4123 48.1247 0.0000
vt 38.1708 44.6586 0.0000
vt 40.5347 47.6833 0.0000
vt 39.0841 44.2995 0.0000
vt 41.6068 47.1847 0.0000
vt 39.9479 43.8977 0.0000
vt 42.6108 46.6369 0.0000
vt 40.7353 43.4681 0.0000
vt 43.5473 46.0376 0.0000
vt 41.4461 43.0132 0.0000
vt 44.4144 45.3851 0.0000
vt 42.0819 42.5347 0.0000
vt 45.2096 44.6781 0.0000
vt 42.6453 42.0338 0.0000
vt 45.9295 43.9164 0.0000
vt 43.1396 41.5108 0.0000
vt 46.5616 43.1120 0.0000
vt 43.5774 40.9537 0.0000
vt 47.1124 42.2830 0.0000
vt 43.9817 40.3452 0.0000
vt 47.6056 41.4251 0.0000
vt 44.3579 39.6908 0.0000
vt 48.0483 40.5290 0.0000
vt 44.6992 38.9997 0.0000
vt 48.4403 39.5962 0.0000
vt 45.0057 38.2705 0.0000
vt 48.7818 38.6283 0.0000
vt 45.2771 37.5014 0.0000
vt 49.0735 37.6260 0.0000
vt 45.5127 36.6919 0.0000
vt 49.3191 36.5773 0.0000
vt 45.7090 35.8540 0.0000
vt 49.4518 35.7839 0.0000
vt 45.8077 35.2635 0.0000
vt 49.5585 34.8829 0.0000
vt 45.8966 34.5129 0.0000
vt 49.6433 33.8670 0.0000
vt 45.9720 33.6095 0.0000
vt 49.7080 32.7304 0.0000
vt 46.0318 32.5591 0.0000
vt 49.7537 31.4688 0.0000
vt 46.0751 31.3658 0.0000
vt 49.7810 30.0795 0.0000
vt 46.1012 30.0326 0.0000
vt 49.7900 28.5663 0.0000
vt 46.1100 28.5555 0.0000
vt 49.7900 -1.8400 0.0000
vt 46.1100 1.8400 0.0000
vt 38.2100 -1.8400 0.0000
vt 41.8900 1.8400 0.0000
vt 38.2100 28.2589 0.0000
vt 41.8900 28.2849 0.0000
vt 38.1919 29.5427 0.0000
vt 41.8707 29.6527 0.0000
vt 38.1389 30.7064 0.0000
vt 41.8119 30.9425 0.0000
vt 38.0517 31.7601 0.0000
vt 41.7125 32.1438 0.0000
vt 37.9322 32.7008 0.0000
vt 41.5708 33.2598 0.0000
vt 37.7834 33.5247 0.0000
vt 41.3839 34.2942 0.0000
vt 37.6095 34.2280 0.0000
vt 41.1474 35.2509 0.0000
vt 37.4165 34.8097 0.0000
vt 40.8554 36.1309 0.0000
vt 37.1963 35.3119 0.0000
vt 40.4954 36.9520 0.0000
vt 36.9358 35.7780 0.0000
vt 40.0603 37.7306 0.0000
vt 36.6333 36.2129 0.0000
vt 39.5516 38.4620 0.0000
vt 36.2856 36.6209 0.0000
vt 38.9724 39.1417 0.0000
vt 35.8889 37.0050 0.0000
vt 38.3268 39.7668 0.0000
vt 35.4388 37.3667 0.0000
vt 37.6190 40.3358 0.0000
vt 34.9335 37.7049 0.0000
vt 36.8509 40.8498 0.0000
vt 34.3882 38.0067 0.0000
vt 36.0321 41.3029 0.0000
vt 33.8153 38.2626 0.0000
vt 35.1751 41.6857 0.0000
vt 33.2112 38.4738 0.0000
vt 34.2838 41.9972 0.0000
vt 32.5726 38.6400 0.0000
vt 33.3613 42.2374 0.0000
vt 31.8972 38.7605 0.0000
vt 32.4098 42.4072 0.0000
vt 31.1827 38.8341 0.0000
vt 31.4318 42.5079 0.0000
vt 30.4405 38.8586 0.0000
vt 30.4157 42.5414 0.0000
vt 29.2008 38.8010 0.0000
vt 28.8499 42.4686 0.0000
vt 28.0372 38.6320 0.0000
vt 27.3199 42.2464 0.0000
vt 26.9337 38.3533 0.0000
vt 25.8420 41.8732 0.0000
vt 25.8841 37.9654 0.0000
vt 24.4221 41.3484 0.0000
vt 24.8822 37.4667 0.0000
vt 23.0666 40.6736 0.0000
vt 23.9223 36.8535 0.0000
vt 21.7813 39.8525 0.0000
vt 23.0357 36.1490 0.0000
vt 20.5346 38.8619 0.0000
vt 22.2768 35.3387 0.0000
vt 19.3647 37.6128 0.0000
vt 21.6274 34.3331 0.0000
vt 18.3819 36.0908 0.0000
vt 21.0655 33.0726 0.0000
vt 17.6084 34.3557 0.0000
vt 20.6079 31.5463 0.0000
vt 17.0275 32.4184 0.0000
vt 20.2695 29.7529 0.0000
vt 16.6240 30.2802 0.0000
vt 20.0614 27.6959 0.0000
vt 16.3870 27.9375 0.0000
vt 19.9900 25.3548 0.0000
vt 16.3100 25.4108 0.0000
vt 19.9900 -1.8400 0.0000
vt 16.3100 1.8400 0.0000
vt 58.2537 65.9400 0.0000
vt 58.2537 -1.8400 0.0000
vt 61.9338 1.8400 0.0000
vt 61.9338 62.2600 0.0000
vt 69.8337 65.9400 0.0000
vt 66.1537 62.2600 0.0000
vt 69.8337 32.1654 0.0000
vt 66.1538 23.2034 0.0000
vt 85.8109 48.3400 0.0000
vt 87.3485 44.6600 0.0000
vt 101.2733 48.3400 0.0000
vt 92.2267 44.6600 0.0000
vt 81.4108 28.9766 0.0000
vt 76.6517 29.4765 0.0000
vt 101.9914 -1.8400 0.0000
vt 95.1086 1.8400 0.0000
vt 87.8557 -1.8400 0.0000
vt 89.8568 1.8400 0.0000
vt 73.1278 20.9024 0.0000
vt 73.7753 26.6726 0.0000
vt 69.8337 17.6912 0.0000
vt 66.1537 19.2431 0.0000
vt 69.8337 -1.8400 0.0000
vt 66.1537 1.8400 0.0000
# 1036 texture coords

g Box001
usemtl 19___Default
s off
f 1/1/1 2/2/1 3/3/1 4/4/1 
usemtl 14___Default
f 5/1/2 6/2/2 7/3/2 8/4/2 
usemtl 19___Default
f 9/5/3 10/6/3 11/7/3 12/8/3 
f 2/9/4 13/10/4 14/11/4 3/12/4 
f 15/5/5 16/6/5 17/7/5 18/8/5 
f 4/13/6 19/14/6 20/15/6 1/16/6 
usemtl 13___Default
f 21/17/3 22/18/3 11/7/3 10/6/3 
f 8/19/4 14/11/4 13/10/4 5/20/4 
f 23/17/5 24/18/5 17/7/5 16/6/5 
f 6/21/6 20/15/6 19/14/6 7/22/6 
usemtl 19___Default
f 15/17/1 18/18/1 2/2/1 1/1/1 
f 9/8/1 12/5/1 4/4/1 3/3/1 
usemtl 13___Default
f 24/17/2 23/18/2 6/2/2 5/1/2 
f 22/8/2 21/5/2 8/4/2 7/3/2 
usemtl 19___Default
f 18/5/4 17/6/4 13/10/4 2/9/4 
f 10/7/4 9/8/4 3/12/4 14/11/4 
f 12/5/6 11/6/6 19/14/6 4/13/6 
f 16/7/6 15/8/6 1/16/6 20/15/6 
usemtl 13___Default
f 21/18/4 10/7/4 14/11/4 8/19/4 
f 17/6/4 24/17/4 5/20/4 13/10/4 
f 23/18/6 16/7/6 20/15/6 6/21/6 
f 11/6/6 22/17/6 7/22/6 19/14/6 
usemtl 02___Default
f 25/23/1 26/24/1 27/25/1 28/26/1 
f 29/25/2 30/26/2 31/23/2 32/24/2 
usemtl 01___Default
f 33/27/3 34/28/3 35/29/3 36/30/3 
usemtl 02___Default
f 37/27/4 38/28/4 39/29/4 40/30/4 
usemtl 01___Default
f 41/27/5 42/28/5 43/29/5 44/30/5 
usemtl 08___Default
f 45/27/6 46/28/6 47/29/6 48/30/6 
usemtl 01___Default
f 49/31/3 50/32/3 51/33/3 52/34/3 
usemtl 02___Default
f 53/32/3 54/27/3 55/30/3 56/33/3 
f 57/35/3 58/29/3 59/28/3 60/36/3 
f 61/31/4 62/32/4 63/33/4 64/34/4 
f 62/32/4 37/27/4 40/30/4 63/33/4 
f 65/35/4 39/29/4 38/28/4 66/36/4 
usemtl 01___Default
f 67/31/5 68/32/5 69/33/5 70/34/5 
usemtl 02___Default
f 71/32/5 72/27/5 73/30/5 74/33/5 
f 75/35/5 76/29/5 77/28/5 78/36/5 
f 79/31/6 80/32/6 81/33/6 82/34/6 
f 80/32/6 83/27/6 84/30/6 81/33/6 
usemtl 08___Default
f 85/35/6 47/29/6 46/28/6 86/36/6 
usemtl 02___Default
f 66/37/1 25/23/1 28/26/1 65/38/1 
f 87/39/1 27/25/1 26/24/1 88/40/1 
f 89/39/2 90/25/2 91/24/2 92/40/2 
f 93/37/2 94/23/2 95/26/2 96/38/2 
usemtl 01___Default
f 97/7/3 98/41/3 99/28/3 100/27/3 
f 101/42/3 102/6/3 103/30/3 104/29/3 
f 105/7/5 106/41/5 107/28/5 108/27/5 
f 109/42/5 110/6/5 111/30/5 112/29/5 
f 113/18/3 114/43/3 115/32/3 116/31/3 
f 117/44/3 118/17/3 119/34/3 120/33/3 
f 121/43/3 122/7/3 123/27/3 124/32/3 
f 125/6/3 126/44/3 127/33/3 128/30/3 
usemtl 02___Default
f 129/5/3 130/42/3 131/29/3 132/35/3 
f 133/41/3 134/8/3 135/36/3 136/28/3 
usemtl 01___Default
f 137/18/5 138/43/5 139/32/5 140/31/5 
f 141/44/5 142/17/5 143/34/5 144/33/5 
f 145/43/5 146/7/5 147/27/5 148/32/5 
f 149/6/5 150/44/5 151/33/5 152/30/5 
usemtl 02___Default
f 153/5/5 154/42/5 155/29/5 156/35/5 
f 157/41/5 158/8/5 159/36/5 160/28/5 
f 132/36/1 135/35/1 26/24/1 25/23/1 
f 156/34/1 159/31/1 28/26/1 27/25/1 
f 161/34/2 162/31/2 95/26/2 90/25/2 
f 163/36/2 164/35/2 91/24/2 94/23/2 
usemtl 01___Default
f 102/7/4 101/41/4 165/28/4 166/27/4 
f 106/42/4 105/6/4 167/30/4 168/29/4 
f 110/7/6 109/41/6 169/28/6 170/27/6 
f 98/42/6 97/6/6 171/30/6 172/29/6 
f 118/18/4 117/43/4 173/32/4 174/31/4 
f 138/44/4 137/17/4 175/34/4 176/33/4 
f 126/43/4 125/7/4 177/27/4 178/32/4 
f 146/6/4 145/44/4 179/33/4 180/30/4 
usemtl 02___Default
f 158/5/4 157/42/4 39/29/4 65/35/4 
f 130/41/4 129/8/4 66/36/4 38/28/4 
usemtl 01___Default
f 142/18/6 141/43/6 181/32/6 182/31/6 
f 114/44/6 113/17/6 183/34/6 184/33/6 
f 150/43/6 149/7/6 185/27/6 186/32/6 
f 122/6/6 121/44/6 187/33/6 188/30/6 
usemtl 02___Default
f 134/5/6 133/42/6 189/29/6 88/35/6 
f 154/41/6 153/8/6 87/36/6 190/28/6 
f 129/8/1 132/36/1 25/23/1 66/37/1 
f 159/31/1 158/18/1 65/38/1 28/26/1 
f 153/17/1 156/34/1 27/25/1 87/39/1 
f 135/35/1 134/5/1 88/40/1 26/24/1 
f 191/17/2 161/34/2 90/25/2 89/39/2 
f 164/35/2 192/5/2 92/40/2 91/24/2 
f 193/8/2 163/36/2 94/23/2 93/37/2 
f 162/31/2 194/18/2 96/38/2 95/26/2 
f 195/44/1 81/33/1 187/33/1 121/44/1 
f 81/33/7 84/30/7 188/30/7 187/33/7 
f 84/30/2 196/6/2 122/6/2 188/30/2 
f 196/7/2 197/27/2 123/27/2 122/7/2 
f 197/27/8 198/32/8 124/32/8 123/27/8 
f 198/32/1 195/43/1 121/43/1 124/32/1 
f 199/44/1 200/33/1 127/33/1 126/44/1 
f 200/33/9 201/30/9 128/30/9 127/33/9 
f 201/30/2 202/6/2 125/6/2 128/30/2 
f 202/7/2 37/27/2 177/27/2 125/7/2 
f 37/27/10 62/32/10 178/32/10 177/27/10 
f 62/32/1 199/43/1 126/43/1 178/32/1 
f 203/44/1 63/33/1 179/33/1 145/44/1 
f 63/33/8 40/30/8 180/30/8 179/33/8 
f 40/30/2 204/6/2 146/6/2 180/30/2 
f 204/7/2 205/27/2 147/27/2 146/7/2 
f 205/27/7 206/32/7 148/32/7 147/27/7 
f 206/32/1 203/43/1 145/43/1 148/32/1 
f 207/44/1 208/33/1 151/33/1 150/44/1 
f 208/33/10 209/30/10 152/30/10 151/33/10 
f 209/30/2 210/6/2 149/6/2 152/30/2 
f 210/7/2 83/27/2 185/27/2 149/7/2 
f 83/27/9 80/32/9 186/32/9 185/27/9 
f 80/32/1 207/43/1 150/43/1 186/32/1 
f 133/41/3 136/28/3 211/28/3 212/41/3 
f 136/28/3 197/27/3 213/27/3 211/28/3 
f 197/27/3 196/7/3 214/7/3 213/27/3 
f 196/6/6 84/30/6 215/30/6 214/6/6 
f 84/30/6 189/29/6 216/29/6 215/30/6 
f 189/29/6 133/42/6 212/42/6 216/29/6 
f 202/6/3 201/30/3 217/30/3 218/6/3 
f 201/30/3 131/29/3 219/29/3 217/30/3 
f 131/29/3 130/42/3 220/42/3 219/29/3 
f 130/41/4 38/28/4 221/28/4 220/41/4 
f 38/28/4 37/27/4 222/27/4 221/28/4 
f 37/27/4 202/7/4 218/7/4 222/27/4 
f 204/6/4 40/30/4 223/30/4 224/6/4 
f 40/30/4 39/29/4 225/29/4 223/30/4 
f 39/29/4 157/42/4 226/42/4 225/29/4 
f 157/41/5 160/28/5 227/28/5 226/41/5 
f 160/28/5 205/27/5 228/27/5 227/28/5 
f 205/27/5 204/7/5 224/7/5 228/27/5 
f 210/6/5 209/30/5 229/30/5 230/6/5 
f 209/30/5 155/29/5 231/29/5 229/30/5 
f 155/29/5 154/42/5 232/42/5 231/29/5 
f 154/41/6 190/28/6 233/28/6 232/41/6 
f 190/28/6 83/27/6 234/27/6 233/28/6 
f 83/27/6 210/7/6 230/7/6 234/27/6 
f 212/41/2 211/28/2 99/28/2 98/41/2 
f 211/28/11 213/27/11 100/27/11 99/28/11 
f 213/27/1 214/7/1 97/7/1 100/27/1 
f 214/6/1 215/30/1 171/30/1 97/6/1 
f 215/30/12 216/29/12 172/29/12 171/30/12 
f 216/29/2 212/42/2 98/42/2 172/29/2 
f 218/6/1 217/30/1 103/30/1 102/6/1 
f 217/30/13 219/29/13 104/29/13 103/30/13 
f 219/29/14 220/42/14 101/42/14 104/29/14 
f 220/41/2 221/28/2 165/28/2 101/41/2 
f 221/28/15 222/27/15 166/27/15 165/28/15 
f 222/27/1 218/7/1 102/7/1 166/27/1 
f 224/6/1 223/30/1 167/30/1 105/6/1 
f 223/30/16 225/29/16 168/29/16 167/30/16 
f 225/29/2 226/42/2 106/42/2 168/29/2 
f 226/41/2 227/28/2 107/28/2 106/41/2 
f 227/28/17 228/27/17 108/27/17 107/28/17 
f 228/27/1 224/7/1 105/7/1 108/27/1 
f 230/6/1 229/30/1 111/30/1 110/6/1 
f 229/30/18 231/29/18 112/29/18 111/30/18 
f 231/29/2 232/42/2 109/42/2 112/29/2 
f 232/41/14 233/28/14 169/28/14 109/41/14 
f 233/28/19 234/27/19 170/27/19 169/28/19 
f 234/27/1 230/7/1 110/7/1 170/27/1 
f 235/31/3 236/18/3 237/18/3 238/31/3 
f 236/17/6 82/34/6 239/34/6 237/17/6 
f 82/34/6 81/33/6 240/33/6 239/34/6 
f 81/33/6 195/44/6 241/44/6 240/33/6 
f 195/43/3 198/32/3 242/32/3 241/43/3 
f 198/32/3 235/31/3 238/31/3 242/32/3 
f 61/31/4 243/18/4 244/18/4 245/31/4 
f 243/17/3 246/34/3 247/34/3 244/17/3 
f 246/34/3 200/33/3 248/33/3 247/34/3 
f 200/33/3 199/44/3 249/44/3 248/33/3 
f 199/43/4 62/32/4 250/32/4 249/43/4 
f 62/32/4 61/31/4 245/31/4 250/32/4 
f 251/31/5 252/18/5 253/18/5 254/31/5 
f 252/17/4 64/34/4 255/34/4 253/17/4 
f 64/34/4 63/33/4 256/33/4 255/34/4 
f 63/33/4 203/44/4 257/44/4 256/33/4 
f 203/43/5 206/32/5 258/32/5 257/43/5 
f 206/32/5 251/31/5 254/31/5 258/32/5 
f 79/31/6 259/18/6 260/18/6 261/31/6 
f 259/17/5 262/34/5 263/34/5 260/17/5 
f 262/34/5 208/33/5 264/33/5 263/34/5 
f 208/33/5 207/44/5 265/44/5 264/33/5 
f 207/43/6 80/32/6 266/32/6 265/43/6 
f 80/32/6 79/31/6 261/31/6 266/32/6 
f 238/31/1 237/18/1 113/18/1 116/31/1 
f 237/17/1 239/34/1 183/34/1 113/17/1 
f 239/34/17 240/33/17 184/33/17 183/34/17 
f 240/33/2 241/44/2 114/44/2 184/33/2 
f 241/43/2 242/32/2 115/32/2 114/43/2 
f 242/32/16 238/31/16 116/31/16 115/32/16 
f 245/31/1 244/18/1 118/18/1 174/31/1 
f 244/17/1 247/34/1 119/34/1 118/17/1 
f 247/34/19 248/33/19 120/33/19 119/34/19 
f 248/33/2 249/44/2 117/44/2 120/33/2 
f 249/43/2 250/32/2 173/32/2 117/43/2 
f 250/32/18 245/31/18 174/31/18 173/32/18 
f 254/31/1 253/18/1 137/18/1 140/31/1 
f 253/17/1 255/34/1 175/34/1 137/17/1 
f 255/34/11 256/33/11 176/33/11 175/34/11 
f 256/33/2 257/44/2 138/44/2 176/33/2 
f 257/43/2 258/32/2 139/32/2 138/43/2 
f 258/32/12 254/31/12 140/31/12 139/32/12 
f 261/31/1 260/18/1 142/18/1 182/31/1 
f 260/17/1 263/34/1 143/34/1 142/17/1 
f 263/34/15 264/33/15 144/33/15 143/34/15 
f 264/33/2 265/44/2 141/44/2 144/33/2 
f 265/43/2 266/32/2 181/32/2 141/43/2 
f 266/32/13 261/31/13 182/31/13 181/32/13 
f 267/8/20 268/36/20 269/36/20 270/8/20 
f 268/36/3 271/35/3 272/35/3 269/36/3 
f 271/35/21 273/5/21 274/5/21 272/35/21 
f 273/5/22 275/40/22 276/40/22 274/5/22 
f 275/40/4 277/39/4 278/39/4 276/40/4 
f 277/39/23 279/17/23 280/17/23 278/39/23 
f 279/17/24 281/34/24 282/34/24 280/17/24 
f 281/34/5 283/31/5 284/31/5 282/34/5 
f 283/31/25 285/18/25 286/18/25 284/31/25 
f 285/18/26 287/38/26 288/38/26 286/18/26 
f 287/38/6 289/37/6 290/37/6 288/38/6 
f 289/37/27 267/8/27 270/8/27 290/37/27 
f 236/8/1 235/36/1 268/36/1 267/8/1 
f 235/36/1 246/35/1 271/35/1 268/36/1 
f 246/35/1 243/5/1 273/5/1 271/35/1 
f 243/5/1 61/40/1 275/40/1 273/5/1 
f 61/40/1 64/39/1 277/39/1 275/40/1 
f 64/39/1 252/17/1 279/17/1 277/39/1 
f 252/17/1 251/34/1 281/34/1 279/17/1 
f 251/34/1 262/31/1 283/31/1 281/34/1 
f 262/31/1 259/18/1 285/18/1 283/31/1 
f 259/18/1 79/38/1 287/38/1 285/18/1 
f 79/38/1 82/37/1 289/37/1 287/38/1 
f 82/37/1 236/8/1 267/8/1 289/37/1 
f 291/36/2 292/8/2 270/8/2 269/36/2 
f 292/8/2 293/37/2 290/37/2 270/8/2 
f 293/37/2 294/38/2 288/38/2 290/37/2 
f 294/38/2 295/18/2 286/18/2 288/38/2 
f 295/18/2 296/31/2 284/31/2 286/18/2 
f 296/31/2 297/34/2 282/34/2 284/31/2 
f 297/34/2 298/17/2 280/17/2 282/34/2 
f 298/17/2 299/39/2 278/39/2 280/17/2 
f 299/39/2 300/40/2 276/40/2 278/39/2 
f 300/40/2 301/5/2 274/5/2 276/40/2 
f 301/5/2 302/35/2 272/35/2 274/5/2 
f 302/35/2 291/36/2 269/36/2 272/35/2 
f 292/8/3 291/36/3 163/36/3 193/8/3 
f 291/36/3 302/35/3 164/35/3 163/36/3 
f 302/35/3 301/5/3 192/5/3 164/35/3 
f 301/5/4 300/40/4 92/40/4 192/5/4 
f 300/40/4 299/39/4 89/39/4 92/40/4 
f 299/39/4 298/17/4 191/17/4 89/39/4 
f 298/17/5 297/34/5 161/34/5 191/17/5 
f 297/34/5 296/31/5 162/31/5 161/34/5 
f 296/31/5 295/18/5 194/18/5 162/31/5 
f 295/18/6 294/38/6 96/38/6 194/18/6 
f 294/38/6 293/37/6 93/37/6 96/38/6 
f 293/37/6 292/8/6 193/8/6 93/37/6 
f 87/36/6 88/35/6 303/35/6 304/36/6 
f 88/35/6 189/29/6 305/29/6 303/35/6 
f 189/29/6 84/30/6 306/30/6 305/29/6 
f 84/30/6 83/27/6 307/27/6 306/30/6 
f 83/27/6 190/28/6 308/28/6 307/27/6 
f 190/28/6 87/36/6 304/36/6 308/28/6 
f 304/36/28 303/35/28 309/35/28 310/36/28 
usemtl 19___Default
f 303/35/28 305/29/28 311/29/28 309/35/28 
f 305/29/6 306/30/6 312/30/6 311/29/6 
f 306/30/6 307/27/6 313/27/6 312/30/6 
f 307/27/29 308/28/29 314/28/29 313/27/29 
f 308/28/30 304/36/30 310/36/30 314/28/30 
usemtl 02___Default
f 310/36/2 309/35/2 85/35/2 86/36/2 
f 309/35/5 311/29/5 47/29/5 85/35/5 
f 311/29/31 312/30/31 48/30/31 47/29/31 
f 312/30/1 313/27/1 45/27/1 48/30/1 
f 313/27/3 314/28/3 46/28/3 45/27/3 
f 314/28/32 310/36/32 86/36/32 46/28/32 
f 135/36/1 132/35/1 57/35/1 60/36/1 
f 132/35/33 131/29/33 58/29/33 57/35/33 
f 131/29/4 201/30/4 55/30/4 58/29/4 
f 201/30/4 200/33/4 56/33/4 55/30/4 
f 200/33/33 246/34/33 315/34/33 56/33/33 
f 246/34/2 235/31/2 316/31/2 315/34/2 
f 235/31/6 198/32/6 53/32/6 316/31/6 
f 198/32/6 197/27/6 54/27/6 53/32/6 
f 197/27/28 136/28/28 59/28/28 54/27/28 
f 136/28/6 135/36/6 60/36/6 59/28/6 
f 159/36/1 156/35/1 75/35/1 78/36/1 
f 156/35/28 155/29/28 76/29/28 75/35/28 
f 155/29/6 209/30/6 73/30/6 76/29/6 
f 209/30/6 208/33/6 74/33/6 73/30/6 
f 208/33/28 262/34/28 317/34/28 74/33/28 
f 262/34/2 251/31/2 318/31/2 317/34/2 
f 251/31/4 206/32/4 71/32/4 318/31/4 
f 206/32/4 205/27/4 72/27/4 71/32/4 
f 205/27/33 160/28/33 77/28/33 72/27/33 
f 160/28/4 159/36/4 78/36/4 77/28/4 
f 55/30/3 54/27/3 319/27/3 320/30/3 
f 54/27/3 59/28/3 321/28/3 319/27/3 
f 59/28/3 58/29/3 322/29/3 321/28/3 
f 58/29/3 55/30/3 320/30/3 322/29/3 
f 73/30/5 72/27/5 323/27/5 324/30/5 
f 72/27/5 77/28/5 325/28/5 323/27/5 
f 77/28/5 76/29/5 326/29/5 325/28/5 
f 76/29/5 73/30/5 324/30/5 326/29/5 
f 53/32/3 56/33/3 327/33/3 328/32/3 
f 56/33/3 315/34/3 329/34/3 327/33/3 
f 315/34/3 316/31/3 330/31/3 329/34/3 
f 316/31/3 53/32/3 328/32/3 330/31/3 
f 71/32/5 74/33/5 331/33/5 332/32/5 
f 74/33/5 317/34/5 333/34/5 331/33/5 
f 317/34/5 318/31/5 334/31/5 333/34/5 
f 318/31/5 71/32/5 332/32/5 334/31/5 
f 320/30/1 319/27/1 33/27/1 36/30/1 
f 319/27/4 321/28/4 34/28/4 33/27/4 
f 321/28/2 322/29/2 35/29/2 34/28/2 
f 322/29/28 320/30/28 36/30/28 35/29/28 
f 324/30/1 323/27/1 41/27/1 44/30/1 
f 323/27/6 325/28/6 42/28/6 41/27/6 
f 325/28/2 326/29/2 43/29/2 42/28/2 
f 326/29/33 324/30/33 44/30/33 43/29/33 
f 328/32/2 327/33/2 51/33/2 50/32/2 
f 327/33/6 329/34/6 52/34/6 51/33/6 
f 329/34/1 330/31/1 49/31/1 52/34/1 
f 330/31/33 328/32/33 50/32/33 49/31/33 
f 332/32/2 331/33/2 69/33/2 68/32/2 
f 331/33/4 333/34/4 70/34/4 69/33/4 
f 333/34/1 334/31/1 67/31/1 70/34/1 
f 334/31/28 332/32/28 68/32/28 67/31/28 
f 91/24/4 90/25/4 335/25/4 336/24/4 
f 90/25/5 95/26/5 337/26/5 335/25/5 
f 95/26/6 94/23/6 338/23/6 337/26/6 
f 94/23/3 91/24/3 336/24/3 338/23/3 
f 336/24/2 335/25/2 339/25/2 340/24/2 
f 335/25/2 337/26/2 341/26/2 339/25/2 
f 337/26/2 338/23/2 342/23/2 341/26/2 
f 338/23/2 336/24/2 340/24/2 342/23/2 
f 340/24/6 339/25/6 29/25/6 32/24/6 
f 339/25/3 341/26/3 30/26/3 29/25/3 
f 341/26/4 342/23/4 31/23/4 30/26/4 
f 342/23/5 340/24/5 32/24/5 31/23/5 
f 343/5/1 344/17/1 345/18/1 346/8/1 
f 347/8/2 348/5/2 349/17/2 350/18/2 
f 343/8/30 346/5/30 348/17/30 347/18/30 
f 346/8/3 345/5/3 349/17/3 348/18/3 
f 345/8/34 344/5/34 350/17/34 349/18/34 
f 344/8/5 343/5/5 347/17/5 350/18/5 
usemtl 07___Default
f 351/45/6 352/46/6 353/47/6 354/48/6 
f 355/45/5 356/46/5 352/46/5 351/45/5 
f 357/48/4 358/47/4 356/46/4 355/45/34 
f 354/48/3 353/47/3 358/47/3 357/48/3 
f 359/49/6 351/45/6 354/48/6 360/50/6 
f 361/49/2 355/45/2 351/45/2 359/49/2 
f 362/50/33 357/48/33 355/45/33 361/49/35 
f 360/50/1 354/48/1 357/48/1 362/50/1 
f 363/51/6 359/49/6 360/50/6 364/52/6 
f 365/51/36 361/49/36 359/49/36 363/51/36 
f 366/52/4 362/50/4 361/49/4 365/51/4 
f 364/52/37 360/50/37 362/50/37 366/52/37 
f 367/53/6 363/51/6 364/52/6 368/54/6 
f 369/53/38 365/51/38 363/51/38 367/53/38 
f 370/54/4 366/52/4 365/51/4 369/53/4 
f 368/54/39 364/52/39 366/52/39 370/54/39 
f 371/55/6 367/53/6 368/54/6 372/56/6 
f 373/55/40 369/53/40 367/53/40 371/55/40 
f 374/56/4 370/54/4 369/53/4 373/55/4 
f 372/56/41 368/54/41 370/54/41 374/56/41 
f 375/57/6 371/55/6 372/56/6 376/58/6 
f 377/57/42 373/55/42 371/55/42 375/57/42 
f 378/58/4 374/56/4 373/55/4 377/57/4 
f 376/58/43 372/56/43 374/56/43 378/58/43 
f 379/59/6 375/57/6 376/58/6 380/60/6 
f 381/59/44 377/57/44 375/57/44 379/59/44 
f 382/60/4 378/58/4 377/57/4 381/59/4 
f 380/60/45 376/58/45 378/58/45 382/60/45 
f 383/61/6 379/59/6 380/60/6 384/62/6 
f 385/61/46 381/59/46 379/59/46 383/61/46 
f 386/62/4 382/60/4 381/59/4 385/61/4 
f 384/62/47 380/60/47 382/60/47 386/62/47 
f 387/63/6 383/61/6 384/62/6 388/64/6 
f 389/63/48 385/61/48 383/61/48 387/63/48 
f 390/64/4 386/62/4 385/61/4 389/63/4 
f 388/64/49 384/62/49 386/62/49 390/64/49 
f 391/65/6 387/63/6 388/64/6 392/66/6 
f 393/65/50 389/63/50 387/63/50 391/65/50 
f 394/66/4 390/64/4 389/63/4 393/65/4 
f 392/66/51 388/64/51 390/64/51 394/66/51 
f 395/67/6 391/65/6 392/66/6 396/68/6 
f 397/67/52 393/65/52 391/65/52 395/67/52 
f 398/68/4 394/66/4 393/65/4 397/67/4 
f 396/68/53 392/66/53 394/66/53 398/68/53 
f 399/69/6 395/67/6 396/68/6 400/70/6 
f 401/69/54 397/67/54 395/67/54 399/69/54 
f 402/70/4 398/68/4 397/67/4 401/69/4 
f 400/70/55 396/68/55 398/68/55 402/70/55 
f 403/71/6 399/69/6 400/70/6 404/72/6 
f 405/71/56 401/69/56 399/69/56 403/71/56 
f 406/72/4 402/70/4 401/69/4 405/71/4 
f 404/72/57 400/70/57 402/70/57 406/72/57 
f 407/73/6 403/71/6 404/72/6 408/74/6 
f 409/73/58 405/71/58 403/71/58 407/73/58 
f 410/74/4 406/72/4 405/71/4 409/73/4 
f 408/74/59 404/72/59 406/72/59 410/74/59 
f 411/75/6 407/73/6 408/74/6 412/76/6 
f 413/75/60 409/73/60 407/73/60 411/75/60 
f 414/76/4 410/74/4 409/73/4 413/75/4 
f 412/76/61 408/74/61 410/74/61 414/76/61 
f 415/77/6 411/75/6 412/76/6 416/78/6 
f 417/77/62 413/75/62 411/75/62 415/77/62 
f 418/78/4 414/76/4 413/75/4 417/77/4 
f 416/78/63 412/76/63 414/76/63 418/78/63 
f 419/79/6 415/77/6 416/78/6 420/80/6 
f 421/79/64 417/77/64 415/77/64 419/79/64 
f 422/80/4 418/78/4 417/77/4 421/79/4 
f 420/80/65 416/78/65 418/78/65 422/80/65 
f 423/81/6 419/79/6 420/80/6 424/82/6 
f 425/81/66 421/79/66 419/79/66 423/81/66 
f 426/82/4 422/80/4 421/79/4 425/81/4 
f 424/82/67 420/80/67 422/80/67 426/82/67 
f 427/83/6 423/81/6 424/82/6 428/84/6 
f 429/83/68 425/81/68 423/81/68 427/83/68 
f 430/84/4 426/82/4 425/81/4 429/83/4 
f 428/84/69 424/82/69 426/82/69 430/84/69 
f 431/85/6 427/83/6 428/84/6 432/86/6 
f 433/85/70 429/83/70 427/83/70 431/85/70 
f 434/86/4 430/84/4 429/83/4 433/85/4 
f 432/86/71 428/84/71 430/84/71 434/86/71 
f 435/87/6 431/85/6 432/86/6 436/88/6 
f 437/87/72 433/85/72 431/85/72 435/87/72 
f 438/88/4 434/86/4 433/85/4 437/87/4 
f 436/88/73 432/86/73 434/86/73 438/88/73 
f 439/89/6 435/87/6 436/88/6 440/90/6 
f 441/89/74 437/87/74 435/87/74 439/89/74 
f 442/90/4 438/88/4 437/87/4 441/89/4 
f 440/90/75 436/88/75 438/88/75 442/90/75 
f 443/91/6 439/89/6 440/90/6 444/92/6 
f 445/91/76 441/89/76 439/89/76 443/91/76 
f 446/92/4 442/90/4 441/89/4 445/91/4 
f 444/92/77 440/90/77 442/90/77 446/92/77 
f 447/93/6 443/91/6 444/92/6 448/94/6 
f 449/93/78 445/91/78 443/91/78 447/93/78 
f 450/94/4 446/92/4 445/91/4 449/93/4 
f 448/94/79 444/92/79 446/92/79 450/94/79 
f 451/95/6 447/93/6 448/94/6 452/96/6 
f 453/95/80 449/93/80 447/93/80 451/95/80 
f 454/96/4 450/94/4 449/93/4 453/95/4 
f 452/96/81 448/94/81 450/94/81 454/96/81 
f 455/97/6 451/95/6 452/96/6 456/98/6 
f 457/97/82 453/95/82 451/95/82 455/97/82 
f 458/98/4 454/96/4 453/95/4 457/97/4 
f 456/98/83 452/96/83 454/96/83 458/98/83 
f 459/99/6 455/97/6 456/98/6 460/100/6 
f 461/99/84 457/97/84 455/97/84 459/99/84 
f 462/100/4 458/98/4 457/97/4 461/99/4 
f 460/100/85 456/98/85 458/98/85 462/100/85 
f 463/101/6 459/99/6 460/100/6 464/102/6 
f 465/101/86 461/99/86 459/99/86 463/101/86 
f 466/102/4 462/100/4 461/99/4 465/101/4 
f 464/102/87 460/100/87 462/100/87 466/102/87 
f 467/103/6 463/101/6 464/102/6 468/104/6 
f 469/103/88 465/101/88 463/101/88 467/103/88 
f 470/104/4 466/102/4 465/101/4 469/103/4 
f 468/104/89 464/102/89 466/102/89 470/104/89 
f 471/105/6 467/103/6 468/104/6 472/106/6 
f 473/105/90 469/103/90 467/103/90 471/105/90 
f 474/106/4 470/104/4 469/103/4 473/105/4 
f 472/106/91 468/104/91 470/104/91 474/106/91 
f 475/107/6 471/105/6 472/106/6 476/108/6 
f 477/107/92 473/105/92 471/105/92 475/107/92 
f 478/108/4 474/106/4 473/105/4 477/107/4 
f 476/108/93 472/106/93 474/106/93 478/108/93 
f 479/109/6 475/107/6 476/108/6 480/110/6 
f 481/109/94 477/107/94 475/107/94 479/109/94 
f 482/110/4 478/108/4 477/107/4 481/109/4 
f 480/110/95 476/108/95 478/108/95 482/110/95 
f 483/111/6 479/109/6 480/110/6 484/112/6 
f 485/111/96 481/109/96 479/109/96 483/111/96 
f 486/112/4 482/110/4 481/109/4 485/111/4 
f 484/112/97 480/110/97 482/110/97 486/112/97 
f 487/113/6 483/111/6 484/112/6 488/114/6 
f 489/113/98 485/111/98 483/111/98 487/113/98 
f 490/114/4 486/112/4 485/111/4 489/113/4 
f 488/114/99 484/112/99 486/112/99 490/114/99 
f 491/115/6 487/113/6 488/114/6 492/116/6 
f 493/115/100 489/113/100 487/113/100 491/115/100 
f 494/116/4 490/114/4 489/113/4 493/115/4 
f 492/116/101 488/114/101 490/114/101 494/116/101 
f 495/117/6 491/115/6 492/116/6 496/118/6 
f 497/117/102 493/115/102 491/115/102 495/117/102 
f 498/118/4 494/116/4 493/115/4 497/117/4 
f 496/118/103 492/116/103 494/116/103 498/118/103 
f 499/119/4 495/117/4 496/118/4 500/120/6 
f 501/119/104 497/117/104 495/117/104 499/119/104 
f 502/120/34 498/118/34 497/117/34 501/119/30 
f 500/120/104 496/118/104 498/118/104 502/120/104 
f 503/121/4 499/119/4 500/120/4 504/122/6 
f 505/121/105 501/119/105 499/119/105 503/121/105 
f 506/122/35 502/120/35 501/119/35 505/121/6 
f 504/122/106 500/120/106 502/120/106 506/122/106 
f 507/123/6 503/121/6 504/122/6 508/124/6 
f 509/123/107 505/121/107 503/121/107 507/123/107 
f 510/124/4 506/122/4 505/121/4 509/123/4 
f 508/124/108 504/122/108 506/122/108 510/124/108 
f 511/125/6 507/123/6 508/124/6 512/126/6 
f 513/125/109 509/123/109 507/123/109 511/125/109 
f 514/126/4 510/124/4 509/123/4 513/125/4 
f 512/126/110 508/124/110 510/124/110 514/126/110 
f 515/127/6 511/125/6 512/126/6 516/128/6 
f 517/127/111 513/125/111 511/125/111 515/127/111 
f 518/128/4 514/126/4 513/125/4 517/127/4 
f 516/128/112 512/126/112 514/126/112 518/128/112 
f 519/129/6 515/127/6 516/128/6 520/130/6 
f 521/129/113 517/127/113 515/127/113 519/129/113 
f 522/130/4 518/128/4 517/127/4 521/129/4 
f 520/130/114 516/128/114 518/128/114 522/130/114 
f 523/131/6 519/129/6 520/130/6 524/132/6 
f 525/131/115 521/129/115 519/129/115 523/131/115 
f 526/132/4 522/130/4 521/129/4 525/131/4 
f 524/132/116 520/130/116 522/130/116 526/132/116 
f 527/133/6 523/131/6 524/132/6 528/134/6 
f 529/133/117 525/131/117 523/131/117 527/133/117 
f 530/134/4 526/132/4 525/131/4 529/133/4 
f 528/134/118 524/132/118 526/132/118 530/134/118 
f 531/135/6 527/133/6 528/134/6 532/136/6 
f 533/135/119 529/133/119 527/133/119 531/135/119 
f 534/136/4 530/134/4 529/133/4 533/135/4 
f 532/136/120 528/134/120 530/134/120 534/136/120 
f 535/137/6 531/135/6 532/136/6 536/138/6 
f 537/137/121 533/135/121 531/135/121 535/137/121 
f 538/138/4 534/136/4 533/135/4 537/137/4 
f 536/138/122 532/136/122 534/136/122 538/138/122 
f 539/139/6 535/137/6 536/138/6 540/140/6 
f 541/139/123 537/137/123 535/137/123 539/139/123 
f 542/140/4 538/138/4 537/137/4 541/139/4 
f 540/140/124 536/138/124 538/138/124 542/140/124 
f 543/141/6 539/139/6 540/140/6 544/142/6 
f 545/141/125 541/139/125 539/139/125 543/141/125 
f 546/142/4 542/140/4 541/139/4 545/141/4 
f 544/142/126 540/140/126 542/140/126 546/142/126 
f 547/143/6 543/141/6 544/142/6 548/144/6 
f 549/143/127 545/141/127 543/141/127 547/143/127 
f 550/144/4 546/142/4 545/141/4 549/143/4 
f 548/144/128 544/142/128 546/142/128 550/144/128 
f 551/145/6 547/143/6 548/144/6 552/146/6 
f 553/145/129 549/143/129 547/143/129 551/145/129 
f 554/146/4 550/144/4 549/143/4 553/145/34 
f 552/146/130 548/144/130 550/144/130 554/146/130 
f 555/147/6 551/145/6 552/146/6 556/148/6 
f 557/147/131 553/145/131 551/145/131 555/147/131 
f 558/148/34 554/146/34 553/145/34 557/147/34 
f 556/148/132 552/146/132 554/146/132 558/148/132 
f 559/149/6 555/147/6 556/148/6 560/150/6 
f 561/149/133 557/147/133 555/147/133 559/149/133 
f 562/150/35 558/148/35 557/147/35 561/149/35 
f 560/150/134 556/148/134 558/148/134 562/150/134 
f 563/151/6 559/149/6 560/150/6 564/152/6 
f 565/151/135 561/149/135 559/149/135 563/151/135 
f 566/152/35 562/150/35 561/149/35 565/151/34 
f 564/152/136 560/150/136 562/150/136 566/152/136 
f 567/153/6 563/151/6 564/152/6 568/154/6 
f 569/153/137 565/151/137 563/151/137 567/153/137 
f 570/154/4 566/152/4 565/151/4 569/153/4 
f 568/154/138 564/152/138 566/152/138 570/154/138 
f 571/155/6 567/153/6 568/154/6 572/156/6 
f 573/155/139 569/153/139 567/153/139 571/155/139 
f 574/156/4 570/154/4 569/153/4 573/155/4 
f 572/156/140 568/154/140 570/154/140 574/156/140 
f 575/157/6 571/155/6 572/156/6 576/158/6 
f 577/157/141 573/155/141 571/155/141 575/157/141 
f 578/158/4 574/156/4 573/155/4 577/157/4 
f 576/158/142 572/156/142 574/156/142 578/158/142 
f 579/159/6 575/157/6 576/158/6 580/160/6 
f 581/159/143 577/157/143 575/157/143 579/159/143 
f 582/160/4 578/158/4 577/157/4 581/159/4 
f 580/160/144 576/158/144 578/158/144 582/160/144 
f 583/161/6 579/159/6 580/160/6 584/162/6 
f 585/161/145 581/159/145 579/159/145 583/161/145 
f 586/162/4 582/160/4 581/159/4 585/161/4 
f 584/162/146 580/160/146 582/160/146 586/162/146 
f 587/163/6 583/161/6 584/162/6 588/164/6 
f 589/163/147 585/161/147 583/161/147 587/163/147 
f 590/164/4 586/162/4 585/161/4 589/163/4 
f 588/164/148 584/162/148 586/162/148 590/164/148 
f 591/165/6 587/163/6 588/164/6 592/166/6 
f 593/165/149 589/163/149 587/163/149 591/165/149 
f 594/166/4 590/164/4 589/163/4 593/165/4 
f 592/166/150 588/164/150 590/164/150 594/166/150 
f 595/167/6 591/165/6 592/166/6 596/168/6 
f 597/167/151 593/165/151 591/165/151 595/167/151 
f 598/168/4 594/166/4 593/165/4 597/167/4 
f 596/168/152 592/166/152 594/166/152 598/168/152 
f 599/169/6 595/167/6 596/168/6 600/170/6 
f 601/169/153 597/167/153 595/167/153 599/169/153 
f 602/170/4 598/168/4 597/167/4 601/169/4 
f 600/170/154 596/168/154 598/168/154 602/170/154 
f 603/171/6 599/169/6 600/170/6 604/172/6 
f 605/171/155 601/169/155 599/169/155 603/171/155 
f 606/172/4 602/170/4 601/169/4 605/171/4 
f 604/172/156 600/170/156 602/170/156 606/172/156 
f 607/173/6 603/171/6 604/172/6 608/174/6 
f 609/173/157 605/171/157 603/171/157 607/173/157 
f 610/174/4 606/172/4 605/171/4 609/173/4 
f 608/174/158 604/172/158 606/172/158 610/174/158 
f 611/175/6 607/173/6 608/174/6 612/176/6 
f 613/175/159 609/173/159 607/173/159 611/175/159 
f 614/176/4 610/174/4 609/173/4 613/175/4 
f 612/176/160 608/174/160 610/174/160 614/176/160 
f 615/177/6 611/175/6 612/176/6 616/178/6 
f 617/177/161 613/175/161 611/175/161 615/177/162 
f 618/178/4 614/176/4 613/175/4 617/177/4 
f 616/178/163 612/176/163 614/176/163 618/178/163 
f 619/179/6 615/177/6 616/178/6 620/180/6 
f 621/179/164 617/177/164 615/177/164 619/179/164 
f 622/180/4 618/178/4 617/177/4 621/179/4 
f 620/180/165 616/178/165 618/178/165 622/180/165 
f 623/181/6 619/179/6 620/180/6 624/182/6 
f 625/181/166 621/179/166 619/179/166 623/181/166 
f 626/182/4 622/180/4 621/179/4 625/181/4 
f 624/182/167 620/180/167 622/180/167 626/182/167 
f 627/183/6 623/181/6 624/182/6 628/184/6 
f 629/183/168 625/181/168 623/181/168 627/183/168 
f 630/184/4 626/182/4 625/181/4 629/183/4 
f 628/184/169 624/182/169 626/182/169 630/184/169 
f 631/185/6 627/183/6 628/184/6 632/186/6 
f 633/185/170 629/183/170 627/183/170 631/185/170 
f 634/186/4 630/184/4 629/183/4 633/185/4 
f 632/186/171 628/184/171 630/184/171 634/186/171 
f 635/187/6 631/185/6 632/186/6 636/188/6 
f 637/187/172 633/185/172 631/185/172 635/187/172 
f 638/188/4 634/186/4 633/185/4 637/187/4 
f 636/188/173 632/186/173 634/186/173 638/188/173 
f 639/189/6 635/187/6 636/188/6 640/190/6 
f 641/189/174 637/187/174 635/187/174 639/189/174 
f 642/190/4 638/188/4 637/187/4 641/189/4 
f 640/190/175 636/188/175 638/188/175 642/190/175 
f 643/191/6 639/189/6 640/190/6 644/192/6 
f 645/191/176 641/189/176 639/189/176 643/191/176 
f 646/192/4 642/190/4 641/189/4 645/191/4 
f 644/192/177 640/190/177 642/190/177 646/192/177 
f 647/193/6 643/191/6 644/192/6 648/194/6 
f 649/193/178 645/191/178 643/191/178 647/193/178 
f 650/194/4 646/192/4 645/191/4 649/193/4 
f 648/194/179 644/192/179 646/192/179 650/194/179 
f 651/195/6 647/193/6 648/194/6 652/196/6 
f 653/195/180 649/193/180 647/193/180 651/195/180 
f 654/196/4 650/194/4 649/193/4 653/195/4 
f 652/196/181 648/194/181 650/194/181 654/196/181 
f 655/197/6 651/195/6 652/196/6 656/198/6 
f 657/197/182 653/195/182 651/195/182 655/197/182 
f 658/198/4 654/196/4 653/195/4 657/197/4 
f 656/198/183 652/196/183 654/196/183 658/198/183 
f 659/199/6 655/197/6 656/198/6 660/200/6 
f 661/199/184 657/197/184 655/197/184 659/199/184 
f 662/200/4 658/198/4 657/197/4 661/199/4 
f 660/200/185 656/198/185 658/198/185 662/200/185 
f 663/201/6 659/199/6 660/200/6 664/202/6 
f 665/201/186 661/199/186 659/199/186 663/201/186 
f 666/202/4 662/200/4 661/199/4 665/201/4 
f 664/202/187 660/200/187 662/200/187 666/202/187 
f 667/203/6 663/201/6 664/202/6 668/204/6 
f 669/203/188 665/201/188 663/201/188 667/203/188 
f 670/204/4 666/202/4 665/201/4 669/203/4 
f 668/204/189 664/202/189 666/202/189 670/204/189 
f 352/46/6 667/203/6 668/204/6 353/47/6 
f 356/46/1 669/203/1 667/203/1 352/46/1 
f 358/47/4 670/204/4 669/203/4 356/46/4 
f 353/47/2 668/204/2 670/204/2 358/47/2 
f 671/205/6 672/206/6 673/207/6 674/208/6 
f 675/205/2 676/206/2 672/206/2 671/205/2 
f 677/208/4 678/207/4 676/206/4 675/205/4 
f 674/208/1 673/207/1 678/207/1 677/208/1 
f 679/209/6 671/205/6 674/208/6 680/210/6 
f 681/209/190 675/205/190 671/205/190 679/209/191 
f 682/210/4 677/208/4 675/205/4 681/209/4 
f 680/210/192 674/208/192 677/208/192 682/210/193 
f 683/211/6 679/209/6 680/210/6 684/212/6 
f 685/211/194 681/209/194 679/209/194 683/211/195 
f 686/212/4 682/210/4 681/209/4 685/211/4 
f 684/212/196 680/210/196 682/210/196 686/212/197 
f 687/213/6 683/211/6 684/212/6 688/214/6 
f 689/213/198 685/211/198 683/211/198 687/213/198 
f 690/214/4 686/212/4 685/211/4 689/213/4 
f 688/214/199 684/212/199 686/212/199 690/214/199 
f 691/215/6 687/213/6 688/214/6 692/216/6 
f 693/215/200 689/213/200 687/213/200 691/215/200 
f 694/216/4 690/214/4 689/213/4 693/215/4 
f 692/216/201 688/214/201 690/214/201 694/216/201 
f 695/217/6 691/215/6 692/216/6 696/218/6 
f 697/217/202 693/215/202 691/215/202 695/217/202 
f 698/218/4 694/216/4 693/215/4 697/217/34 
f 696/218/203 692/216/203 694/216/203 698/218/203 
f 699/219/6 695/217/6 696/218/6 700/220/6 
f 701/219/204 697/217/204 695/217/204 699/219/204 
f 702/220/4 698/218/4 697/217/4 701/219/4 
f 700/220/205 696/218/205 698/218/205 702/220/205 
f 703/221/6 699/219/6 700/220/6 704/222/6 
f 705/221/206 701/219/206 699/219/206 703/221/206 
f 706/222/34 702/220/34 701/219/34 705/221/4 
f 704/222/207 700/220/207 702/220/207 706/222/207 
f 707/223/6 703/221/6 704/222/6 708/224/6 
f 709/223/208 705/221/208 703/221/208 707/223/208 
f 710/224/4 706/222/4 705/221/4 709/223/4 
f 708/224/209 704/222/209 706/222/209 710/224/209 
f 711/225/6 707/223/6 708/224/6 712/226/6 
f 713/225/210 709/223/210 707/223/210 711/225/210 
f 714/226/4 710/224/4 709/223/4 713/225/4 
f 712/226/211 708/224/211 710/224/211 714/226/211 
f 715/227/6 711/225/6 712/226/6 716/228/6 
f 717/227/212 713/225/212 711/225/212 715/227/212 
f 718/228/4 714/226/4 713/225/4 717/227/4 
f 716/228/213 712/226/213 714/226/213 718/228/213 
f 719/229/6 715/227/6 716/228/6 720/230/6 
f 721/229/214 717/227/214 715/227/214 719/229/214 
f 722/230/4 718/228/4 717/227/4 721/229/4 
f 720/230/215 716/228/215 718/228/215 722/230/215 
f 723/231/6 719/229/6 720/230/6 724/232/6 
f 725/231/216 721/229/216 719/229/216 723/231/216 
f 726/232/4 722/230/4 721/229/4 725/231/4 
f 724/232/217 720/230/217 722/230/217 726/232/217 
f 727/233/6 723/231/6 724/232/6 728/234/6 
f 729/233/218 725/231/218 723/231/218 727/233/218 
f 730/234/4 726/232/4 725/231/4 729/233/4 
f 728/234/219 724/232/219 726/232/219 730/234/219 
f 731/235/6 727/233/6 728/234/6 732/236/6 
f 733/235/220 729/233/220 727/233/220 731/235/220 
f 734/236/4 730/234/4 729/233/4 733/235/4 
f 732/236/221 728/234/221 730/234/221 734/236/221 
f 735/237/6 731/235/6 732/236/6 736/238/6 
f 737/237/222 733/235/222 731/235/222 735/237/222 
f 738/238/4 734/236/4 733/235/4 737/237/4 
f 736/238/223 732/236/223 734/236/223 738/238/223 
f 739/239/6 735/237/6 736/238/6 740/240/6 
f 741/239/224 737/237/224 735/237/224 739/239/224 
f 742/240/4 738/238/4 737/237/4 741/239/4 
f 740/240/225 736/238/225 738/238/225 742/240/225 
f 743/241/6 739/239/6 740/240/6 744/242/6 
f 745/241/226 741/239/226 739/239/226 743/241/226 
f 746/242/4 742/240/4 741/239/4 745/241/4 
f 744/242/227 740/240/227 742/240/227 746/242/227 
f 747/243/6 743/241/6 744/242/6 748/244/6 
f 749/243/228 745/241/228 743/241/228 747/243/228 
f 750/244/4 746/242/4 745/241/4 749/243/4 
f 748/244/229 744/242/229 746/242/229 750/244/229 
f 751/245/6 747/243/6 748/244/6 752/246/6 
f 753/245/230 749/243/230 747/243/230 751/245/230 
f 754/246/4 750/244/4 749/243/4 753/245/4 
f 752/246/231 748/244/231 750/244/231 754/246/231 
f 755/247/6 751/245/6 752/246/6 756/248/6 
f 757/247/232 753/245/232 751/245/232 755/247/232 
f 758/248/4 754/246/4 753/245/4 757/247/4 
f 756/248/233 752/246/233 754/246/233 758/248/233 
f 759/249/6 755/247/6 756/248/6 760/250/6 
f 761/249/234 757/247/234 755/247/234 759/249/234 
f 762/250/4 758/248/4 757/247/4 761/249/4 
f 760/250/235 756/248/235 758/248/235 762/250/235 
f 763/251/6 759/249/6 760/250/6 764/252/6 
f 765/251/236 761/249/236 759/249/236 763/251/236 
f 766/252/4 762/250/4 761/249/4 765/251/4 
f 764/252/237 760/250/237 762/250/237 766/252/237 
f 767/253/6 763/251/6 764/252/6 768/254/6 
f 769/253/238 765/251/238 763/251/238 767/253/238 
f 770/254/4 766/252/4 765/251/4 769/253/4 
f 768/254/239 764/252/239 766/252/239 770/254/239 
f 771/255/6 767/253/6 768/254/6 772/256/6 
f 773/255/240 769/253/240 767/253/240 771/255/240 
f 774/256/4 770/254/4 769/253/4 773/255/4 
f 772/256/241 768/254/241 770/254/241 774/256/241 
f 775/257/6 771/255/6 772/256/6 776/258/6 
f 777/257/242 773/255/242 771/255/242 775/257/242 
f 778/258/4 774/256/4 773/255/4 777/257/4 
f 776/258/243 772/256/243 774/256/243 778/258/243 
f 779/259/6 775/257/6 776/258/6 780/260/6 
f 781/259/244 777/257/244 775/257/244 779/259/244 
f 782/260/4 778/258/4 777/257/4 781/259/4 
f 780/260/245 776/258/245 778/258/245 782/260/245 
f 783/261/6 779/259/6 780/260/6 784/262/6 
f 785/261/246 781/259/246 779/259/246 783/261/246 
f 786/262/4 782/260/4 781/259/4 785/261/4 
f 784/262/247 780/260/247 782/260/247 786/262/247 
f 787/263/6 783/261/6 784/262/6 788/264/6 
f 789/263/248 785/261/248 783/261/248 787/263/248 
f 790/264/4 786/262/4 785/261/4 789/263/4 
f 788/264/249 784/262/249 786/262/249 790/264/249 
f 791/265/6 787/263/6 788/264/6 792/266/6 
f 793/265/250 789/263/250 787/263/250 791/265/250 
f 794/266/4 790/264/4 789/263/4 793/265/4 
f 792/266/251 788/264/251 790/264/251 794/266/251 
f 795/267/6 791/265/6 792/266/6 796/268/6 
f 797/267/252 793/265/252 791/265/252 795/267/252 
f 798/268/4 794/266/4 793/265/4 797/267/4 
f 796/268/253 792/266/253 794/266/253 798/268/253 
f 799/269/6 795/267/6 796/268/6 800/270/6 
f 801/269/254 797/267/254 795/267/254 799/269/254 
f 802/270/4 798/268/4 797/267/4 801/269/4 
f 800/270/255 796/268/255 798/268/255 802/270/255 
f 803/271/6 799/269/6 800/270/6 804/272/6 
f 805/271/256 801/269/256 799/269/256 803/271/256 
f 806/272/4 802/270/4 801/269/4 805/271/4 
f 804/272/257 800/270/257 802/270/257 806/272/257 
f 807/273/6 803/271/6 804/272/6 808/274/6 
f 809/273/258 805/271/258 803/271/258 807/273/258 
f 810/274/4 806/272/4 805/271/4 809/273/4 
f 808/274/259 804/272/259 806/272/259 810/274/259 
f 811/275/6 807/273/6 808/274/6 812/276/6 
f 813/275/260 809/273/260 807/273/260 811/275/260 
f 814/276/4 810/274/4 809/273/4 813/275/4 
f 812/276/261 808/274/261 810/274/261 814/276/261 
f 815/277/6 811/275/6 812/276/6 816/278/6 
f 817/277/262 813/275/262 811/275/262 815/277/262 
f 818/278/4 814/276/4 813/275/4 817/277/4 
f 816/278/263 812/276/263 814/276/263 818/278/263 
f 819/279/6 815/277/6 816/278/6 820/280/6 
f 821/279/264 817/277/264 815/277/264 819/279/264 
f 822/280/4 818/278/4 817/277/4 821/279/4 
f 820/280/265 816/278/265 818/278/265 822/280/265 
f 823/281/6 819/279/6 820/280/6 824/282/6 
f 825/281/266 821/279/266 819/279/266 823/281/266 
f 826/282/4 822/280/4 821/279/4 825/281/4 
f 824/282/267 820/280/267 822/280/267 826/282/267 
f 827/283/6 823/281/6 824/282/6 828/284/6 
f 829/283/268 825/281/268 823/281/268 827/283/268 
f 830/284/4 826/282/4 825/281/4 829/283/4 
f 828/284/269 824/282/269 826/282/269 830/284/269 
f 831/285/6 827/283/6 828/284/6 832/286/6 
f 833/285/270 829/283/270 827/283/270 831/285/270 
f 834/286/4 830/284/4 829/283/4 833/285/4 
f 832/286/271 828/284/271 830/284/271 834/286/271 
f 835/287/6 831/285/6 832/286/6 836/288/6 
f 837/287/272 833/285/272 831/285/272 835/287/272 
f 838/288/4 834/286/4 833/285/4 837/287/4 
f 836/288/273 832/286/273 834/286/273 838/288/273 
f 839/289/6 835/287/6 836/288/6 840/290/6 
f 841/289/274 837/287/274 835/287/274 839/289/274 
f 842/290/4 838/288/4 837/287/4 841/289/4 
f 840/290/275 836/288/275 838/288/275 842/290/275 
f 843/291/6 839/289/6 840/290/6 844/292/6 
f 845/291/276 841/289/276 839/289/276 843/291/276 
f 846/292/4 842/290/4 841/289/4 845/291/4 
f 844/292/277 840/290/277 842/290/277 846/292/277 
f 847/293/6 843/291/6 844/292/6 848/294/6 
f 849/293/1 845/291/1 843/291/1 847/293/1 
f 850/294/35 846/292/35 845/291/35 849/293/34 
f 848/294/2 844/292/2 846/292/2 850/294/2 
f 672/206/6 847/293/6 848/294/6 673/207/6 
f 676/206/3 849/293/3 847/293/3 672/206/3 
f 678/207/4 850/294/4 849/293/4 676/206/4 
f 673/207/5 848/294/5 850/294/5 678/207/5 
f 851/295/6 852/296/6 853/297/6 854/298/6 
f 855/295/2 856/296/2 852/296/2 851/295/2 
f 857/298/4 858/297/4 856/296/4 855/295/4 
f 854/298/1 853/297/1 858/297/1 857/298/1 
f 859/299/6 851/295/6 854/298/6 860/300/6 
f 861/299/278 855/295/278 851/295/278 859/299/278 
f 862/300/4 857/298/4 855/295/4 861/299/4 
f 860/300/279 854/298/279 857/298/279 862/300/279 
f 863/301/6 859/299/6 860/300/6 864/302/6 
f 865/301/280 861/299/280 859/299/280 863/301/280 
f 866/302/4 862/300/4 861/299/4 865/301/4 
f 864/302/281 860/300/281 862/300/281 866/302/281 
f 867/303/6 863/301/6 864/302/6 868/304/6 
f 869/303/282 865/301/282 863/301/282 867/303/282 
f 870/304/4 866/302/4 865/301/4 869/303/4 
f 868/304/283 864/302/283 866/302/283 870/304/283 
f 871/305/6 867/303/6 868/304/6 872/306/6 
f 873/305/284 869/303/284 867/303/284 871/305/284 
f 874/306/4 870/304/4 869/303/4 873/305/4 
f 872/306/285 868/304/285 870/304/285 874/306/285 
f 875/307/6 871/305/6 872/306/6 876/308/6 
f 877/307/286 873/305/286 871/305/286 875/307/287 
f 878/308/4 874/306/4 873/305/4 877/307/4 
f 876/308/288 872/306/288 874/306/288 878/308/288 
f 879/309/6 875/307/6 876/308/6 880/310/6 
f 881/309/289 877/307/289 875/307/289 879/309/289 
f 882/310/4 878/308/4 877/307/4 881/309/4 
f 880/310/290 876/308/290 878/308/290 882/310/290 
f 883/311/6 879/309/6 880/310/6 884/312/6 
f 885/311/291 881/309/291 879/309/291 883/311/291 
f 886/312/4 882/310/4 881/309/4 885/311/4 
f 884/312/292 880/310/292 882/310/292 886/312/292 
f 887/313/6 883/311/6 884/312/6 888/314/6 
f 889/313/293 885/311/293 883/311/293 887/313/293 
f 890/314/4 886/312/4 885/311/4 889/313/4 
f 888/314/294 884/312/294 886/312/294 890/314/294 
f 891/315/6 887/313/6 888/314/6 892/316/6 
f 893/315/295 889/313/295 887/313/295 891/315/295 
f 894/316/4 890/314/4 889/313/4 893/315/4 
f 892/316/296 888/314/296 890/314/296 894/316/296 
f 895/317/6 891/315/6 892/316/6 896/318/6 
f 897/317/297 893/315/297 891/315/297 895/317/298 
f 898/318/4 894/316/4 893/315/4 897/317/4 
f 896/318/299 892/316/299 894/316/299 898/318/299 
f 899/319/6 895/317/6 896/318/6 900/320/6 
f 901/319/300 897/317/300 895/317/300 899/319/300 
f 902/320/4 898/318/4 897/317/4 901/319/4 
f 900/320/301 896/318/301 898/318/301 902/320/301 
f 903/321/6 899/319/6 900/320/6 904/322/6 
f 905/321/302 901/319/302 899/319/302 903/321/302 
f 906/322/4 902/320/4 901/319/4 905/321/4 
f 904/322/303 900/320/303 902/320/303 906/322/303 
f 907/323/6 903/321/6 904/322/6 908/324/6 
f 909/323/304 905/321/304 903/321/304 907/323/304 
f 910/324/4 906/322/4 905/321/4 909/323/4 
f 908/324/305 904/322/305 906/322/305 910/324/305 
f 911/325/6 907/323/6 908/324/6 912/326/6 
f 913/325/306 909/323/306 907/323/306 911/325/306 
f 914/326/4 910/324/4 909/323/4 913/325/4 
f 912/326/307 908/324/307 910/324/307 914/326/307 
f 915/327/6 911/325/6 912/326/6 916/328/6 
f 917/327/308 913/325/308 911/325/308 915/327/308 
f 918/328/4 914/326/4 913/325/4 917/327/4 
f 916/328/309 912/326/309 914/326/309 918/328/309 
f 919/329/6 915/327/6 916/328/6 920/330/6 
f 921/329/310 917/327/310 915/327/310 919/329/310 
f 922/330/4 918/328/4 917/327/4 921/329/4 
f 920/330/311 916/328/311 918/328/311 922/330/311 
f 923/331/6 919/329/6 920/330/6 924/332/6 
f 925/331/312 921/329/312 919/329/312 923/331/312 
f 926/332/4 922/330/4 921/329/4 925/331/4 
f 924/332/313 920/330/313 922/330/313 926/332/313 
f 927/333/6 923/331/6 924/332/6 928/334/6 
f 929/333/314 925/331/314 923/331/314 927/333/314 
f 930/334/4 926/332/4 925/331/4 929/333/4 
f 928/334/315 924/332/315 926/332/315 930/334/315 
f 931/335/6 927/333/6 928/334/6 932/336/6 
f 933/335/316 929/333/316 927/333/316 931/335/316 
f 934/336/4 930/334/4 929/333/4 933/335/4 
f 932/336/317 928/334/317 930/334/317 934/336/317 
f 935/337/6 931/335/6 932/336/6 936/338/6 
f 937/337/318 933/335/318 931/335/318 935/337/318 
f 938/338/4 934/336/4 933/335/4 937/337/4 
f 936/338/319 932/336/319 934/336/319 938/338/319 
f 939/339/6 935/337/6 936/338/6 940/340/6 
f 941/339/320 937/337/320 935/337/320 939/339/320 
f 942/340/4 938/338/4 937/337/4 941/339/4 
f 940/340/321 936/338/321 938/338/321 942/340/321 
f 943/341/6 939/339/6 940/340/6 944/342/6 
f 945/341/322 941/339/322 939/339/322 943/341/322 
f 946/342/4 942/340/4 941/339/4 945/341/4 
f 944/342/323 940/340/323 942/340/323 946/342/323 
f 947/343/6 943/341/6 944/342/6 948/344/6 
f 949/343/324 945/341/324 943/341/324 947/343/324 
f 950/344/4 946/342/4 945/341/4 949/343/4 
f 948/344/325 944/342/325 946/342/325 950/344/325 
f 951/345/6 947/343/6 948/344/6 952/346/6 
f 953/345/326 949/343/326 947/343/326 951/345/326 
f 954/346/4 950/344/4 949/343/4 953/345/4 
f 952/346/327 948/344/327 950/344/327 954/346/327 
f 955/347/6 951/345/6 952/346/6 956/348/6 
f 957/347/328 953/345/328 951/345/328 955/347/328 
f 958/348/4 954/346/4 953/345/4 957/347/4 
f 956/348/329 952/346/329 954/346/329 958/348/329 
f 959/349/6 955/347/6 956/348/6 960/350/6 
f 961/349/330 957/347/330 955/347/330 959/349/330 
f 962/350/4 958/348/4 957/347/4 961/349/4 
f 960/350/331 956/348/331 958/348/331 962/350/331 
f 963/351/6 959/349/6 960/350/6 964/352/6 
f 965/351/332 961/349/332 959/349/332 963/351/332 
f 966/352/4 962/350/4 961/349/4 965/351/4 
f 964/352/333 960/350/333 962/350/333 966/352/333 
f 967/353/6 963/351/6 964/352/6 968/354/6 
f 969/353/334 965/351/334 963/351/334 967/353/334 
f 970/354/4 966/352/4 965/351/4 969/353/4 
f 968/354/335 964/352/335 966/352/335 970/354/335 
f 971/355/6 967/353/6 968/354/6 972/356/6 
f 973/355/336 969/353/336 967/353/336 971/355/336 
f 974/356/4 970/354/4 969/353/4 973/355/4 
f 972/356/337 968/354/337 970/354/337 974/356/337 
f 975/357/6 971/355/6 972/356/6 976/358/6 
f 977/357/338 973/355/338 971/355/338 975/357/338 
f 978/358/4 974/356/4 973/355/4 977/357/4 
f 976/358/339 972/356/339 974/356/339 978/358/339 
f 979/359/6 975/357/6 976/358/6 980/360/6 
f 981/359/340 977/357/340 975/357/340 979/359/340 
f 982/360/4 978/358/4 977/357/4 981/359/4 
f 980/360/341 976/358/341 978/358/341 982/360/341 
f 983/361/6 979/359/6 980/360/6 984/362/6 
f 985/361/342 981/359/342 979/359/342 983/361/342 
f 986/362/4 982/360/4 981/359/4 985/361/4 
f 984/362/343 980/360/343 982/360/343 986/362/343 
f 987/363/6 983/361/6 984/362/6 988/364/6 
f 989/363/344 985/361/344 983/361/344 987/363/344 
f 990/364/4 986/362/4 985/361/4 989/363/4 
f 988/364/345 984/362/345 986/362/345 990/364/345 
f 991/365/6 987/363/6 988/364/6 992/366/6 
f 993/365/346 989/363/346 987/363/346 991/365/346 
f 994/366/4 990/364/4 989/363/4 993/365/4 
f 992/366/347 988/364/347 990/364/347 994/366/347 
f 995/367/6 991/365/6 992/366/6 996/368/6 
f 997/367/348 993/365/348 991/365/348 995/367/348 
f 998/368/4 994/366/4 993/365/4 997/367/4 
f 996/368/349 992/366/349 994/366/349 998/368/349 
f 999/369/6 995/367/6 996/368/6 1000/370/6 
f 1001/369/350 997/367/350 995/367/350 999/369/350 
f 1002/370/4 998/368/4 997/367/4 1001/369/4 
f 1000/370/351 996/368/351 998/368/351 1002/370/351 
f 1003/371/6 999/369/6 1000/370/6 1004/372/6 
f 1005/371/352 1001/369/352 999/369/352 1003/371/352 
f 1006/372/4 1002/370/4 1001/369/4 1005/371/4 
f 1004/372/353 1000/370/353 1002/370/353 1006/372/353 
f 1007/373/6 1003/371/6 1004/372/6 1008/374/6 
f 1009/373/354 1005/371/354 1003/371/354 1007/373/354 
f 1010/374/4 1006/372/4 1005/371/4 1009/373/4 
f 1008/374/355 1004/372/355 1006/372/355 1010/374/355 
f 1011/375/6 1007/373/6 1008/374/6 1012/376/6 
f 1013/375/356 1009/373/356 1007/373/356 1011/375/356 
f 1014/376/4 1010/374/4 1009/373/4 1013/375/4 
f 1012/376/357 1008/374/357 1010/374/357 1014/376/357 
f 1015/377/6 1011/375/6 1012/376/6 1016/378/6 
f 1017/377/358 1013/375/358 1011/375/358 1015/377/358 
f 1018/378/4 1014/376/4 1013/375/4 1017/377/4 
f 1016/378/359 1012/376/359 1014/376/359 1018/378/359 
f 1019/379/6 1015/377/6 1016/378/6 1020/380/6 
f 1021/379/360 1017/377/360 1015/377/360 1019/379/360 
f 1022/380/4 1018/378/4 1017/377/4 1021/379/4 
f 1020/380/361 1016/378/361 1018/378/361 1022/380/361 
f 1023/381/6 1019/379/6 1020/380/6 1024/382/6 
f 1025/381/362 1021/379/362 1019/379/362 1023/381/362 
f 1026/382/4 1022/380/4 1021/379/4 1025/381/4 
f 1024/382/363 1020/380/363 1022/380/363 1026/382/363 
f 1027/383/6 1023/381/6 1024/382/6 1028/384/6 
f 1029/383/364 1025/381/364 1023/381/364 1027/383/364 
f 1030/384/4 1026/382/4 1025/381/4 1029/383/4 
f 1028/384/365 1024/382/365 1026/382/365 1030/384/365 
f 1031/385/6 1027/383/6 1028/384/6 1032/386/6 
f 1033/385/366 1029/383/366 1027/383/366 1031/385/366 
f 1034/386/4 1030/384/4 1029/383/4 1033/385/4 
f 1032/386/367 1028/384/367 1030/384/367 1034/386/367 
f 1035/387/6 1031/385/6 1032/386/6 1036/388/6 
f 1037/387/368 1033/385/368 1031/385/368 1035/387/368 
f 1038/388/4 1034/386/4 1033/385/4 1037/387/4 
f 1036/388/369 1032/386/369 1034/386/369 1038/388/369 
f 1039/389/6 1035/387/6 1036/388/6 1040/390/6 
f 1041/389/370 1037/387/370 1035/387/370 1039/389/370 
f 1042/390/4 1038/388/4 1037/387/4 1041/389/4 
f 1040/390/371 1036/388/371 1038/388/371 1042/390/371 
f 1043/391/6 1039/389/6 1040/390/6 1044/392/6 
f 1045/391/372 1041/389/372 1039/389/372 1043/391/372 
f 1046/392/4 1042/390/4 1041/389/4 1045/391/4 
f 1044/392/373 1040/390/373 1042/390/373 1046/392/373 
f 1047/393/6 1043/391/6 1044/392/6 1048/394/6 
f 1049/393/374 1045/391/374 1043/391/374 1047/393/374 
f 1050/394/4 1046/392/4 1045/391/4 1049/393/4 
f 1048/394/375 1044/392/375 1046/392/375 1050/394/375 
f 1051/395/6 1047/393/6 1048/394/6 1052/396/6 
f 1053/395/376 1049/393/376 1047/393/376 1051/395/376 
f 1054/396/4 1050/394/4 1049/393/4 1053/395/4 
f 1052/396/377 1048/394/377 1050/394/377 1054/396/377 
f 1055/397/6 1051/395/6 1052/396/6 1056/398/6 
f 1057/397/1 1053/395/1 1051/395/1 1055/397/1 
f 1058/398/4 1054/396/4 1053/395/4 1057/397/4 
f 1056/398/2 1052/396/2 1054/396/2 1058/398/2 
f 852/296/6 1055/397/6 1056/398/6 853/297/6 
f 856/296/32 1057/397/32 1055/397/32 852/296/32 
f 858/297/4 1058/398/4 1057/397/4 856/296/4 
f 853/297/31 1056/398/31 1058/398/31 858/297/31 
f 1059/399/4 1060/400/4 1061/401/4 1062/402/6 
f 1063/399/378 1064/400/378 1060/400/378 1059/399/378 
f 1065/402/4 1066/401/4 1064/400/4 1063/399/6 
f 1062/402/379 1061/401/379 1066/401/379 1065/402/378 
f 1067/403/6 1059/399/6 1062/402/6 1068/404/6 
f 1069/403/380 1063/399/380 1059/399/380 1067/403/380 
f 1070/404/4 1065/402/4 1063/399/4 1069/403/4 
f 1068/404/381 1062/402/381 1065/402/381 1070/404/381 
f 1071/405/6 1067/403/6 1068/404/6 1072/406/6 
f 1073/405/382 1069/403/382 1067/403/382 1071/405/382 
f 1074/406/4 1070/404/4 1069/403/4 1073/405/4 
f 1072/406/383 1068/404/383 1070/404/383 1074/406/383 
f 1075/407/6 1071/405/6 1072/406/6 1076/408/6 
f 1077/407/384 1073/405/384 1071/405/384 1075/407/385 
f 1078/408/4 1074/406/4 1073/405/4 1077/407/4 
f 1076/408/386 1072/406/386 1074/406/386 1078/408/387 
f 1079/409/6 1075/407/6 1076/408/6 1080/410/6 
f 1081/409/388 1077/407/388 1075/407/388 1079/409/389 
f 1082/410/4 1078/408/4 1077/407/4 1081/409/4 
f 1080/410/390 1076/408/390 1078/408/390 1082/410/390 
f 1083/411/6 1079/409/6 1080/410/6 1084/412/6 
f 1085/411/391 1081/409/391 1079/409/391 1083/411/392 
f 1086/412/4 1082/410/4 1081/409/4 1085/411/4 
f 1084/412/393 1080/410/393 1082/410/393 1086/412/393 
f 1087/413/6 1083/411/6 1084/412/6 1088/414/6 
f 1089/413/394 1085/411/394 1083/411/394 1087/413/394 
f 1090/414/4 1086/412/4 1085/411/4 1089/413/4 
f 1088/414/395 1084/412/395 1086/412/395 1090/414/395 
f 1091/415/6 1087/413/6 1088/414/6 1092/416/6 
f 1093/415/396 1089/413/396 1087/413/396 1091/415/396 
f 1094/416/4 1090/414/4 1089/413/4 1093/415/4 
f 1092/416/397 1088/414/397 1090/414/397 1094/416/397 
f 1095/417/6 1091/415/6 1092/416/6 1096/418/6 
f 1097/417/398 1093/415/398 1091/415/398 1095/417/398 
f 1098/418/4 1094/416/4 1093/415/4 1097/417/4 
f 1096/418/399 1092/416/399 1094/416/399 1098/418/399 
f 1099/419/6 1095/417/6 1096/418/6 1100/420/6 
f 1101/419/400 1097/417/400 1095/417/400 1099/419/400 
f 1102/420/4 1098/418/4 1097/417/4 1101/419/4 
f 1100/420/401 1096/418/401 1098/418/401 1102/420/401 
f 1103/421/6 1099/419/6 1100/420/6 1104/422/6 
f 1105/421/402 1101/419/402 1099/419/402 1103/421/402 
f 1106/422/4 1102/420/4 1101/419/4 1105/421/4 
f 1104/422/403 1100/420/403 1102/420/403 1106/422/403 
f 1107/423/6 1103/421/6 1104/422/6 1108/424/6 
f 1109/423/404 1105/421/404 1103/421/404 1107/423/404 
f 1110/424/4 1106/422/4 1105/421/4 1109/423/4 
f 1108/424/405 1104/422/405 1106/422/405 1110/424/405 
f 1111/425/6 1107/423/6 1108/424/6 1112/426/6 
f 1113/425/406 1109/423/406 1107/423/406 1111/425/406 
f 1114/426/4 1110/424/4 1109/423/4 1113/425/4 
f 1112/426/407 1108/424/407 1110/424/407 1114/426/407 
f 1115/427/6 1111/425/6 1112/426/6 1116/428/6 
f 1117/427/408 1113/425/408 1111/425/408 1115/427/408 
f 1118/428/4 1114/426/4 1113/425/4 1117/427/4 
f 1116/428/409 1112/426/409 1114/426/409 1118/428/409 
f 1119/429/6 1115/427/6 1116/428/6 1120/430/6 
f 1121/429/410 1117/427/410 1115/427/410 1119/429/410 
f 1122/430/4 1118/428/4 1117/427/4 1121/429/4 
f 1120/430/411 1116/428/411 1118/428/411 1122/430/411 
f 1123/431/6 1119/429/6 1120/430/6 1124/432/6 
f 1125/431/412 1121/429/412 1119/429/412 1123/431/412 
f 1126/432/4 1122/430/4 1121/429/4 1125/431/34 
f 1124/432/413 1120/430/413 1122/430/413 1126/432/413 
f 1127/433/6 1123/431/6 1124/432/6 1128/434/6 
f 1129/433/414 1125/431/414 1123/431/414 1127/433/415 
f 1130/434/34 1126/432/34 1125/431/34 1129/433/34 
f 1128/434/416 1124/432/416 1126/432/416 1130/434/416 
f 1131/435/6 1127/433/6 1128/434/6 1132/436/6 
f 1133/435/417 1129/433/417 1127/433/417 1131/435/418 
f 1134/436/34 1130/434/34 1129/433/34 1133/435/34 
f 1132/436/419 1128/434/419 1130/434/419 1134/436/419 
f 1135/437/6 1131/435/6 1132/436/6 1136/438/6 
f 1137/437/420 1133/435/420 1131/435/420 1135/437/420 
f 1138/438/34 1134/436/34 1133/435/34 1137/437/4 
f 1136/438/421 1132/436/421 1134/436/421 1138/438/421 
f 1139/439/6 1135/437/6 1136/438/6 1140/440/6 
f 1141/439/422 1137/437/422 1135/437/422 1139/439/422 
f 1142/440/4 1138/438/4 1137/437/4 1141/439/4 
f 1140/440/423 1136/438/423 1138/438/423 1142/440/423 
f 1143/441/6 1139/439/6 1140/440/6 1144/442/6 
f 1145/441/424 1141/439/424 1139/439/424 1143/441/424 
f 1146/442/4 1142/440/4 1141/439/4 1145/441/4 
f 1144/442/425 1140/440/425 1142/440/425 1146/442/425 
f 1147/443/6 1143/441/6 1144/442/6 1148/444/6 
f 1149/443/426 1145/441/426 1143/441/426 1147/443/426 
f 1150/444/4 1146/442/4 1145/441/4 1149/443/4 
f 1148/444/427 1144/442/427 1146/442/427 1150/444/427 
f 1151/445/6 1147/443/6 1148/444/6 1152/446/6 
f 1153/445/428 1149/443/428 1147/443/428 1151/445/428 
f 1154/446/4 1150/444/4 1149/443/4 1153/445/4 
f 1152/446/429 1148/444/429 1150/444/429 1154/446/429 
f 1155/447/6 1151/445/6 1152/446/6 1156/448/6 
f 1157/447/430 1153/445/430 1151/445/430 1155/447/430 
f 1158/448/4 1154/446/4 1153/445/4 1157/447/4 
f 1156/448/431 1152/446/431 1154/446/431 1158/448/431 
f 1159/449/6 1155/447/6 1156/448/6 1160/450/6 
f 1161/449/432 1157/447/432 1155/447/432 1159/449/432 
f 1162/450/4 1158/448/4 1157/447/4 1161/449/34 
f 1160/450/433 1156/448/433 1158/448/433 1162/450/433 
f 1163/451/6 1159/449/6 1160/450/6 1164/452/6 
f 1165/451/434 1161/449/434 1159/449/434 1163/451/434 
f 1166/452/34 1162/450/34 1161/449/34 1165/451/34 
f 1164/452/435 1160/450/435 1162/450/435 1166/452/435 
f 1167/453/6 1163/451/6 1164/452/6 1168/454/6 
f 1169/453/436 1165/451/436 1163/451/436 1167/453/436 
f 1170/454/34 1166/452/34 1165/451/34 1169/453/34 
f 1168/454/437 1164/452/437 1166/452/437 1170/454/437 
f 1171/455/6 1167/453/6 1168/454/6 1172/456/6 
f 1173/455/438 1169/453/438 1167/453/438 1171/455/438 
f 1174/456/34 1170/454/34 1169/453/34 1173/455/34 
f 1172/456/439 1168/454/439 1170/454/439 1174/456/439 
f 1175/457/6 1171/455/6 1172/456/6 1176/458/6 
f 1177/457/440 1173/455/440 1171/455/440 1175/457/440 
f 1178/458/35 1174/456/35 1173/455/35 1177/457/34 
f 1176/458/441 1172/456/441 1174/456/441 1178/458/441 
f 1179/459/6 1175/457/6 1176/458/6 1180/460/6 
f 1181/459/442 1177/457/442 1175/457/442 1179/459/442 
f 1182/460/4 1178/458/4 1177/457/4 1181/459/4 
f 1180/460/443 1176/458/443 1178/458/443 1182/460/443 
f 1183/461/6 1179/459/6 1180/460/6 1184/462/6 
f 1185/461/444 1181/459/444 1179/459/444 1183/461/444 
f 1186/462/4 1182/460/4 1181/459/4 1185/461/4 
f 1184/462/445 1180/460/445 1182/460/445 1186/462/445 
f 1187/463/6 1183/461/6 1184/462/6 1188/464/6 
f 1189/463/446 1185/461/446 1183/461/446 1187/463/446 
f 1190/464/4 1186/462/4 1185/461/4 1189/463/4 
f 1188/464/447 1184/462/447 1186/462/447 1190/464/447 
f 1191/465/6 1187/463/6 1188/464/6 1192/466/6 
f 1193/465/448 1189/463/448 1187/463/448 1191/465/448 
f 1194/466/4 1190/464/4 1189/463/4 1193/465/4 
f 1192/466/449 1188/464/449 1190/464/449 1194/466/449 
f 1195/467/6 1191/465/6 1192/466/6 1196/468/6 
f 1197/467/450 1193/465/450 1191/465/450 1195/467/450 
f 1198/468/4 1194/466/4 1193/465/4 1197/467/4 
f 1196/468/451 1192/466/451 1194/466/451 1198/468/451 
f 1199/469/6 1195/467/6 1196/468/6 1200/470/6 
f 1201/469/452 1197/467/452 1195/467/452 1199/469/452 
f 1202/470/4 1198/468/4 1197/467/4 1201/469/4 
f 1200/470/453 1196/468/453 1198/468/453 1202/470/453 
f 1203/471/6 1199/469/6 1200/470/6 1204/472/6 
f 1205/471/454 1201/469/454 1199/469/454 1203/471/454 
f 1206/472/4 1202/470/4 1201/469/4 1205/471/4 
f 1204/472/455 1200/470/455 1202/470/455 1206/472/455 
f 1207/473/6 1203/471/6 1204/472/6 1208/474/6 
f 1209/473/456 1205/471/456 1203/471/456 1207/473/456 
f 1210/474/4 1206/472/4 1205/471/4 1209/473/4 
f 1208/474/457 1204/472/457 1206/472/457 1210/474/457 
f 1211/475/6 1207/473/6 1208/474/6 1212/476/6 
f 1213/475/458 1209/473/458 1207/473/458 1211/475/458 
f 1214/476/4 1210/474/4 1209/473/4 1213/475/4 
f 1212/476/459 1208/474/459 1210/474/459 1214/476/459 
f 1215/477/6 1211/475/6 1212/476/6 1216/478/6 
f 1217/477/460 1213/475/460 1211/475/460 1215/477/460 
f 1218/478/4 1214/476/4 1213/475/4 1217/477/4 
f 1216/478/461 1212/476/461 1214/476/461 1218/478/461 
f 1219/479/6 1215/477/6 1216/478/6 1220/480/6 
f 1221/479/462 1217/477/462 1215/477/462 1219/479/462 
f 1222/480/4 1218/478/4 1217/477/4 1221/479/4 
f 1220/480/463 1216/478/463 1218/478/463 1222/480/463 
f 1223/481/6 1219/479/6 1220/480/6 1224/482/6 
f 1225/481/464 1221/479/464 1219/479/464 1223/481/464 
f 1226/482/4 1222/480/4 1221/479/4 1225/481/4 
f 1224/482/465 1220/480/465 1222/480/465 1226/482/465 
f 1227/483/6 1223/481/6 1224/482/6 1228/484/6 
f 1229/483/466 1225/481/466 1223/481/466 1227/483/466 
f 1230/484/4 1226/482/4 1225/481/4 1229/483/4 
f 1228/484/467 1224/482/467 1226/482/467 1230/484/467 
f 1231/485/6 1227/483/6 1228/484/6 1232/486/6 
f 1233/485/468 1229/483/468 1227/483/468 1231/485/468 
f 1234/486/4 1230/484/4 1229/483/4 1233/485/4 
f 1232/486/469 1228/484/469 1230/484/469 1234/486/469 
f 1235/487/6 1231/485/6 1232/486/6 1236/488/6 
f 1237/487/470 1233/485/470 1231/485/470 1235/487/470 
f 1238/488/4 1234/486/4 1233/485/4 1237/487/4 
f 1236/488/471 1232/486/471 1234/486/471 1238/488/471 
f 1239/489/6 1235/487/6 1236/488/6 1240/490/6 
f 1241/489/472 1237/487/472 1235/487/472 1239/489/472 
f 1242/490/4 1238/488/4 1237/487/4 1241/489/4 
f 1240/490/473 1236/488/473 1238/488/473 1242/490/473 
f 1243/491/6 1239/489/6 1240/490/6 1244/492/6 
f 1245/491/474 1241/489/474 1239/489/474 1243/491/474 
f 1246/492/4 1242/490/4 1241/489/4 1245/491/4 
f 1244/492/475 1240/490/475 1242/490/475 1246/492/475 
f 1247/493/6 1243/491/6 1244/492/6 1248/494/6 
f 1249/493/476 1245/491/476 1243/491/476 1247/493/476 
f 1250/494/4 1246/492/4 1245/491/4 1249/493/4 
f 1248/494/477 1244/492/477 1246/492/477 1250/494/477 
f 1251/495/6 1247/493/6 1248/494/6 1252/496/6 
f 1253/495/478 1249/493/478 1247/493/478 1251/495/478 
f 1254/496/4 1250/494/4 1249/493/4 1253/495/4 
f 1252/496/479 1248/494/479 1250/494/479 1254/496/479 
f 1255/497/6 1251/495/6 1252/496/6 1256/498/6 
f 1257/497/480 1253/495/480 1251/495/480 1255/497/480 
f 1258/498/4 1254/496/4 1253/495/4 1257/497/4 
f 1256/498/481 1252/496/481 1254/496/481 1258/498/481 
f 1259/499/6 1255/497/6 1256/498/6 1260/500/6 
f 1261/499/482 1257/497/482 1255/497/482 1259/499/482 
f 1262/500/4 1258/498/4 1257/497/4 1261/499/4 
f 1260/500/483 1256/498/483 1258/498/483 1262/500/483 
f 1263/501/6 1259/499/6 1260/500/6 1264/502/6 
f 1265/501/484 1261/499/484 1259/499/484 1263/501/484 
f 1266/502/4 1262/500/4 1261/499/4 1265/501/4 
f 1264/502/485 1260/500/485 1262/500/485 1266/502/485 
f 1267/503/6 1263/501/6 1264/502/6 1268/504/6 
f 1269/503/486 1265/501/486 1263/501/486 1267/503/486 
f 1270/504/4 1266/502/4 1265/501/4 1269/503/4 
f 1268/504/487 1264/502/487 1266/502/487 1270/504/487 
f 1271/505/6 1267/503/6 1268/504/6 1272/506/6 
f 1273/505/488 1269/503/488 1267/503/488 1271/505/489 
f 1274/506/4 1270/504/4 1269/503/4 1273/505/4 
f 1272/506/490 1268/504/490 1270/504/490 1274/506/491 
f 1275/507/6 1271/505/6 1272/506/6 1276/508/6 
f 1277/507/492 1273/505/492 1271/505/492 1275/507/493 
f 1278/508/4 1274/506/4 1273/505/4 1277/507/4 
f 1276/508/494 1272/506/494 1274/506/494 1278/508/495 
f 1279/509/6 1275/507/6 1276/508/6 1280/510/6 
f 1281/509/496 1277/507/496 1275/507/496 1279/509/497 
f 1282/510/4 1278/508/4 1277/507/4 1281/509/4 
f 1280/510/498 1276/508/498 1278/508/498 1282/510/499 
f 1283/511/6 1279/509/6 1280/510/6 1284/512/6 
f 1285/511/500 1281/509/500 1279/509/500 1283/511/501 
f 1286/512/4 1282/510/4 1281/509/4 1285/511/4 
f 1284/512/502 1280/510/502 1282/510/502 1286/512/503 
f 1287/513/6 1283/511/6 1284/512/6 1288/514/6 
f 1289/513/504 1285/511/504 1283/511/504 1287/513/504 
f 1290/514/4 1286/512/4 1285/511/4 1289/513/4 
f 1288/514/505 1284/512/505 1286/512/505 1290/514/505 
f 1291/515/6 1287/513/6 1288/514/6 1292/516/6 
f 1293/515/506 1289/513/506 1287/513/506 1291/515/506 
f 1294/516/4 1290/514/4 1289/513/4 1293/515/4 
f 1292/516/507 1288/514/507 1290/514/507 1294/516/507 
f 1295/517/6 1291/515/6 1292/516/6 1296/518/6 
f 1297/517/508 1293/515/508 1291/515/508 1295/517/508 
f 1298/518/4 1294/516/4 1293/515/4 1297/517/4 
f 1296/518/509 1292/516/509 1294/516/509 1298/518/509 
f 1299/519/6 1295/517/6 1296/518/6 1300/520/6 
f 1301/519/510 1297/517/510 1295/517/510 1299/519/511 
f 1302/520/4 1298/518/4 1297/517/4 1301/519/4 
f 1300/520/512 1296/518/512 1298/518/512 1302/520/513 
f 1303/521/6 1299/519/6 1300/520/6 1304/522/6 
f 1305/521/514 1301/519/514 1299/519/514 1303/521/514 
f 1306/522/4 1302/520/4 1301/519/4 1305/521/4 
f 1304/522/515 1300/520/515 1302/520/515 1306/522/515 
f 1307/523/6 1303/521/6 1304/522/6 1308/524/6 
f 1309/523/516 1305/521/516 1303/521/516 1307/523/516 
f 1310/524/4 1306/522/4 1305/521/4 1309/523/4 
f 1308/524/517 1304/522/517 1306/522/517 1310/524/517 
f 1311/525/6 1307/523/6 1308/524/6 1312/526/6 
f 1313/525/518 1309/523/518 1307/523/518 1311/525/518 
f 1314/526/4 1310/524/4 1309/523/4 1313/525/4 
f 1312/526/519 1308/524/519 1310/524/519 1314/526/519 
f 1315/527/6 1311/525/6 1312/526/6 1316/528/6 
f 1317/527/520 1313/525/520 1311/525/520 1315/527/520 
f 1318/528/4 1314/526/4 1313/525/4 1317/527/4 
f 1316/528/521 1312/526/521 1314/526/521 1318/528/521 
f 1319/529/6 1315/527/6 1316/528/6 1320/530/6 
f 1321/529/522 1317/527/522 1315/527/522 1319/529/522 
f 1322/530/4 1318/528/4 1317/527/4 1321/529/4 
f 1320/530/523 1316/528/523 1318/528/523 1322/530/523 
f 1323/531/6 1319/529/6 1320/530/6 1324/532/6 
f 1325/531/524 1321/529/524 1319/529/524 1323/531/524 
f 1326/532/4 1322/530/4 1321/529/4 1325/531/4 
f 1324/532/525 1320/530/525 1322/530/525 1326/532/525 
f 1327/533/6 1323/531/6 1324/532/6 1328/534/6 
f 1329/533/526 1325/531/526 1323/531/526 1327/533/526 
f 1330/534/4 1326/532/4 1325/531/4 1329/533/4 
f 1328/534/527 1324/532/527 1326/532/527 1330/534/527 
f 1331/535/6 1327/533/6 1328/534/6 1332/536/6 
f 1333/535/528 1329/533/528 1327/533/528 1331/535/528 
f 1334/536/4 1330/534/4 1329/533/4 1333/535/4 
f 1332/536/529 1328/534/529 1330/534/529 1334/536/529 
f 1335/537/6 1331/535/6 1332/536/6 1336/538/6 
f 1337/537/530 1333/535/530 1331/535/530 1335/537/530 
f 1338/538/4 1334/536/4 1333/535/4 1337/537/4 
f 1336/538/531 1332/536/531 1334/536/531 1338/538/531 
f 1339/539/6 1335/537/6 1336/538/6 1340/540/6 
f 1341/539/532 1337/537/532 1335/537/532 1339/539/532 
f 1342/540/4 1338/538/4 1337/537/4 1341/539/4 
f 1340/540/533 1336/538/533 1338/538/533 1342/540/533 
f 1343/541/6 1339/539/6 1340/540/6 1344/542/6 
f 1345/541/534 1341/539/534 1339/539/534 1343/541/534 
f 1346/542/4 1342/540/4 1341/539/4 1345/541/4 
f 1344/542/535 1340/540/535 1342/540/535 1346/542/535 
f 1347/543/6 1343/541/6 1344/542/6 1348/544/6 
f 1349/543/536 1345/541/536 1343/541/536 1347/543/536 
f 1350/544/4 1346/542/4 1345/541/4 1349/543/4 
f 1348/544/537 1344/542/537 1346/542/537 1350/544/537 
f 1351/545/6 1347/543/6 1348/544/6 1352/546/6 
f 1353/545/538 1349/543/538 1347/543/538 1351/545/538 
f 1354/546/4 1350/544/4 1349/543/4 1353/545/4 
f 1352/546/539 1348/544/539 1350/544/539 1354/546/539 
f 1355/547/6 1351/545/6 1352/546/6 1356/548/6 
f 1357/547/540 1353/545/540 1351/545/540 1355/547/541 
f 1358/548/4 1354/546/4 1353/545/4 1357/547/4 
f 1356/548/542 1352/546/542 1354/546/542 1358/548/542 
f 1359/549/6 1355/547/6 1356/548/6 1360/550/6 
f 1361/549/543 1357/547/543 1355/547/543 1359/549/543 
f 1362/550/4 1358/548/4 1357/547/4 1361/549/4 
f 1360/550/544 1356/548/544 1358/548/544 1362/550/545 
f 1363/551/6 1359/549/6 1360/550/6 1364/552/6 
f 1365/551/546 1361/549/546 1359/549/546 1363/551/546 
f 1366/552/4 1362/550/4 1361/549/4 1365/551/4 
f 1364/552/547 1360/550/547 1362/550/547 1366/552/547 
f 1367/553/6 1363/551/6 1364/552/6 1368/554/6 
f 1369/553/548 1365/551/548 1363/551/548 1367/553/548 
f 1370/554/4 1366/552/4 1365/551/4 1369/553/4 
f 1368/554/549 1364/552/549 1366/552/549 1370/554/549 
f 1371/555/6 1367/553/6 1368/554/6 1372/556/6 
f 1373/555/550 1369/553/550 1367/553/550 1371/555/550 
f 1374/556/4 1370/554/4 1369/553/4 1373/555/4 
f 1372/556/551 1368/554/551 1370/554/551 1374/556/551 
f 1375/557/6 1371/555/6 1372/556/6 1376/558/6 
f 1377/557/552 1373/555/552 1371/555/552 1375/557/552 
f 1378/558/4 1374/556/4 1373/555/4 1377/557/4 
f 1376/558/553 1372/556/553 1374/556/553 1378/558/553 
f 1379/559/6 1375/557/6 1376/558/6 1380/560/6 
f 1381/559/554 1377/557/554 1375/557/554 1379/559/554 
f 1382/560/4 1378/558/4 1377/557/4 1381/559/4 
f 1380/560/555 1376/558/555 1378/558/555 1382/560/555 
f 1383/561/6 1379/559/6 1380/560/6 1384/562/6 
f 1385/561/556 1381/559/556 1379/559/556 1383/561/556 
f 1386/562/4 1382/560/4 1381/559/4 1385/561/4 
f 1384/562/557 1380/560/557 1382/560/557 1386/562/557 
f 1387/563/6 1383/561/6 1384/562/6 1388/564/6 
f 1389/563/558 1385/561/558 1383/561/558 1387/563/558 
f 1390/564/4 1386/562/4 1385/561/4 1389/563/4 
f 1388/564/559 1384/562/559 1386/562/559 1390/564/559 
f 1391/565/6 1387/563/6 1388/564/6 1392/566/6 
f 1393/565/560 1389/563/560 1387/563/560 1391/565/560 
f 1394/566/4 1390/564/4 1389/563/4 1393/565/4 
f 1392/566/561 1388/564/561 1390/564/561 1394/566/561 
f 1395/567/6 1391/565/6 1392/566/6 1396/568/6 
f 1397/567/562 1393/565/562 1391/565/562 1395/567/562 
f 1398/568/4 1394/566/4 1393/565/4 1397/567/4 
f 1396/568/563 1392/566/563 1394/566/563 1398/568/563 
f 1399/569/6 1395/567/6 1396/568/6 1400/570/6 
f 1401/569/564 1397/567/564 1395/567/564 1399/569/564 
f 1402/570/4 1398/568/4 1397/567/4 1401/569/4 
f 1400/570/565 1396/568/565 1398/568/565 1402/570/565 
f 1403/571/6 1399/569/6 1400/570/6 1404/572/6 
f 1405/571/566 1401/569/566 1399/569/566 1403/571/566 
f 1406/572/4 1402/570/4 1401/569/4 1405/571/4 
f 1404/572/567 1400/570/567 1402/570/567 1406/572/567 
f 1407/573/6 1403/571/6 1404/572/6 1408/574/6 
f 1409/573/568 1405/571/568 1403/571/568 1407/573/568 
f 1410/574/4 1406/572/4 1405/571/4 1409/573/4 
f 1408/574/569 1404/572/569 1406/572/569 1410/574/569 
f 1411/575/6 1407/573/6 1408/574/6 1412/576/6 
f 1413/575/570 1409/573/570 1407/573/570 1411/575/570 
f 1414/576/4 1410/574/4 1409/573/4 1413/575/4 
f 1412/576/571 1408/574/571 1410/574/571 1414/576/571 
f 1415/577/6 1411/575/6 1412/576/6 1416/578/6 
f 1417/577/572 1413/575/572 1411/575/572 1415/577/572 
f 1418/578/4 1414/576/4 1413/575/4 1417/577/4 
f 1416/578/573 1412/576/573 1414/576/573 1418/578/573 
f 1419/579/6 1415/577/6 1416/578/6 1420/580/6 
f 1421/579/574 1417/577/574 1415/577/574 1419/579/574 
f 1422/580/4 1418/578/4 1417/577/4 1421/579/4 
f 1420/580/575 1416/578/575 1418/578/575 1422/580/575 
f 1423/581/6 1419/579/6 1420/580/6 1424/582/6 
f 1425/581/576 1421/579/576 1419/579/576 1423/581/576 
f 1426/582/4 1422/580/4 1421/579/4 1425/581/4 
f 1424/582/577 1420/580/577 1422/580/577 1426/582/577 
f 1427/583/6 1423/581/6 1424/582/6 1428/584/4 
f 1429/583/578 1425/581/578 1423/581/578 1427/583/578 
f 1430/584/6 1426/582/6 1425/581/6 1429/583/4 
f 1428/584/579 1424/582/579 1426/582/579 1430/584/579 
f 1431/585/6 1427/583/6 1428/584/6 1432/586/6 
f 1433/585/580 1429/583/580 1427/583/580 1431/585/580 
f 1434/586/4 1430/584/4 1429/583/4 1433/585/34 
f 1432/586/581 1428/584/581 1430/584/581 1434/586/581 
f 1435/587/6 1431/585/6 1432/586/6 1436/588/4 
f 1437/587/582 1433/585/582 1431/585/582 1435/587/582 
f 1438/588/30 1434/586/30 1433/585/30 1437/587/34 
f 1436/588/583 1432/586/583 1434/586/583 1438/588/583 
f 1439/589/6 1435/587/6 1436/588/6 1440/590/6 
f 1441/589/584 1437/587/584 1435/587/584 1439/589/584 
f 1442/590/4 1438/588/4 1437/587/4 1441/589/4 
f 1440/590/585 1436/588/585 1438/588/585 1442/590/585 
f 1443/591/6 1439/589/6 1440/590/6 1444/592/6 
f 1445/591/586 1441/589/586 1439/589/586 1443/591/586 
f 1446/592/4 1442/590/4 1441/589/4 1445/591/4 
f 1444/592/587 1440/590/587 1442/590/587 1446/592/587 
f 1447/593/6 1443/591/6 1444/592/6 1448/594/6 
f 1449/593/588 1445/591/588 1443/591/588 1447/593/588 
f 1450/594/4 1446/592/4 1445/591/4 1449/593/4 
f 1448/594/589 1444/592/589 1446/592/589 1450/594/589 
f 1451/595/6 1447/593/6 1448/594/6 1452/596/6 
f 1453/595/590 1449/593/590 1447/593/590 1451/595/590 
f 1454/596/4 1450/594/4 1449/593/4 1453/595/4 
f 1452/596/591 1448/594/591 1450/594/591 1454/596/591 
f 1455/597/6 1451/595/6 1452/596/6 1456/598/6 
f 1457/597/592 1453/595/592 1451/595/592 1455/597/592 
f 1458/598/4 1454/596/4 1453/595/4 1457/597/4 
f 1456/598/593 1452/596/593 1454/596/593 1458/598/593 
f 1459/599/6 1455/597/6 1456/598/6 1460/600/6 
f 1461/599/594 1457/597/594 1455/597/594 1459/599/594 
f 1462/600/4 1458/598/4 1457/597/4 1461/599/4 
f 1460/600/595 1456/598/595 1458/598/595 1462/600/595 
f 1463/601/6 1459/599/6 1460/600/6 1464/602/6 
f 1465/601/596 1461/599/596 1459/599/596 1463/601/596 
f 1466/602/4 1462/600/4 1461/599/4 1465/601/4 
f 1464/602/597 1460/600/597 1462/600/597 1466/602/597 
f 1467/603/6 1463/601/6 1464/602/6 1468/604/6 
f 1469/603/598 1465/601/598 1463/601/598 1467/603/598 
f 1470/604/4 1466/602/4 1465/601/4 1469/603/4 
f 1468/604/599 1464/602/599 1466/602/599 1470/604/599 
f 1471/605/6 1467/603/6 1468/604/6 1472/606/6 
f 1473/605/600 1469/603/600 1467/603/600 1471/605/600 
f 1474/606/4 1470/604/4 1469/603/4 1473/605/4 
f 1472/606/601 1468/604/601 1470/604/601 1474/606/601 
f 1475/607/6 1471/605/6 1472/606/6 1476/608/6 
f 1477/607/602 1473/605/602 1471/605/602 1475/607/602 
f 1478/608/4 1474/606/4 1473/605/4 1477/607/4 
f 1476/608/603 1472/606/603 1474/606/603 1478/608/603 
f 1479/609/6 1475/607/6 1476/608/6 1480/610/6 
f 1481/609/604 1477/607/604 1475/607/604 1479/609/604 
f 1482/610/4 1478/608/4 1477/607/4 1481/609/4 
f 1480/610/605 1476/608/605 1478/608/605 1482/610/605 
f 1483/611/6 1479/609/6 1480/610/6 1484/612/6 
f 1485/611/606 1481/609/606 1479/609/606 1483/611/606 
f 1486/612/4 1482/610/4 1481/609/4 1485/611/4 
f 1484/612/607 1480/610/607 1482/610/607 1486/612/607 
f 1487/613/6 1483/611/6 1484/612/6 1488/614/6 
f 1489/613/608 1485/611/608 1483/611/608 1487/613/608 
f 1490/614/4 1486/612/4 1485/611/4 1489/613/4 
f 1488/614/609 1484/612/609 1486/612/609 1490/614/609 
f 1491/615/6 1487/613/6 1488/614/6 1492/616/6 
f 1493/615/610 1489/613/610 1487/613/610 1491/615/611 
f 1494/616/4 1490/614/4 1489/613/4 1493/615/4 
f 1492/616/612 1488/614/612 1490/614/612 1494/616/612 
f 1495/617/6 1491/615/6 1492/616/6 1496/618/6 
f 1497/617/613 1493/615/613 1491/615/613 1495/617/614 
f 1498/618/4 1494/616/4 1493/615/4 1497/617/4 
f 1496/618/615 1492/616/615 1494/616/615 1498/618/615 
f 1499/619/6 1495/617/6 1496/618/6 1500/620/6 
f 1501/619/616 1497/617/616 1495/617/616 1499/619/616 
f 1502/620/4 1498/618/4 1497/617/4 1501/619/4 
f 1500/620/617 1496/618/617 1498/618/617 1502/620/617 
f 1503/621/6 1499/619/6 1500/620/6 1504/622/6 
f 1505/621/618 1501/619/618 1499/619/618 1503/621/618 
f 1506/622/4 1502/620/4 1501/619/4 1505/621/4 
f 1504/622/619 1500/620/619 1502/620/619 1506/622/619 
f 1507/623/6 1503/621/6 1504/622/6 1508/624/6 
f 1509/623/620 1505/621/620 1503/621/620 1507/623/620 
f 1510/624/4 1506/622/4 1505/621/4 1509/623/4 
f 1508/624/621 1504/622/621 1506/622/621 1510/624/621 
f 1511/625/6 1507/623/6 1508/624/6 1512/626/6 
f 1513/625/622 1509/623/622 1507/623/622 1511/625/622 
f 1514/626/4 1510/624/4 1509/623/4 1513/625/4 
f 1512/626/623 1508/624/623 1510/624/623 1514/626/623 
f 1515/627/6 1511/625/6 1512/626/6 1516/628/6 
f 1517/627/624 1513/625/624 1511/625/624 1515/627/624 
f 1518/628/4 1514/626/4 1513/625/4 1517/627/4 
f 1516/628/625 1512/626/625 1514/626/625 1518/628/625 
f 1519/629/6 1515/627/6 1516/628/6 1520/630/6 
f 1521/629/626 1517/627/626 1515/627/626 1519/629/626 
f 1522/630/4 1518/628/4 1517/627/4 1521/629/4 
f 1520/630/627 1516/628/627 1518/628/627 1522/630/627 
f 1523/631/30 1519/629/30 1520/630/30 1524/632/29 
f 1525/631/628 1521/629/628 1519/629/628 1523/631/628 
f 1526/632/4 1522/630/4 1521/629/4 1525/631/4 
f 1524/632/629 1520/630/629 1522/630/629 1526/632/629 
f 1527/633/29 1523/631/29 1524/632/29 1528/634/29 
f 1529/633/630 1525/631/630 1523/631/630 1527/633/631 
f 1530/634/4 1526/632/4 1525/631/4 1529/633/4 
f 1528/634/632 1524/632/632 1526/632/632 1530/634/633 
f 1531/635/29 1527/633/29 1528/634/29 1532/636/29 
f 1533/635/634 1529/633/634 1527/633/634 1531/635/634 
f 1534/636/4 1530/634/4 1529/633/4 1533/635/4 
f 1532/636/635 1528/634/635 1530/634/635 1534/636/635 
f 1535/637/29 1531/635/29 1532/636/29 1536/638/30 
f 1537/637/636 1533/635/636 1531/635/636 1535/637/636 
f 1538/638/4 1534/636/4 1533/635/4 1537/637/4 
f 1536/638/637 1532/636/637 1534/636/637 1538/638/637 
f 1539/639/6 1535/637/6 1536/638/6 1540/640/6 
f 1541/639/638 1537/637/638 1535/637/638 1539/639/638 
f 1542/640/4 1538/638/4 1537/637/4 1541/639/4 
f 1540/640/639 1536/638/639 1538/638/639 1542/640/639 
f 1543/641/6 1539/639/6 1540/640/6 1544/642/6 
f 1545/641/640 1541/639/640 1539/639/640 1543/641/640 
f 1546/642/4 1542/640/4 1541/639/4 1545/641/4 
f 1544/642/641 1540/640/641 1542/640/641 1546/642/641 
f 1547/643/6 1543/641/6 1544/642/6 1548/644/6 
f 1549/643/642 1545/641/642 1543/641/642 1547/643/642 
f 1550/644/4 1546/642/4 1545/641/4 1549/643/4 
f 1548/644/643 1544/642/643 1546/642/643 1550/644/643 
f 1551/645/6 1547/643/6 1548/644/6 1552/646/6 
f 1553/645/644 1549/643/644 1547/643/644 1551/645/645 
f 1554/646/4 1550/644/4 1549/643/4 1553/645/4 
f 1552/646/646 1548/644/646 1550/644/646 1554/646/646 
f 1555/647/6 1551/645/6 1552/646/6 1556/648/6 
f 1557/647/647 1553/645/647 1551/645/647 1555/647/647 
f 1558/648/4 1554/646/4 1553/645/4 1557/647/4 
f 1556/648/648 1552/646/648 1554/646/648 1558/648/648 
f 1559/649/6 1555/647/6 1556/648/6 1560/650/6 
f 1561/649/649 1557/647/649 1555/647/649 1559/649/649 
f 1562/650/4 1558/648/4 1557/647/4 1561/649/4 
f 1560/650/650 1556/648/650 1558/648/650 1562/650/651 
f 1563/651/6 1559/649/6 1560/650/6 1564/652/6 
f 1565/651/652 1561/649/652 1559/649/652 1563/651/653 
f 1566/652/4 1562/650/4 1561/649/4 1565/651/4 
f 1564/652/654 1560/650/654 1562/650/654 1566/652/654 
f 1567/653/6 1563/651/6 1564/652/6 1568/654/6 
f 1569/653/655 1565/651/655 1563/651/655 1567/653/656 
f 1570/654/4 1566/652/4 1565/651/4 1569/653/4 
f 1568/654/657 1564/652/657 1566/652/657 1570/654/657 
f 1571/655/6 1567/653/6 1568/654/6 1572/656/6 
f 1573/655/658 1569/653/658 1567/653/658 1571/655/658 
f 1574/656/4 1570/654/4 1569/653/4 1573/655/4 
f 1572/656/659 1568/654/659 1570/654/659 1574/656/659 
f 1575/657/6 1571/655/6 1572/656/6 1576/658/6 
f 1577/657/660 1573/655/660 1571/655/660 1575/657/660 
f 1578/658/4 1574/656/4 1573/655/4 1577/657/4 
f 1576/658/661 1572/656/661 1574/656/661 1578/658/661 
f 1579/659/6 1575/657/6 1576/658/6 1580/660/6 
f 1581/659/662 1577/657/662 1575/657/662 1579/659/662 
f 1582/660/4 1578/658/4 1577/657/4 1581/659/4 
f 1580/660/663 1576/658/663 1578/658/663 1582/660/663 
f 1583/661/6 1579/659/6 1580/660/6 1584/662/6 
f 1585/661/664 1581/659/664 1579/659/664 1583/661/664 
f 1586/662/4 1582/660/4 1581/659/4 1585/661/4 
f 1584/662/665 1580/660/665 1582/660/665 1586/662/666 
f 1587/663/6 1583/661/6 1584/662/6 1588/664/6 
f 1589/663/667 1585/661/667 1583/661/667 1587/663/667 
f 1590/664/4 1586/662/4 1585/661/4 1589/663/4 
f 1588/664/668 1584/662/668 1586/662/668 1590/664/669 
f 1591/665/6 1587/663/6 1588/664/6 1592/666/6 
f 1593/665/670 1589/663/670 1587/663/670 1591/665/670 
f 1594/666/4 1590/664/4 1589/663/4 1593/665/4 
f 1592/666/671 1588/664/671 1590/664/671 1594/666/671 
f 1595/667/6 1591/665/6 1592/666/6 1596/668/6 
f 1597/667/672 1593/665/672 1591/665/672 1595/667/672 
f 1598/668/4 1594/666/4 1593/665/4 1597/667/4 
f 1596/668/673 1592/666/673 1594/666/673 1598/668/674 
f 1599/669/6 1595/667/6 1596/668/6 1600/670/6 
f 1601/669/675 1597/667/675 1595/667/675 1599/669/675 
f 1602/670/4 1598/668/4 1597/667/4 1601/669/4 
f 1600/670/676 1596/668/676 1598/668/676 1602/670/677 
f 1603/671/6 1599/669/6 1600/670/6 1604/672/6 
f 1605/671/678 1601/669/678 1599/669/678 1603/671/678 
f 1606/672/4 1602/670/4 1601/669/4 1605/671/4 
f 1604/672/679 1600/670/679 1602/670/679 1606/672/680 
f 1607/673/6 1603/671/6 1604/672/6 1608/674/6 
f 1609/673/681 1605/671/681 1603/671/681 1607/673/681 
f 1610/674/4 1606/672/4 1605/671/4 1609/673/4 
f 1608/674/682 1604/672/682 1606/672/682 1610/674/682 
f 1611/675/6 1607/673/6 1608/674/6 1612/676/29 
f 1613/675/683 1609/673/683 1607/673/683 1611/675/683 
f 1614/676/4 1610/674/4 1609/673/4 1613/675/4 
f 1612/676/684 1608/674/684 1610/674/684 1614/676/685 
f 1615/677/29 1611/675/29 1612/676/29 1616/678/29 
f 1617/677/686 1613/675/686 1611/675/686 1615/677/686 
f 1618/678/4 1614/676/4 1613/675/4 1617/677/4 
f 1616/678/687 1612/676/687 1614/676/687 1618/678/687 
f 1619/679/29 1615/677/29 1616/678/29 1620/680/29 
f 1621/679/688 1617/677/688 1615/677/688 1619/679/688 
f 1622/680/4 1618/678/4 1617/677/4 1621/679/4 
f 1620/680/689 1616/678/689 1618/678/689 1622/680/689 
f 1623/681/29 1619/679/29 1620/680/29 1624/682/6 
f 1625/681/690 1621/679/690 1619/679/690 1623/681/690 
f 1626/682/4 1622/680/4 1621/679/4 1625/681/4 
f 1624/682/691 1620/680/691 1622/680/691 1626/682/691 
f 1627/683/6 1623/681/6 1624/682/6 1628/684/6 
f 1629/683/692 1625/681/692 1623/681/692 1627/683/692 
f 1630/684/4 1626/682/4 1625/681/4 1629/683/4 
f 1628/684/693 1624/682/693 1626/682/693 1630/684/693 
f 1631/685/6 1627/683/6 1628/684/6 1632/686/6 
f 1633/685/3 1629/683/3 1627/683/3 1631/685/3 
f 1634/686/4 1630/684/4 1629/683/4 1633/685/4 
f 1632/686/31 1628/684/31 1630/684/31 1634/686/5 
f 1635/687/6 1631/685/6 1632/686/6 1636/688/6 
f 1637/687/694 1633/685/694 1631/685/694 1635/687/694 
f 1638/688/4 1634/686/4 1633/685/4 1637/687/4 
f 1636/688/695 1632/686/695 1634/686/695 1638/688/695 
f 1639/689/6 1635/687/6 1636/688/6 1640/690/6 
f 1641/689/696 1637/687/696 1635/687/696 1639/689/696 
f 1642/690/4 1638/688/4 1637/687/4 1641/689/4 
f 1640/690/697 1636/688/697 1638/688/697 1642/690/697 
f 1643/691/6 1639/689/6 1640/690/6 1644/692/6 
f 1645/691/698 1641/689/698 1639/689/698 1643/691/698 
f 1646/692/4 1642/690/4 1641/689/4 1645/691/4 
f 1644/692/699 1640/690/699 1642/690/699 1646/692/699 
f 1647/693/6 1643/691/6 1644/692/6 1648/694/6 
f 1649/693/237 1645/691/237 1643/691/237 1647/693/237 
f 1650/694/4 1646/692/4 1645/691/4 1649/693/4 
f 1648/694/236 1644/692/236 1646/692/236 1650/694/236 
f 1651/695/6 1647/693/6 1648/694/6 1652/696/6 
f 1653/695/700 1649/693/700 1647/693/700 1651/695/700 
f 1654/696/4 1650/694/4 1649/693/4 1653/695/4 
f 1652/696/701 1648/694/701 1650/694/701 1654/696/702 
f 1655/697/6 1651/695/6 1652/696/6 1656/698/6 
f 1657/697/703 1653/695/703 1651/695/703 1655/697/703 
f 1658/698/4 1654/696/4 1653/695/4 1657/697/4 
f 1656/698/704 1652/696/704 1654/696/704 1658/698/705 
f 1659/699/6 1655/697/6 1656/698/6 1660/700/6 
f 1661/699/706 1657/697/706 1655/697/706 1659/699/706 
f 1662/700/4 1658/698/4 1657/697/4 1661/699/4 
f 1660/700/707 1656/698/707 1658/698/707 1662/700/707 
f 1663/701/6 1659/699/6 1660/700/6 1664/702/6 
f 1665/701/708 1661/699/708 1659/699/708 1663/701/708 
f 1666/702/4 1662/700/4 1661/699/4 1665/701/4 
f 1664/702/709 1660/700/709 1662/700/709 1666/702/709 
f 1667/703/6 1663/701/6 1664/702/6 1668/704/6 
f 1669/703/710 1665/701/710 1663/701/710 1667/703/710 
f 1670/704/4 1666/702/4 1665/701/4 1669/703/4 
f 1668/704/711 1664/702/711 1666/702/711 1670/704/711 
f 1671/705/6 1667/703/6 1668/704/6 1672/706/6 
f 1673/705/712 1669/703/712 1667/703/712 1671/705/712 
f 1674/706/4 1670/704/4 1669/703/4 1673/705/4 
f 1672/706/713 1668/704/713 1670/704/713 1674/706/714 
f 1675/707/6 1671/705/6 1672/706/6 1676/708/6 
f 1677/707/715 1673/705/715 1671/705/715 1675/707/715 
f 1678/708/4 1674/706/4 1673/705/4 1677/707/4 
f 1676/708/716 1672/706/716 1674/706/716 1678/708/716 
f 1679/709/6 1675/707/6 1676/708/6 1680/710/6 
f 1681/709/717 1677/707/717 1675/707/717 1679/709/717 
f 1682/710/4 1678/708/4 1677/707/4 1681/709/4 
f 1680/710/718 1676/708/718 1678/708/718 1682/710/719 
f 1683/711/6 1679/709/6 1680/710/6 1684/712/6 
f 1685/711/720 1681/709/720 1679/709/720 1683/711/720 
f 1686/712/4 1682/710/4 1681/709/4 1685/711/4 
f 1684/712/721 1680/710/721 1682/710/721 1686/712/721 
f 1687/713/6 1683/711/6 1684/712/6 1688/714/4 
f 1689/713/722 1685/711/722 1683/711/722 1687/713/722 
f 1690/714/6 1686/712/6 1685/711/6 1689/713/4 
f 1688/714/723 1684/712/723 1686/712/723 1690/714/723 
f 1691/715/6 1687/713/6 1688/714/6 1692/716/6 
f 1693/715/1 1689/713/1 1687/713/1 1691/715/724 
f 1694/716/4 1690/714/4 1689/713/4 1693/715/4 
f 1692/716/725 1688/714/725 1690/714/725 1694/716/725 
f 1695/717/6 1691/715/6 1692/716/6 1696/718/4 
f 1697/717/726 1693/715/726 1691/715/726 1695/717/726 
f 1698/718/6 1694/716/6 1693/715/6 1697/717/4 
f 1696/718/727 1692/716/727 1694/716/727 1698/718/727 
f 1699/719/6 1695/717/6 1696/718/6 1700/720/6 
f 1701/719/728 1697/717/728 1695/717/728 1699/719/728 
f 1702/720/4 1698/718/4 1697/717/4 1701/719/4 
f 1700/720/729 1696/718/729 1698/718/729 1702/720/729 
f 1703/721/6 1699/719/6 1700/720/6 1704/722/6 
f 1705/721/730 1701/719/730 1699/719/730 1703/721/730 
f 1706/722/4 1702/720/4 1701/719/4 1705/721/4 
f 1704/722/731 1700/720/731 1702/720/731 1706/722/731 
f 1707/723/6 1703/721/6 1704/722/6 1708/724/6 
f 1709/723/732 1705/721/732 1703/721/732 1707/723/732 
f 1710/724/4 1706/722/4 1705/721/4 1709/723/4 
f 1708/724/733 1704/722/733 1706/722/733 1710/724/733 
f 1711/725/6 1707/723/6 1708/724/6 1712/726/6 
f 1713/725/734 1709/723/734 1707/723/734 1711/725/734 
f 1714/726/4 1710/724/4 1709/723/4 1713/725/4 
f 1712/726/735 1708/724/735 1710/724/735 1714/726/735 
f 1715/727/6 1711/725/6 1712/726/6 1716/728/6 
f 1717/727/736 1713/725/736 1711/725/736 1715/727/736 
f 1718/728/4 1714/726/4 1713/725/4 1717/727/4 
f 1716/728/737 1712/726/737 1714/726/737 1718/728/738 
f 1060/400/4 1715/727/4 1716/728/4 1061/401/6 
f 1064/400/739 1717/727/739 1715/727/739 1060/400/739 
f 1066/401/4 1718/728/4 1717/727/4 1064/400/6 
f 1061/401/739 1716/728/739 1718/728/739 1066/401/740 
f 1719/729/4 1720/730/4 1721/731/4 1722/732/6 
f 1723/729/741 1724/730/741 1720/730/741 1719/729/741 
f 1725/732/4 1726/731/4 1724/730/4 1723/729/6 
f 1722/732/741 1721/731/741 1726/731/741 1725/732/741 
f 1727/733/6 1719/729/6 1722/732/6 1728/734/6 
f 1729/733/742 1723/729/742 1719/729/742 1727/733/742 
f 1730/734/4 1725/732/4 1723/729/4 1729/733/4 
f 1728/734/743 1722/732/743 1725/732/743 1730/734/743 
f 1731/735/6 1727/733/6 1728/734/6 1732/736/6 
f 1733/735/744 1729/733/744 1727/733/744 1731/735/744 
f 1734/736/4 1730/734/4 1729/733/4 1733/735/4 
f 1732/736/745 1728/734/745 1730/734/745 1734/736/745 
f 1735/737/6 1731/735/6 1732/736/6 1736/738/6 
f 1737/737/746 1733/735/746 1731/735/746 1735/737/747 
f 1738/738/4 1734/736/4 1733/735/4 1737/737/4 
f 1736/738/748 1732/736/748 1734/736/748 1738/738/749 
f 1739/739/6 1735/737/6 1736/738/6 1740/740/6 
f 1741/739/750 1737/737/750 1735/737/750 1739/739/750 
f 1742/740/4 1738/738/4 1737/737/4 1741/739/4 
f 1740/740/751 1736/738/751 1738/738/751 1742/740/751 
f 1743/741/6 1739/739/6 1740/740/6 1744/742/6 
f 1745/741/752 1741/739/752 1739/739/752 1743/741/752 
f 1746/742/4 1742/740/4 1741/739/4 1745/741/4 
f 1744/742/753 1740/740/753 1742/740/753 1746/742/753 
f 1747/743/6 1743/741/6 1744/742/6 1748/744/6 
f 1749/743/754 1745/741/754 1743/741/754 1747/743/754 
f 1750/744/4 1746/742/4 1745/741/4 1749/743/4 
f 1748/744/755 1744/742/755 1746/742/755 1750/744/755 
f 1751/745/6 1747/743/6 1748/744/6 1752/746/6 
f 1753/745/756 1749/743/756 1747/743/756 1751/745/756 
f 1754/746/4 1750/744/4 1749/743/4 1753/745/4 
f 1752/746/757 1748/744/757 1750/744/757 1754/746/757 
f 1755/747/6 1751/745/6 1752/746/6 1756/748/6 
f 1757/747/758 1753/745/758 1751/745/758 1755/747/758 
f 1758/748/4 1754/746/4 1753/745/4 1757/747/4 
f 1756/748/759 1752/746/759 1754/746/759 1758/748/759 
f 1759/749/6 1755/747/6 1756/748/6 1760/750/6 
f 1761/749/760 1757/747/760 1755/747/760 1759/749/760 
f 1762/750/4 1758/748/4 1757/747/4 1761/749/4 
f 1760/750/761 1756/748/761 1758/748/761 1762/750/761 
f 1763/751/6 1759/749/6 1760/750/6 1764/752/6 
f 1765/751/762 1761/749/762 1759/749/762 1763/751/762 
f 1766/752/4 1762/750/4 1761/749/4 1765/751/4 
f 1764/752/763 1760/750/763 1762/750/763 1766/752/763 
f 1767/753/6 1763/751/6 1764/752/6 1768/754/6 
f 1769/753/764 1765/751/764 1763/751/764 1767/753/764 
f 1770/754/4 1766/752/4 1765/751/4 1769/753/4 
f 1768/754/765 1764/752/765 1766/752/765 1770/754/765 
f 1771/755/6 1767/753/6 1768/754/6 1772/756/6 
f 1773/755/766 1769/753/766 1767/753/766 1771/755/766 
f 1774/756/4 1770/754/4 1769/753/4 1773/755/4 
f 1772/756/767 1768/754/767 1770/754/767 1774/756/767 
f 1775/757/6 1771/755/6 1772/756/6 1776/758/6 
f 1777/757/768 1773/755/768 1771/755/768 1775/757/768 
f 1778/758/4 1774/756/4 1773/755/4 1777/757/4 
f 1776/758/769 1772/756/769 1774/756/769 1778/758/769 
f 1779/759/6 1775/757/6 1776/758/6 1780/760/6 
f 1781/759/770 1777/757/770 1775/757/770 1779/759/770 
f 1782/760/4 1778/758/4 1777/757/4 1781/759/4 
f 1780/760/771 1776/758/771 1778/758/771 1782/760/771 
f 1783/761/6 1779/759/6 1780/760/6 1784/762/6 
f 1785/761/772 1781/759/772 1779/759/772 1783/761/772 
f 1786/762/4 1782/760/4 1781/759/4 1785/761/4 
f 1784/762/773 1780/760/773 1782/760/773 1786/762/773 
f 1787/763/6 1783/761/6 1784/762/6 1788/764/6 
f 1789/763/774 1785/761/774 1783/761/774 1787/763/774 
f 1790/764/4 1786/762/4 1785/761/4 1789/763/4 
f 1788/764/775 1784/762/775 1786/762/775 1790/764/775 
f 1791/765/6 1787/763/6 1788/764/6 1792/766/6 
f 1793/765/776 1789/763/776 1787/763/776 1791/765/776 
f 1794/766/4 1790/764/4 1789/763/4 1793/765/4 
f 1792/766/777 1788/764/777 1790/764/777 1794/766/777 
f 1795/767/6 1791/765/6 1792/766/6 1796/768/6 
f 1797/767/778 1793/765/778 1791/765/778 1795/767/778 
f 1798/768/4 1794/766/4 1793/765/4 1797/767/4 
f 1796/768/779 1792/766/779 1794/766/779 1798/768/779 
f 1799/769/6 1795/767/6 1796/768/6 1800/770/6 
f 1801/769/780 1797/767/780 1795/767/780 1799/769/780 
f 1802/770/4 1798/768/4 1797/767/4 1801/769/4 
f 1800/770/781 1796/768/781 1798/768/781 1802/770/781 
f 1803/771/6 1799/769/6 1800/770/6 1804/772/6 
f 1805/771/782 1801/769/782 1799/769/782 1803/771/782 
f 1806/772/4 1802/770/4 1801/769/4 1805/771/4 
f 1804/772/783 1800/770/783 1802/770/783 1806/772/783 
f 1807/773/6 1803/771/6 1804/772/6 1808/774/6 
f 1809/773/784 1805/771/784 1803/771/784 1807/773/784 
f 1810/774/4 1806/772/4 1805/771/4 1809/773/4 
f 1808/774/785 1804/772/785 1806/772/785 1810/774/785 
f 1811/775/6 1807/773/6 1808/774/6 1812/776/6 
f 1813/775/786 1809/773/786 1807/773/786 1811/775/786 
f 1814/776/4 1810/774/4 1809/773/4 1813/775/4 
f 1812/776/787 1808/774/787 1810/774/787 1814/776/787 
f 1815/777/6 1811/775/6 1812/776/6 1816/778/6 
f 1817/777/788 1813/775/788 1811/775/788 1815/777/788 
f 1818/778/4 1814/776/4 1813/775/4 1817/777/4 
f 1816/778/789 1812/776/789 1814/776/789 1818/778/789 
f 1819/779/6 1815/777/6 1816/778/6 1820/780/6 
f 1821/779/790 1817/777/790 1815/777/790 1819/779/790 
f 1822/780/4 1818/778/4 1817/777/4 1821/779/4 
f 1820/780/791 1816/778/791 1818/778/791 1822/780/791 
f 1823/781/6 1819/779/6 1820/780/6 1824/782/6 
f 1825/781/792 1821/779/792 1819/779/792 1823/781/792 
f 1826/782/4 1822/780/4 1821/779/4 1825/781/4 
f 1824/782/793 1820/780/793 1822/780/793 1826/782/793 
f 1827/783/6 1823/781/6 1824/782/6 1828/784/6 
f 1829/783/794 1825/781/794 1823/781/794 1827/783/794 
f 1830/784/4 1826/782/4 1825/781/4 1829/783/4 
f 1828/784/795 1824/782/795 1826/782/795 1830/784/795 
f 1831/785/6 1827/783/6 1828/784/6 1832/786/6 
f 1833/785/796 1829/783/796 1827/783/796 1831/785/796 
f 1834/786/4 1830/784/4 1829/783/4 1833/785/4 
f 1832/786/79 1828/784/79 1830/784/79 1834/786/79 
f 1835/787/6 1831/785/6 1832/786/6 1836/788/6 
f 1837/787/797 1833/785/797 1831/785/797 1835/787/797 
f 1838/788/4 1834/786/4 1833/785/4 1837/787/4 
f 1836/788/798 1832/786/798 1834/786/798 1838/788/798 
f 1839/789/6 1835/787/6 1836/788/6 1840/790/6 
f 1841/789/799 1837/787/799 1835/787/799 1839/789/799 
f 1842/790/4 1838/788/4 1837/787/4 1841/789/4 
f 1840/790/800 1836/788/800 1838/788/800 1842/790/800 
f 1843/791/6 1839/789/6 1840/790/6 1844/792/6 
f 1845/791/801 1841/789/801 1839/789/801 1843/791/801 
f 1846/792/4 1842/790/4 1841/789/4 1845/791/4 
f 1844/792/802 1840/790/802 1842/790/802 1846/792/802 
f 1847/793/6 1843/791/6 1844/792/6 1848/794/6 
f 1849/793/803 1845/791/803 1843/791/803 1847/793/803 
f 1850/794/4 1846/792/4 1845/791/4 1849/793/4 
f 1848/794/804 1844/792/804 1846/792/804 1850/794/804 
f 1851/795/6 1847/793/6 1848/794/6 1852/796/6 
f 1853/795/805 1849/793/805 1847/793/805 1851/795/805 
f 1854/796/4 1850/794/4 1849/793/4 1853/795/4 
f 1852/796/806 1848/794/806 1850/794/806 1854/796/806 
f 1855/797/6 1851/795/6 1852/796/6 1856/798/6 
f 1857/797/807 1853/795/807 1851/795/807 1855/797/807 
f 1858/798/4 1854/796/4 1853/795/4 1857/797/4 
f 1856/798/808 1852/796/808 1854/796/808 1858/798/808 
f 1859/799/6 1855/797/6 1856/798/6 1860/800/6 
f 1861/799/809 1857/797/809 1855/797/809 1859/799/809 
f 1862/800/4 1858/798/4 1857/797/4 1861/799/4 
f 1860/800/810 1856/798/810 1858/798/810 1862/800/810 
f 1863/801/6 1859/799/6 1860/800/6 1864/802/6 
f 1865/801/811 1861/799/811 1859/799/811 1863/801/812 
f 1866/802/4 1862/800/4 1861/799/4 1865/801/4 
f 1864/802/813 1860/800/813 1862/800/813 1866/802/813 
f 1867/803/6 1863/801/6 1864/802/6 1868/804/6 
f 1869/803/814 1865/801/814 1863/801/814 1867/803/815 
f 1870/804/4 1866/802/4 1865/801/4 1869/803/4 
f 1868/804/816 1864/802/816 1866/802/816 1870/804/816 
f 1871/805/6 1867/803/6 1868/804/6 1872/806/6 
f 1873/805/817 1869/803/817 1867/803/817 1871/805/817 
f 1874/806/4 1870/804/4 1869/803/4 1873/805/4 
f 1872/806/818 1868/804/818 1870/804/818 1874/806/818 
f 1875/807/6 1871/805/6 1872/806/6 1876/808/6 
f 1877/807/819 1873/805/819 1871/805/819 1875/807/820 
f 1878/808/4 1874/806/4 1873/805/4 1877/807/4 
f 1876/808/821 1872/806/821 1874/806/821 1878/808/822 
f 1879/809/6 1875/807/6 1876/808/6 1880/810/6 
f 1881/809/823 1877/807/823 1875/807/823 1879/809/824 
f 1882/810/4 1878/808/4 1877/807/4 1881/809/4 
f 1880/810/825 1876/808/825 1878/808/825 1882/810/826 
f 1883/811/6 1879/809/6 1880/810/6 1884/812/6 
f 1885/811/827 1881/809/827 1879/809/827 1883/811/827 
f 1886/812/4 1882/810/4 1881/809/4 1885/811/4 
f 1884/812/828 1880/810/828 1882/810/828 1886/812/828 
f 1887/813/6 1883/811/6 1884/812/6 1888/814/6 
f 1889/813/829 1885/811/829 1883/811/829 1887/813/829 
f 1890/814/4 1886/812/4 1885/811/4 1889/813/4 
f 1888/814/830 1884/812/830 1886/812/830 1890/814/830 
f 1891/815/6 1887/813/6 1888/814/6 1892/816/6 
f 1893/815/831 1889/813/831 1887/813/831 1891/815/831 
f 1894/816/4 1890/814/4 1889/813/4 1893/815/4 
f 1892/816/832 1888/814/832 1890/814/832 1894/816/832 
f 1895/817/6 1891/815/6 1892/816/6 1896/818/6 
f 1897/817/833 1893/815/833 1891/815/833 1895/817/833 
f 1898/818/4 1894/816/4 1893/815/4 1897/817/4 
f 1896/818/834 1892/816/834 1894/816/834 1898/818/834 
f 1899/819/6 1895/817/6 1896/818/6 1900/820/6 
f 1901/819/835 1897/817/835 1895/817/835 1899/819/835 
f 1902/820/4 1898/818/4 1897/817/4 1901/819/4 
f 1900/820/836 1896/818/836 1898/818/836 1902/820/836 
f 1903/821/6 1899/819/6 1900/820/6 1904/822/6 
f 1905/821/837 1901/819/837 1899/819/837 1903/821/837 
f 1906/822/4 1902/820/4 1901/819/4 1905/821/4 
f 1904/822/838 1900/820/838 1902/820/838 1906/822/838 
f 1907/823/6 1903/821/6 1904/822/6 1908/824/6 
f 1909/823/839 1905/821/839 1903/821/839 1907/823/839 
f 1910/824/4 1906/822/4 1905/821/4 1909/823/4 
f 1908/824/840 1904/822/840 1906/822/840 1910/824/840 
f 1911/825/6 1907/823/6 1908/824/6 1912/826/6 
f 1913/825/841 1909/823/841 1907/823/841 1911/825/841 
f 1914/826/4 1910/824/4 1909/823/4 1913/825/4 
f 1912/826/842 1908/824/842 1910/824/842 1914/826/842 
f 1915/827/6 1911/825/6 1912/826/6 1916/828/6 
f 1917/827/843 1913/825/843 1911/825/843 1915/827/843 
f 1918/828/4 1914/826/4 1913/825/4 1917/827/4 
f 1916/828/844 1912/826/844 1914/826/844 1918/828/845 
f 1919/829/6 1915/827/6 1916/828/6 1920/830/6 
f 1921/829/846 1917/827/846 1915/827/846 1919/829/846 
f 1922/830/4 1918/828/4 1917/827/4 1921/829/4 
f 1920/830/847 1916/828/847 1918/828/847 1922/830/847 
f 1923/831/6 1919/829/6 1920/830/6 1924/832/6 
f 1925/831/848 1921/829/848 1919/829/848 1923/831/849 
f 1926/832/4 1922/830/4 1921/829/4 1925/831/4 
f 1924/832/850 1920/830/850 1922/830/850 1926/832/850 
f 1927/833/6 1923/831/6 1924/832/6 1928/834/6 
f 1929/833/851 1925/831/851 1923/831/851 1927/833/851 
f 1930/834/4 1926/832/4 1925/831/4 1929/833/4 
f 1928/834/852 1924/832/852 1926/832/852 1930/834/852 
f 1931/835/6 1927/833/6 1928/834/6 1932/836/6 
f 1933/835/853 1929/833/853 1927/833/853 1931/835/853 
f 1934/836/4 1930/834/4 1929/833/4 1933/835/4 
f 1932/836/854 1928/834/854 1930/834/854 1934/836/854 
f 1935/837/6 1931/835/6 1932/836/6 1936/838/6 
f 1937/837/855 1933/835/855 1931/835/855 1935/837/855 
f 1938/838/4 1934/836/4 1933/835/4 1937/837/4 
f 1936/838/856 1932/836/856 1934/836/856 1938/838/856 
f 1939/839/6 1935/837/6 1936/838/6 1940/840/6 
f 1941/839/857 1937/837/857 1935/837/857 1939/839/857 
f 1942/840/4 1938/838/4 1937/837/4 1941/839/4 
f 1940/840/858 1936/838/858 1938/838/858 1942/840/858 
f 1943/841/6 1939/839/6 1940/840/6 1944/842/6 
f 1945/841/859 1941/839/859 1939/839/859 1943/841/859 
f 1946/842/4 1942/840/4 1941/839/4 1945/841/4 
f 1944/842/860 1940/840/860 1942/840/860 1946/842/860 
f 1947/843/6 1943/841/6 1944/842/6 1948/844/6 
f 1949/843/861 1945/841/861 1943/841/861 1947/843/861 
f 1950/844/4 1946/842/4 1945/841/4 1949/843/4 
f 1948/844/862 1944/842/862 1946/842/862 1950/844/862 
f 1951/845/6 1947/843/6 1948/844/6 1952/846/6 
f 1953/845/863 1949/843/863 1947/843/863 1951/845/863 
f 1954/846/4 1950/844/4 1949/843/4 1953/845/4 
f 1952/846/864 1948/844/864 1950/844/864 1954/846/864 
f 1955/847/6 1951/845/6 1952/846/6 1956/848/6 
f 1957/847/865 1953/845/865 1951/845/865 1955/847/865 
f 1958/848/4 1954/846/4 1953/845/4 1957/847/4 
f 1956/848/866 1952/846/866 1954/846/866 1958/848/866 
f 1959/849/6 1955/847/6 1956/848/6 1960/850/6 
f 1961/849/867 1957/847/867 1955/847/867 1959/849/867 
f 1962/850/4 1958/848/4 1957/847/4 1961/849/4 
f 1960/850/868 1956/848/868 1958/848/868 1962/850/868 
f 1963/851/6 1959/849/6 1960/850/6 1964/852/6 
f 1965/851/869 1961/849/869 1959/849/869 1963/851/869 
f 1966/852/4 1962/850/4 1961/849/4 1965/851/4 
f 1964/852/870 1960/850/870 1962/850/870 1966/852/870 
f 1967/853/6 1963/851/6 1964/852/6 1968/854/6 
f 1969/853/871 1965/851/871 1963/851/871 1967/853/871 
f 1970/854/4 1966/852/4 1965/851/4 1969/853/4 
f 1968/854/872 1964/852/872 1966/852/872 1970/854/872 
f 1971/855/6 1967/853/6 1968/854/6 1972/856/6 
f 1973/855/873 1969/853/873 1967/853/873 1971/855/873 
f 1974/856/4 1970/854/4 1969/853/4 1973/855/4 
f 1972/856/874 1968/854/874 1970/854/874 1974/856/874 
f 1720/730/6 1971/855/6 1972/856/6 1721/731/6 
f 1724/730/875 1973/855/875 1971/855/875 1720/730/875 
f 1726/731/4 1974/856/4 1973/855/4 1724/730/4 
f 1721/731/876 1972/856/876 1974/856/876 1726/731/876 
f 1975/857/29 1976/858/29 1977/859/29 1978/860/6 
f 1979/857/877 1980/858/877 1976/858/877 1975/857/877 
f 1981/860/4 1982/859/4 1980/858/4 1979/857/4 
f 1978/860/3 1977/859/3 1982/859/3 1981/860/3 
f 1983/861/6 1975/857/6 1978/860/6 1984/862/6 
f 1985/861/2 1979/857/2 1975/857/2 1983/861/2 
f 1986/862/4 1981/860/4 1979/857/4 1985/861/4 
f 1984/862/1 1978/860/1 1981/860/1 1986/862/1 
f 1987/863/6 1983/861/6 1984/862/6 1988/864/6 
f 1989/863/32 1985/861/32 1983/861/32 1987/863/32 
f 1990/864/4 1986/862/4 1985/861/4 1989/863/4 
f 1988/864/878 1984/862/878 1986/862/878 1990/864/878 
f 1991/865/4 1987/863/4 1988/864/4 1992/866/6 
f 1993/865/879 1989/863/879 1987/863/879 1991/865/879 
f 1994/866/4 1990/864/4 1989/863/4 1993/865/6 
f 1992/866/880 1988/864/880 1990/864/880 1994/866/879 
f 1995/867/6 1991/865/6 1992/866/6 1996/868/6 
f 1997/867/881 1993/865/881 1991/865/881 1995/867/881 
f 1998/868/4 1994/866/4 1993/865/4 1997/867/4 
f 1996/868/882 1992/866/882 1994/866/882 1998/868/882 
f 1999/869/6 1995/867/6 1996/868/6 2000/870/6 
f 2001/869/883 1997/867/883 1995/867/883 1999/869/883 
f 2002/870/4 1998/868/4 1997/867/4 2001/869/4 
f 2000/870/884 1996/868/884 1998/868/884 2002/870/884 
f 2003/871/6 1999/869/6 2000/870/6 2004/872/6 
f 2005/871/885 2001/869/885 1999/869/885 2003/871/885 
f 2006/872/4 2002/870/4 2001/869/4 2005/871/4 
f 2004/872/886 2000/870/886 2002/870/886 2006/872/886 
f 2007/873/6 2003/871/6 2004/872/6 2008/874/6 
f 2009/873/887 2005/871/887 2003/871/887 2007/873/887 
f 2010/874/4 2006/872/4 2005/871/4 2009/873/4 
f 2008/874/888 2004/872/888 2006/872/888 2010/874/888 
f 2011/875/6 2007/873/6 2008/874/6 2012/876/6 
f 2013/875/889 2009/873/889 2007/873/889 2011/875/889 
f 2014/876/4 2010/874/4 2009/873/4 2013/875/4 
f 2012/876/890 2008/874/890 2010/874/890 2014/876/890 
f 2015/877/6 2011/875/6 2012/876/6 2016/878/6 
f 2017/877/891 2013/875/891 2011/875/891 2015/877/891 
f 2018/878/4 2014/876/4 2013/875/4 2017/877/4 
f 2016/878/892 2012/876/892 2014/876/892 2018/878/892 
f 2019/879/6 2015/877/6 2016/878/6 2020/880/6 
f 2021/879/893 2017/877/893 2015/877/893 2019/879/893 
f 2022/880/4 2018/878/4 2017/877/4 2021/879/4 
f 2020/880/894 2016/878/894 2018/878/894 2022/880/894 
f 2023/881/6 2019/879/6 2020/880/6 2024/882/6 
f 2025/881/895 2021/879/895 2019/879/895 2023/881/895 
f 2026/882/4 2022/880/4 2021/879/4 2025/881/4 
f 2024/882/896 2020/880/896 2022/880/896 2026/882/896 
f 2027/883/6 2023/881/6 2024/882/6 2028/884/6 
f 2029/883/897 2025/881/897 2023/881/897 2027/883/897 
f 2030/884/4 2026/882/4 2025/881/4 2029/883/4 
f 2028/884/898 2024/882/898 2026/882/898 2030/884/898 
f 2031/885/6 2027/883/6 2028/884/6 2032/886/6 
f 2033/885/899 2029/883/899 2027/883/899 2031/885/899 
f 2034/886/4 2030/884/4 2029/883/4 2033/885/4 
f 2032/886/900 2028/884/900 2030/884/900 2034/886/900 
f 2035/887/6 2031/885/6 2032/886/6 2036/888/6 
f 2037/887/901 2033/885/901 2031/885/901 2035/887/901 
f 2038/888/4 2034/886/4 2033/885/4 2037/887/4 
f 2036/888/902 2032/886/902 2034/886/902 2038/888/902 
f 2039/889/6 2035/887/6 2036/888/6 2040/890/6 
f 2041/889/903 2037/887/903 2035/887/903 2039/889/903 
f 2042/890/4 2038/888/4 2037/887/4 2041/889/4 
f 2040/890/904 2036/888/904 2038/888/904 2042/890/904 
f 2043/891/6 2039/889/6 2040/890/6 2044/892/6 
f 2045/891/905 2041/889/905 2039/889/905 2043/891/905 
f 2046/892/4 2042/890/4 2041/889/4 2045/891/4 
f 2044/892/906 2040/890/906 2042/890/906 2046/892/906 
f 2047/893/6 2043/891/6 2044/892/6 2048/894/6 
f 2049/893/907 2045/891/907 2043/891/907 2047/893/907 
f 2050/894/4 2046/892/4 2045/891/4 2049/893/4 
f 2048/894/908 2044/892/908 2046/892/908 2050/894/908 
f 2051/895/6 2047/893/6 2048/894/6 2052/896/6 
f 2053/895/909 2049/893/909 2047/893/909 2051/895/909 
f 2054/896/4 2050/894/4 2049/893/4 2053/895/4 
f 2052/896/910 2048/894/910 2050/894/910 2054/896/910 
f 2055/897/6 2051/895/6 2052/896/6 2056/898/6 
f 2057/897/911 2053/895/911 2051/895/911 2055/897/911 
f 2058/898/4 2054/896/4 2053/895/4 2057/897/4 
f 2056/898/912 2052/896/912 2054/896/912 2058/898/912 
f 2059/899/6 2055/897/6 2056/898/6 2060/900/6 
f 2061/899/913 2057/897/913 2055/897/913 2059/899/913 
f 2062/900/4 2058/898/4 2057/897/4 2061/899/4 
f 2060/900/914 2056/898/914 2058/898/914 2062/900/914 
f 2063/901/6 2059/899/6 2060/900/6 2064/902/6 
f 2065/901/915 2061/899/915 2059/899/915 2063/901/915 
f 2066/902/4 2062/900/4 2061/899/4 2065/901/4 
f 2064/902/916 2060/900/916 2062/900/916 2066/902/916 
f 2067/903/6 2063/901/6 2064/902/6 2068/904/6 
f 2069/903/917 2065/901/917 2063/901/917 2067/903/917 
f 2070/904/4 2066/902/4 2065/901/4 2069/903/4 
f 2068/904/918 2064/902/918 2066/902/918 2070/904/918 
f 2071/905/6 2067/903/6 2068/904/6 2072/906/6 
f 2073/905/919 2069/903/919 2067/903/919 2071/905/919 
f 2074/906/4 2070/904/4 2069/903/4 2073/905/4 
f 2072/906/920 2068/904/920 2070/904/920 2074/906/920 
f 2075/907/6 2071/905/6 2072/906/6 2076/908/6 
f 2077/907/921 2073/905/921 2071/905/921 2075/907/921 
f 2078/908/4 2074/906/4 2073/905/4 2077/907/4 
f 2076/908/922 2072/906/922 2074/906/922 2078/908/922 
f 2079/909/6 2075/907/6 2076/908/6 2080/910/6 
f 2081/909/923 2077/907/923 2075/907/923 2079/909/923 
f 2082/910/4 2078/908/4 2077/907/4 2081/909/4 
f 2080/910/924 2076/908/924 2078/908/924 2082/910/924 
f 2083/911/6 2079/909/6 2080/910/6 2084/912/6 
f 2085/911/925 2081/909/925 2079/909/925 2083/911/925 
f 2086/912/4 2082/910/4 2081/909/4 2085/911/4 
f 2084/912/926 2080/910/926 2082/910/926 2086/912/926 
f 2087/913/6 2083/911/6 2084/912/6 2088/914/6 
f 2089/913/927 2085/911/927 2083/911/927 2087/913/927 
f 2090/914/4 2086/912/4 2085/911/4 2089/913/4 
f 2088/914/928 2084/912/928 2086/912/928 2090/914/928 
f 2091/915/6 2087/913/6 2088/914/6 2092/916/6 
f 2093/915/929 2089/913/929 2087/913/929 2091/915/929 
f 2094/916/4 2090/914/4 2089/913/4 2093/915/4 
f 2092/916/930 2088/914/930 2090/914/930 2094/916/930 
f 2095/917/6 2091/915/6 2092/916/6 2096/918/6 
f 2097/917/931 2093/915/931 2091/915/931 2095/917/931 
f 2098/918/4 2094/916/4 2093/915/4 2097/917/4 
f 2096/918/932 2092/916/932 2094/916/932 2098/918/932 
f 2099/919/6 2095/917/6 2096/918/6 2100/920/6 
f 2101/919/933 2097/917/933 2095/917/933 2099/919/933 
f 2102/920/4 2098/918/4 2097/917/4 2101/919/4 
f 2100/920/934 2096/918/934 2098/918/934 2102/920/934 
f 2103/921/6 2099/919/6 2100/920/6 2104/922/6 
f 2105/921/935 2101/919/935 2099/919/935 2103/921/935 
f 2106/922/4 2102/920/4 2101/919/4 2105/921/4 
f 2104/922/936 2100/920/936 2102/920/936 2106/922/936 
f 2107/923/6 2103/921/6 2104/922/6 2108/924/6 
f 2109/923/937 2105/921/937 2103/921/937 2107/923/937 
f 2110/924/4 2106/922/4 2105/921/4 2109/923/4 
f 2108/924/938 2104/922/938 2106/922/938 2110/924/938 
f 2111/925/6 2107/923/6 2108/924/6 2112/926/6 
f 2113/925/939 2109/923/939 2107/923/939 2111/925/939 
f 2114/926/4 2110/924/4 2109/923/4 2113/925/4 
f 2112/926/940 2108/924/940 2110/924/940 2114/926/940 
f 2115/927/6 2111/925/6 2112/926/6 2116/928/6 
f 2117/927/941 2113/925/941 2111/925/941 2115/927/941 
f 2118/928/4 2114/926/4 2113/925/4 2117/927/4 
f 2116/928/942 2112/926/942 2114/926/942 2118/928/942 
f 2119/929/6 2115/927/6 2116/928/6 2120/930/6 
f 2121/929/943 2117/927/943 2115/927/943 2119/929/943 
f 2122/930/4 2118/928/4 2117/927/4 2121/929/4 
f 2120/930/944 2116/928/944 2118/928/944 2122/930/944 
f 2123/931/6 2119/929/6 2120/930/6 2124/932/6 
f 2125/931/945 2121/929/945 2119/929/945 2123/931/945 
f 2126/932/4 2122/930/4 2121/929/4 2125/931/4 
f 2124/932/946 2120/930/946 2122/930/946 2126/932/946 
f 2127/933/6 2123/931/6 2124/932/6 2128/934/6 
f 2129/933/947 2125/931/947 2123/931/947 2127/933/947 
f 2130/934/4 2126/932/4 2125/931/4 2129/933/4 
f 2128/934/948 2124/932/948 2126/932/948 2130/934/948 
f 2131/935/28 2127/933/28 2128/934/28 2132/936/6 
f 2133/935/3 2129/933/3 2127/933/3 2131/935/3 
f 2134/936/4 2130/934/4 2129/933/4 2133/935/4 
f 2132/936/5 2128/934/5 2130/934/5 2134/936/5 
f 2135/937/28 2131/935/28 2132/936/28 2136/938/28 
f 2137/937/1 2133/935/1 2131/935/1 2135/937/1 
f 2138/938/4 2134/936/4 2133/935/4 2137/937/4 
f 2136/938/2 2132/936/2 2134/936/2 2138/938/2 
f 2139/939/29 2135/937/29 2136/938/29 2140/940/6 
f 2141/939/31 2137/937/31 2135/937/31 2139/939/31 
f 2142/940/4 2138/938/4 2137/937/4 2141/939/4 
f 2140/940/32 2136/938/32 2138/938/32 2142/940/32 
f 2143/941/6 2139/939/6 2140/940/6 2144/942/6 
f 2145/941/949 2141/939/949 2139/939/949 2143/941/949 
f 2146/942/4 2142/940/4 2141/939/4 2145/941/4 
f 2144/942/950 2140/940/950 2142/940/950 2146/942/950 
f 2147/943/6 2143/941/6 2144/942/6 2148/944/6 
f 2149/943/951 2145/941/951 2143/941/951 2147/943/951 
f 2150/944/4 2146/942/4 2145/941/4 2149/943/4 
f 2148/944/952 2144/942/952 2146/942/952 2150/944/952 
f 2151/945/6 2147/943/6 2148/944/6 2152/946/6 
f 2153/945/953 2149/943/953 2147/943/953 2151/945/953 
f 2154/946/4 2150/944/4 2149/943/4 2153/945/4 
f 2152/946/954 2148/944/954 2150/944/954 2154/946/954 
f 2155/947/6 2151/945/6 2152/946/6 2156/948/6 
f 2157/947/955 2153/945/955 2151/945/955 2155/947/955 
f 2158/948/4 2154/946/4 2153/945/4 2157/947/4 
f 2156/948/956 2152/946/956 2154/946/956 2158/948/956 
f 2159/949/6 2155/947/6 2156/948/6 2160/950/6 
f 2161/949/957 2157/947/957 2155/947/957 2159/949/957 
f 2162/950/4 2158/948/4 2157/947/4 2161/949/4 
f 2160/950/958 2156/948/958 2158/948/958 2162/950/958 
f 2163/951/6 2159/949/6 2160/950/6 2164/952/6 
f 2165/951/959 2161/949/959 2159/949/959 2163/951/959 
f 2166/952/4 2162/950/4 2161/949/4 2165/951/4 
f 2164/952/960 2160/950/960 2162/950/960 2166/952/960 
f 2167/953/6 2163/951/6 2164/952/6 2168/954/6 
f 2169/953/961 2165/951/961 2163/951/961 2167/953/961 
f 2170/954/4 2166/952/4 2165/951/4 2169/953/4 
f 2168/954/962 2164/952/962 2166/952/962 2170/954/962 
f 2171/955/6 2167/953/6 2168/954/6 2172/956/6 
f 2173/955/963 2169/953/963 2167/953/963 2171/955/963 
f 2174/956/4 2170/954/4 2169/953/4 2173/955/4 
f 2172/956/964 2168/954/964 2170/954/964 2174/956/964 
f 2175/957/6 2171/955/6 2172/956/6 2176/958/6 
f 2177/957/965 2173/955/965 2171/955/965 2175/957/965 
f 2178/958/4 2174/956/4 2173/955/4 2177/957/4 
f 2176/958/966 2172/956/966 2174/956/966 2178/958/966 
f 2179/959/6 2175/957/6 2176/958/6 2180/960/6 
f 2181/959/967 2177/957/967 2175/957/967 2179/959/967 
f 2182/960/4 2178/958/4 2177/957/4 2181/959/4 
f 2180/960/968 2176/958/968 2178/958/968 2182/960/968 
f 2183/961/6 2179/959/6 2180/960/6 2184/962/6 
f 2185/961/969 2181/959/969 2179/959/969 2183/961/969 
f 2186/962/4 2182/960/4 2181/959/4 2185/961/4 
f 2184/962/970 2180/960/970 2182/960/970 2186/962/970 
f 2187/963/6 2183/961/6 2184/962/6 2188/964/6 
f 2189/963/971 2185/961/971 2183/961/971 2187/963/971 
f 2190/964/4 2186/962/4 2185/961/4 2189/963/4 
f 2188/964/972 2184/962/972 2186/962/972 2190/964/972 
f 2191/965/6 2187/963/6 2188/964/6 2192/966/6 
f 2193/965/973 2189/963/973 2187/963/973 2191/965/973 
f 2194/966/4 2190/964/4 2189/963/4 2193/965/4 
f 2192/966/974 2188/964/974 2190/964/974 2194/966/974 
f 2195/967/6 2191/965/6 2192/966/6 2196/968/6 
f 2197/967/975 2193/965/975 2191/965/975 2195/967/975 
f 2198/968/4 2194/966/4 2193/965/4 2197/967/4 
f 2196/968/976 2192/966/976 2194/966/976 2198/968/976 
f 2199/969/6 2195/967/6 2196/968/6 2200/970/6 
f 2201/969/977 2197/967/977 2195/967/977 2199/969/977 
f 2202/970/4 2198/968/4 2197/967/4 2201/969/4 
f 2200/970/978 2196/968/978 2198/968/978 2202/970/978 
f 2203/971/6 2199/969/6 2200/970/6 2204/972/6 
f 2205/971/979 2201/969/979 2199/969/979 2203/971/979 
f 2206/972/4 2202/970/4 2201/969/4 2205/971/4 
f 2204/972/980 2200/970/980 2202/970/980 2206/972/980 
f 2207/973/6 2203/971/6 2204/972/6 2208/974/6 
f 2209/973/981 2205/971/981 2203/971/981 2207/973/981 
f 2210/974/4 2206/972/4 2205/971/4 2209/973/4 
f 2208/974/982 2204/972/982 2206/972/982 2210/974/982 
f 2211/975/6 2207/973/6 2208/974/6 2212/976/6 
f 2213/975/983 2209/973/983 2207/973/983 2211/975/983 
f 2214/976/4 2210/974/4 2209/973/4 2213/975/4 
f 2212/976/984 2208/974/984 2210/974/984 2214/976/984 
f 2215/977/6 2211/975/6 2212/976/6 2216/978/6 
f 2217/977/985 2213/975/985 2211/975/985 2215/977/985 
f 2218/978/4 2214/976/4 2213/975/4 2217/977/4 
f 2216/978/986 2212/976/986 2214/976/986 2218/978/986 
f 2219/979/6 2215/977/6 2216/978/6 2220/980/6 
f 2221/979/987 2217/977/987 2215/977/987 2219/979/987 
f 2222/980/4 2218/978/4 2217/977/4 2221/979/4 
f 2220/980/988 2216/978/988 2218/978/988 2222/980/988 
f 2223/981/6 2219/979/6 2220/980/6 2224/982/6 
f 2225/981/989 2221/979/989 2219/979/989 2223/981/989 
f 2226/982/4 2222/980/4 2221/979/4 2225/981/4 
f 2224/982/990 2220/980/990 2222/980/990 2226/982/990 
f 2227/983/6 2223/981/6 2224/982/6 2228/984/6 
f 2229/983/991 2225/981/991 2223/981/991 2227/983/991 
f 2230/984/4 2226/982/4 2225/981/4 2229/983/4 
f 2228/984/992 2224/982/992 2226/982/992 2230/984/992 
f 2231/985/6 2227/983/6 2228/984/6 2232/986/6 
f 2233/985/993 2229/983/993 2227/983/993 2231/985/993 
f 2234/986/4 2230/984/4 2229/983/4 2233/985/4 
f 2232/986/994 2228/984/994 2230/984/994 2234/986/994 
f 2235/987/6 2231/985/6 2232/986/6 2236/988/6 
f 2237/987/995 2233/985/995 2231/985/995 2235/987/995 
f 2238/988/4 2234/986/4 2233/985/4 2237/987/4 
f 2236/988/996 2232/986/996 2234/986/996 2238/988/996 
f 2239/989/6 2235/987/6 2236/988/6 2240/990/6 
f 2241/989/997 2237/987/997 2235/987/997 2239/989/997 
f 2242/990/4 2238/988/4 2237/987/4 2241/989/4 
f 2240/990/998 2236/988/998 2238/988/998 2242/990/998 
f 2243/991/6 2239/989/6 2240/990/6 2244/992/6 
f 2245/991/999 2241/989/999 2239/989/999 2243/991/999 
f 2246/992/4 2242/990/4 2241/989/4 2245/991/4 
f 2244/992/1000 2240/990/1000 2242/990/1000 2246/992/1000 
f 2247/993/6 2243/991/6 2244/992/6 2248/994/6 
f 2249/993/1001 2245/991/1001 2243/991/1001 2247/993/1001 
f 2250/994/4 2246/992/4 2245/991/4 2249/993/4 
f 2248/994/1002 2244/992/1002 2246/992/1002 2250/994/1002 
f 2251/995/6 2247/993/6 2248/994/6 2252/996/6 
f 2253/995/1003 2249/993/1003 2247/993/1003 2251/995/1003 
f 2254/996/4 2250/994/4 2249/993/4 2253/995/4 
f 2252/996/1004 2248/994/1004 2250/994/1004 2254/996/1004 
f 2255/997/6 2251/995/6 2252/996/6 2256/998/6 
f 2257/997/1005 2253/995/1005 2251/995/1005 2255/997/1005 
f 2258/998/4 2254/996/4 2253/995/4 2257/997/4 
f 2256/998/1006 2252/996/1006 2254/996/1006 2258/998/1006 
f 2259/999/6 2255/997/6 2256/998/6 2260/1000/6 
f 2261/999/1007 2257/997/1007 2255/997/1007 2259/999/1007 
f 2262/1000/4 2258/998/4 2257/997/4 2261/999/4 
f 2260/1000/1008 2256/998/1008 2258/998/1008 2262/1000/1008 
f 2263/1001/6 2259/999/6 2260/1000/6 2264/1002/6 
f 2265/1001/1009 2261/999/1009 2259/999/1009 2263/1001/1009 
f 2266/1002/4 2262/1000/4 2261/999/4 2265/1001/4 
f 2264/1002/1010 2260/1000/1010 2262/1000/1010 2266/1002/1010 
f 2267/1003/6 2263/1001/6 2264/1002/6 2268/1004/6 
f 2269/1003/1011 2265/1001/1011 2263/1001/1011 2267/1003/1011 
f 2270/1004/4 2266/1002/4 2265/1001/4 2269/1003/4 
f 2268/1004/1012 2264/1002/1012 2266/1002/1012 2270/1004/1012 
f 2271/1005/6 2267/1003/6 2268/1004/6 2272/1006/6 
f 2273/1005/1013 2269/1003/1013 2267/1003/1013 2271/1005/1013 
f 2274/1006/4 2270/1004/4 2269/1003/4 2273/1005/4 
f 2272/1006/1014 2268/1004/1014 2270/1004/1014 2274/1006/1014 
f 2275/1007/6 2271/1005/6 2272/1006/6 2276/1008/6 
f 2277/1007/1015 2273/1005/1015 2271/1005/1015 2275/1007/1015 
f 2278/1008/4 2274/1006/4 2273/1005/4 2277/1007/4 
f 2276/1008/1016 2272/1006/1016 2274/1006/1016 2278/1008/1016 
f 2279/1009/6 2275/1007/6 2276/1008/6 2280/1010/6 
f 2281/1009/1017 2277/1007/1017 2275/1007/1017 2279/1009/1017 
f 2282/1010/4 2278/1008/4 2277/1007/4 2281/1009/4 
f 2280/1010/1018 2276/1008/1018 2278/1008/1018 2282/1010/1018 
f 2283/1011/28 2279/1009/28 2280/1010/28 2284/1012/28 
f 2285/1011/3 2281/1009/3 2279/1009/3 2283/1011/3 
f 2286/1012/4 2282/1010/4 2281/1009/4 2285/1011/4 
f 2284/1012/5 2280/1010/5 2282/1010/5 2286/1012/5 
f 1976/858/28 2283/1011/28 2284/1012/28 1977/859/28 
f 1980/858/1 2285/1011/1 2283/1011/1 1976/858/1 
f 1982/859/4 2286/1012/4 2285/1011/4 1980/858/4 
f 1977/859/2 2284/1012/2 2286/1012/2 1982/859/2 
f 2287/1013/6 2288/1014/6 2289/1015/6 2290/1016/6 
f 2291/1013/5 2292/1014/5 2288/1014/5 2287/1013/5 
f 2293/1016/4 2294/1015/4 2292/1014/4 2291/1013/4 
f 2290/1016/3 2289/1015/3 2294/1015/3 2293/1016/3 
f 2295/1017/6 2287/1013/6 2290/1016/6 2296/1018/6 
f 2297/1017/2 2291/1013/2 2287/1013/2 2295/1017/2 
f 2298/1018/4 2293/1016/4 2291/1013/4 2297/1017/4 
f 2296/1018/1 2290/1016/1 2293/1016/1 2298/1018/1 
f 2299/1019/6 2295/1017/6 2296/1018/6 2300/1020/6 
f 2301/1019/32 2297/1017/32 2295/1017/32 2299/1019/32 
f 2302/1020/4 2298/1018/4 2297/1017/4 2301/1019/4 
f 2300/1020/5 2296/1018/5 2298/1018/5 2302/1020/5 
f 2303/1021/6 2299/1019/6 2300/1020/6 2304/1022/6 
f 2305/1021/1019 2301/1019/1019 2299/1019/1019 2303/1021/1019 
f 2306/1022/4 2302/1020/4 2301/1019/4 2305/1021/4 
f 2304/1022/1020 2300/1020/1020 2302/1020/1020 2306/1022/1020 
f 2307/1023/6 2303/1021/6 2304/1022/6 2308/1024/6 
f 2309/1023/1021 2305/1021/1021 2303/1021/1021 2307/1023/1021 
f 2310/1024/4 2306/1022/4 2305/1021/4 2309/1023/4 
f 2308/1024/1022 2304/1022/1022 2306/1022/1022 2310/1024/1022 
f 2311/1025/6 2307/1023/6 2308/1024/6 2312/1026/6 
f 2313/1025/1023 2309/1023/1023 2307/1023/1023 2311/1025/1023 
f 2314/1026/4 2310/1024/4 2309/1023/4 2313/1025/4 
f 2312/1026/1024 2308/1024/1024 2310/1024/1025 2314/1026/1024 
f 2315/1027/6 2311/1025/6 2312/1026/6 2316/1028/6 
f 2317/1027/1026 2313/1025/1026 2311/1025/1026 2315/1027/1026 
f 2318/1028/4 2314/1026/4 2313/1025/4 2317/1027/4 
f 2316/1028/1027 2312/1026/1027 2314/1026/1027 2318/1028/1027 
f 2319/1029/6 2315/1027/6 2316/1028/6 2320/1030/6 
f 2321/1029/1 2317/1027/1 2315/1027/1 2319/1029/1 
f 2322/1030/4 2318/1028/4 2317/1027/4 2321/1029/4 
f 2320/1030/2 2316/1028/2 2318/1028/2 2322/1030/2 
f 2323/1031/6 2319/1029/6 2320/1030/6 2324/1032/6 
f 2325/1031/663 2321/1029/663 2319/1029/663 2323/1031/663 
f 2326/1032/4 2322/1030/4 2321/1029/4 2325/1031/4 
f 2324/1032/1028 2320/1030/1028 2322/1030/1028 2326/1032/1028 
f 2327/1033/6 2323/1031/6 2324/1032/6 2328/1034/6 
f 2329/1033/1029 2325/1031/1029 2323/1031/1029 2327/1033/1029 
f 2330/1034/4 2326/1032/4 2325/1031/4 2329/1033/4 
f 2328/1034/1030 2324/1032/1030 2326/1032/1030 2330/1034/1030 
f 2331/1035/6 2327/1033/6 2328/1034/6 2332/1036/6 
f 2333/1035/3 2329/1033/3 2327/1033/3 2331/1035/3 
f 2334/1036/4 2330/1034/4 2329/1033/4 2333/1035/4 
f 2332/1036/5 2328/1034/5 2330/1034/5 2334/1036/5 
f 2288/1014/6 2331/1035/6 2332/1036/6 2289/1015/6 
f 2292/1014/1 2333/1035/1 2331/1035/1 2288/1014/1 
f 2294/1015/4 2334/1036/4 2333/1035/4 2292/1014/4 
f 2289/1015/2 2332/1036/2 2334/1036/2 2294/1015/2 
# 2328 polygons

#
# object GeoSphere001
#

v  55.2026 35.3695 25.8016
v  50.9921 33.9551 20.7838
v  50.2742 33.9551 27.2948
v  48.0393 30.1345 17.2648
v  46.0637 30.8780 22.2769
v  46.8178 30.1345 28.3419
v  56.3671 33.9551 31.7423
v  51.4387 30.8780 33.2354
v  57.1838 30.1345 35.9085
v  60.8508 33.9551 27.9800
v  62.0153 30.8780 33.9207
v  64.8119 30.1345 29.5078
v  57.5289 33.9551 21.2073
v  63.1770 30.8780 23.3857
v  59.1603 30.1345 17.9853
v  53.3184 30.8780 16.1895
v  49.8276 25.8992 14.8432
v  45.3440 25.8992 18.6054
v  53.2214 21.6639 15.6948
v  48.3899 20.9203 17.6826
v  45.5934 21.6639 22.0955
v  44.6260 25.8992 25.1164
v  47.9479 25.8992 31.8891
v  47.2282 20.9203 28.2176
v  51.2450 21.6639 33.6180
v  54.0409 25.8992 36.3366
v  60.5776 25.8992 36.7601
v  57.0868 20.9203 35.4138
v  62.3659 21.6639 34.3385
v  65.0613 25.8992 32.9979
v  65.7793 25.8992 26.4869
v  64.3415 20.9203 29.3264
v  63.5874 21.6639 23.2614
v  62.4573 25.8992 19.7142
v  56.3643 25.8992 15.2667
v  58.9666 20.9203 18.3679
v  55.2026 16.4288 25.8016
v  52.8764 17.8432 30.3960
v  49.5545 17.8432 23.6232
v  59.4131 17.8432 30.8195
v  60.1311 17.8432 24.3085
v  54.0381 17.8432 19.8610
v  51.4249 -0.4863 23.9318
v  51.0504 -0.2432 24.7959
v  51.0932 4.6330 24.8469
v  51.4678 4.3899 23.9828
v  51.5918 0.2432 25.4411
v  51.6347 5.1193 25.4922
v  52.5078 0.4863 25.2223
v  52.5507 5.3625 25.2734
v  52.8824 0.2432 24.3582
v  52.9252 5.1193 24.4093
v  52.3409 -0.2432 23.7130
v  52.3838 4.6330 23.7640
v  50.8273 9.2319 24.5300
v  51.2019 8.9887 23.6659
v  51.3688 9.7182 25.1753
v  52.2848 9.9614 24.9565
v  52.6593 9.7182 24.0924
v  52.1179 9.2319 23.4471
v  50.2527 13.5534 23.8452
v  50.6272 13.3103 22.9811
v  50.5712 14.9765 24.2248
v  51.4872 15.2197 24.0060
v  51.8617 14.9765 23.1419
v  51.5432 13.5534 22.7623
v  49.3693 17.5977 22.7924
v  49.7438 17.3545 21.9283
v  49.9107 18.0840 23.4377
v  51.2165 16.6155 23.6834
v  58.3656 17.9815 26.1927
v  58.9543 17.9307 25.5838
v  58.7697 18.7758 25.3638
v  58.1810 18.8266 25.9727
v  50.6598 17.5977 21.7095
v  51.5911 16.3723 22.8193
v  48.7636 21.3646 21.2316
v  48.8984 21.1215 20.9207
v  48.9584 21.8509 21.4637
v  49.2879 22.0941 21.3850
v  49.4226 21.8510 21.0742
v  49.2279 21.3646 20.8420
v  55.4283 14.8813 24.3870
v  54.9467 15.0283 25.1235
v  55.1172 16.3893 24.0163
v  54.6356 16.5363 24.7528
# 86 vertices

vn -0.3215 0.9435 -0.0802
vn -0.6146 0.6617 -0.4295
vn -0.5890 0.7947 -0.1469
vn -0.7443 0.6617 0.0907
vn -0.1756 0.9435 0.2810
vn -0.5984 0.6617 0.4518
vn -0.3217 0.7947 0.5148
vn -0.1438 0.6617 0.7359
vn 0.2130 0.9435 0.2538
vn 0.2448 0.6617 0.7087
vn 0.3902 0.7947 0.4650
vn 0.6554 0.6617 0.3641
vn 0.3072 0.9435 -0.1241
vn 0.7496 0.6617 -0.0138
vn 0.5629 0.7947 -0.2274
vn 0.5488 0.6617 -0.5108
vn -0.0231 0.9435 -0.3305
vn 0.2185 0.6617 -0.7172
vn -0.0423 0.7947 -0.6056
vn -0.3162 0.6617 -0.6798
vn -0.6377 0.1256 -0.7600
vn -0.3764 -0.3304 -0.8656
vn -0.6314 -0.1876 -0.7524
vn -0.7870 -0.3304 -0.5210
vn -0.9198 0.1256 0.3716
vn -0.9395 -0.3304 0.0905
vn -0.9107 -0.1876 0.3680
vn -0.7387 -0.3304 0.5875
vn 0.0692 0.1256 0.9897
vn -0.2043 -0.3304 0.9215
vn 0.0685 -0.1876 0.9799
vn 0.3305 -0.3304 0.8841
vn 0.9626 0.1256 0.2400
vn 0.8133 -0.3304 0.4790
vn 0.9531 -0.1876 0.2376
vn 0.9429 -0.3304 -0.0411
vn 0.5257 0.1256 -0.8413
vn 0.7069 -0.3304 -0.6254
vn 0.5205 -0.1876 -0.8330
vn 0.2523 -0.3304 -0.9095
vn -0.9626 -0.1256 -0.2400
vn -0.9429 0.3304 0.0411
vn -0.9531 0.1876 -0.2376
vn -0.8133 0.3304 -0.4790
vn -0.5257 -0.1256 0.8413
vn -0.2523 0.3304 0.9095
vn -0.5205 0.1876 0.8330
vn -0.7069 0.3304 0.6254
vn 0.6377 -0.1256 0.7600
vn 0.7870 0.3304 0.5210
vn 0.6314 0.1876 0.7524
vn 0.3764 0.3304 0.8656
vn 0.9198 -0.1256 -0.3716
vn 0.7387 0.3304 -0.5875
vn 0.9107 0.1876 -0.3680
vn 0.9395 0.3304 -0.0905
vn -0.0692 -0.1256 -0.9897
vn -0.3305 0.3304 -0.8841
vn -0.0685 0.1876 -0.9799
vn 0.2043 0.3304 -0.9215
vn -0.3072 -0.9435 0.1241
vn -0.5488 -0.6617 0.5108
vn -0.5629 -0.7947 0.2274
vn -0.7496 -0.6617 0.0138
vn 0.0231 -0.9435 0.3305
vn 0.3162 -0.6617 0.6798
vn 0.0423 -0.7947 0.6056
vn -0.2185 -0.6617 0.7172
vn 0.3215 -0.9435 0.0802
vn 0.7443 -0.6617 -0.0907
vn 0.5890 -0.7947 0.1469
vn 0.6146 -0.6617 0.4295
vn 0.1756 -0.9435 -0.2810
vn 0.1438 -0.6617 -0.7359
vn 0.3217 -0.7947 -0.5148
vn 0.5984 -0.6617 -0.4518
vn -0.2130 -0.9435 -0.2538
vn -0.6554 -0.6617 -0.3641
vn -0.3902 -0.7947 -0.4650
vn -0.2448 -0.6617 -0.7087
vn -0.8717 0.0097 -0.4900
vn -0.7660 0.0000 0.6428
vn 0.3312 -0.0097 0.9435
vn 0.8717 -0.0097 0.4900
vn 0.7660 -0.0000 -0.6428
vn -0.3312 0.0097 -0.9435
vn -0.8795 -0.0634 -0.4717
vn 0.3119 0.0634 0.9480
vn 0.8795 0.0634 0.4717
vn -0.3119 -0.0634 -0.9480
vn -0.8822 -0.1432 -0.4486
vn 0.2826 0.1625 0.9454
vn 0.8819 0.1625 0.4425
vn -0.2886 -0.1432 -0.9467
vn -0.8782 -0.2289 -0.4199
vn 0.2690 0.2049 0.9411
vn 0.2349 0.2202 0.9467
vn 0.6899 0.2490 0.6797
vn 0.7660 0.0000 -0.6428
vn -0.2610 -0.2289 -0.9378
vn -0.8785 -0.2261 -0.4209
vn -0.9200 -0.2226 -0.3227
vn -0.8114 0.1070 0.5747
vn -0.8650 0.0838 0.4948
vn 0.4433 0.3778 0.8129
vn 0.0115 0.3891 0.9211
vn 0.8580 0.3574 0.3689
vn 0.9171 0.3209 0.2367
vn 0.8778 0.2109 -0.4302
vn 0.6862 0.0543 -0.7254
vn -0.2591 -0.2347 -0.9369
vn -0.1746 -0.2024 -0.9636
vn 0.3888 -0.7963 0.4634
vn -0.5809 0.4280 -0.6923
vn -0.0646 -0.9848 0.1611
vn -0.1061 -0.9652 0.2391
vn 0.1962 -0.1503 -0.9690
vn 0.2007 -0.1407 -0.9695
vn 0.0709 0.9635 -0.2582
vn 0.0319 0.9822 -0.1853
vn -0.1699 0.1552 0.9732
vn -0.1661 0.1468 0.9751
vn 0.5167 -0.6305 0.5791
vn 0.5428 -0.6381 0.5460
vn 0.3217 -0.1321 -0.9376
vn 0.3146 -0.1265 -0.9408
vn -0.4422 0.7361 -0.5124
vn -0.4522 0.7392 -0.4991
vn -0.2981 0.1374 0.9446
vn -0.2954 0.1305 0.9464
# 130 vertex normals

vt 0.6000 1.0000 0.0000
vt 0.5000 0.8238 0.0000
vt 0.7000 0.8238 0.0000
vt 0.5000 0.6476 0.0000
vt 0.6000 0.6762 0.0000
vt 0.7000 0.6476 0.0000
vt 0.8000 1.0000 0.0000
vt 0.9000 0.8238 0.0000
vt 0.8000 0.6762 0.0000
vt 0.9000 0.6476 0.0000
vt 0.0000 1.0000 0.0000
vt -0.1000 0.8238 0.0000
vt 0.1000 0.8238 0.0000
vt -0.1000 0.6476 0.0000
vt 0.0000 0.6762 0.0000
vt 0.1000 0.6476 0.0000
vt 0.2000 1.0000 0.0000
vt 0.3000 0.8238 0.0000
vt 0.2000 0.6762 0.0000
vt 0.3000 0.6476 0.0000
vt 0.4000 1.0000 0.0000
vt 0.4000 0.6762 0.0000
vt 0.4500 0.5000 0.0000
vt 0.5500 0.5000 0.0000
vt 0.4000 0.3524 0.0000
vt 0.5000 0.3238 0.0000
vt 0.6000 0.3524 0.0000
vt 0.6500 0.5000 0.0000
vt 0.7500 0.5000 0.0000
vt 0.7000 0.3238 0.0000
vt 0.8000 0.3524 0.0000
vt 0.8500 0.5000 0.0000
vt 0.9500 0.5000 0.0000
vt 0.9000 0.3238 0.0000
vt -0.0500 0.5000 0.0000
vt -0.1000 0.3238 0.0000
vt 0.0000 0.3524 0.0000
vt 0.0500 0.5000 0.0000
vt 0.1500 0.5000 0.0000
vt 0.1000 0.3238 0.0000
vt 0.2000 0.3524 0.0000
vt 0.2500 0.5000 0.0000
vt 0.3500 0.5000 0.0000
vt 0.3000 0.3238 0.0000
vt 0.7000 0.0000 0.0000
vt 0.8000 0.1762 0.0000
vt 0.6000 0.1762 0.0000
vt -0.1000 0.0000 0.0000
vt 0.0000 0.1762 0.0000
vt -0.2000 0.1762 0.0000
vt 0.1000 0.0000 0.0000
vt 0.2000 0.1762 0.0000
vt 0.3000 0.0000 0.0000
vt 0.4000 0.1762 0.0000
vt 0.5000 0.0000 0.0000
vt 0.7500 0.0000 0.0000
vt 0.9167 0.0000 0.0000
vt 0.9167 0.2000 0.0000
vt 0.7500 0.2000 0.0000
vt 1.0833 0.0000 0.0000
vt 1.0833 0.2000 0.0000
vt 0.0833 0.0000 0.0000
vt 0.2500 0.0000 0.0000
vt 0.2500 0.2000 0.0000
vt 0.0833 0.2000 0.0000
vt 0.4167 0.0000 0.0000
vt 0.4167 0.2000 0.0000
vt 0.5833 0.0000 0.0000
vt 0.5833 0.2000 0.0000
vt 0.9167 0.4000 0.0000
vt 0.7500 0.4000 0.0000
vt 1.0833 0.4000 0.0000
vt 0.2500 0.4000 0.0000
vt 0.0833 0.4000 0.0000
vt 0.4167 0.4000 0.0000
vt 0.5833 0.4000 0.0000
vt 0.9167 0.6000 0.0000
vt 0.7500 0.6000 0.0000
vt 1.0833 0.6000 0.0000
vt 0.2500 0.6000 0.0000
vt 0.0833 0.6000 0.0000
vt 0.4167 0.6000 0.0000
vt 0.5833 0.6000 0.0000
vt 0.9167 0.8000 0.0000
vt 0.7500 0.8000 0.0000
vt 1.0833 0.8000 0.0000
vt 0.2500 0.8000 0.0000
vt 0.0833 0.8000 0.0000
vt 0.4167 0.8000 0.0000
vt 0.5833 0.8000 0.0000
vt 0.9167 1.0000 0.0000
vt 0.7500 1.0000 0.0000
vt 1.0833 1.0000 0.0000
vt 0.2500 1.0000 0.0000
vt 0.0833 1.0000 0.0000
vt 0.4167 1.0000 0.0000
vt 0.5833 1.0000 0.0000
vt 0.9330 0.2500 0.0000
vt 0.0670 0.2500 0.0000
vt 0.5000 1.0000 0.0000
vt 0.0670 0.7500 0.0000
vt 0.9330 0.7500 0.0000
# 102 texture coords

g GeoSphere001
usemtl 20___Default
s off
f 2335/1037/1031 2336/1038/1031 2337/1039/1031 
f 2336/1038/1032 2338/1040/1032 2339/1041/1032 
f 2336/1038/1033 2339/1041/1033 2337/1039/1033 
f 2337/1039/1034 2339/1041/1034 2340/1042/1034 
f 2335/1043/1035 2337/1039/1035 2341/1044/1035 
f 2337/1039/1036 2340/1042/1036 2342/1045/1036 
f 2337/1039/1037 2342/1045/1037 2341/1044/1037 
f 2341/1044/1038 2342/1045/1038 2343/1046/1038 
f 2335/1047/1039 2341/1048/1039 2344/1049/1039 
f 2341/1048/1040 2343/1050/1040 2345/1051/1040 
f 2341/1048/1041 2345/1051/1041 2344/1049/1041 
f 2344/1049/1042 2345/1051/1042 2346/1052/1042 
f 2335/1053/1043 2344/1049/1043 2347/1054/1043 
f 2344/1049/1044 2346/1052/1044 2348/1055/1044 
f 2344/1049/1045 2348/1055/1045 2347/1054/1045 
f 2347/1054/1046 2348/1055/1046 2349/1056/1046 
f 2335/1057/1047 2347/1054/1047 2336/1038/1047 
f 2347/1054/1048 2349/1056/1048 2350/1058/1048 
f 2347/1054/1049 2350/1058/1049 2336/1038/1049 
f 2336/1038/1050 2350/1058/1050 2338/1040/1050 
f 2338/1040/1051 2351/1059/1051 2352/1060/1051 
f 2351/1059/1052 2353/1061/1052 2354/1062/1052 
f 2351/1059/1053 2354/1062/1053 2352/1060/1053 
f 2352/1060/1054 2354/1062/1054 2355/1063/1054 
f 2340/1042/1055 2356/1064/1055 2357/1065/1055 
f 2356/1064/1056 2355/1063/1056 2358/1066/1056 
f 2356/1064/1057 2358/1066/1057 2357/1065/1057 
f 2357/1065/1058 2358/1066/1058 2359/1067/1058 
f 2343/1046/1059 2360/1068/1059 2361/1069/1059 
f 2360/1068/1060 2359/1067/1060 2362/1070/1060 
f 2360/1068/1061 2362/1070/1061 2361/1069/1061 
f 2361/1071/1062 2362/1072/1062 2363/1073/1062 
f 2346/1052/1063 2364/1074/1063 2365/1075/1063 
f 2364/1074/1064 2363/1073/1064 2366/1076/1064 
f 2364/1074/1065 2366/1076/1065 2365/1075/1065 
f 2365/1075/1066 2366/1076/1066 2367/1077/1066 
f 2349/1056/1067 2368/1078/1067 2369/1079/1067 
f 2368/1078/1068 2367/1077/1068 2370/1080/1068 
f 2368/1078/1069 2370/1080/1069 2369/1079/1069 
f 2369/1079/1070 2370/1080/1070 2353/1061/1070 
f 2355/1063/1071 2356/1064/1071 2352/1060/1071 
f 2356/1064/1072 2340/1042/1072 2339/1041/1072 
f 2356/1064/1073 2339/1041/1073 2352/1060/1073 
f 2352/1060/1074 2339/1041/1074 2338/1040/1074 
f 2359/1067/1075 2360/1068/1075 2357/1065/1075 
f 2360/1068/1076 2343/1046/1076 2342/1045/1076 
f 2360/1068/1077 2342/1045/1077 2357/1065/1077 
f 2357/1065/1078 2342/1045/1078 2340/1042/1078 
f 2363/1073/1079 2364/1074/1079 2361/1071/1079 
f 2364/1074/1080 2346/1052/1080 2345/1051/1080 
f 2364/1074/1081 2345/1051/1081 2361/1071/1081 
f 2361/1071/1082 2345/1051/1082 2343/1050/1082 
f 2367/1077/1083 2368/1078/1083 2365/1075/1083 
f 2368/1078/1084 2349/1056/1084 2348/1055/1084 
f 2368/1078/1085 2348/1055/1085 2365/1075/1085 
f 2365/1075/1086 2348/1055/1086 2346/1052/1086 
f 2353/1061/1087 2351/1059/1087 2369/1079/1087 
f 2351/1059/1088 2338/1040/1088 2350/1058/1088 
f 2351/1059/1089 2350/1058/1089 2369/1079/1089 
f 2369/1079/1090 2350/1058/1090 2349/1056/1090 
f 2371/1081/1091 2372/1082/1091 2373/1083/1091 
f 2372/1082/1092 2359/1067/1092 2358/1066/1092 
f 2372/1082/1093 2358/1066/1093 2373/1083/1093 
f 2373/1083/1094 2358/1066/1094 2355/1063/1094 
f 2371/1084/1095 2374/1085/1095 2372/1086/1095 
f 2374/1085/1096 2363/1073/1096 2362/1072/1096 
f 2374/1085/1097 2362/1072/1097 2372/1086/1097 
f 2372/1082/1098 2362/1070/1098 2359/1067/1098 
f 2371/1087/1099 2375/1088/1099 2374/1085/1099 
f 2375/1088/1100 2367/1077/1100 2366/1076/1100 
f 2375/1088/1101 2366/1076/1101 2374/1085/1101 
f 2374/1085/1102 2366/1076/1102 2363/1073/1102 
f 2371/1089/1103 2376/1090/1103 2375/1088/1103 
f 2376/1090/1104 2353/1061/1104 2370/1080/1104 
f 2376/1090/1105 2370/1080/1105 2375/1088/1105 
f 2375/1088/1106 2370/1080/1106 2367/1077/1106 
f 2371/1091/1107 2373/1083/1107 2376/1090/1107 
f 2373/1083/1108 2355/1063/1108 2354/1062/1108 
f 2373/1083/1109 2354/1062/1109 2376/1090/1109 
f 2376/1090/1110 2354/1062/1110 2353/1061/1110 
usemtl 19___Default
f 2377/1092/1111 2378/1093/1111 2379/1094/1111 2380/1095/1111 
f 2378/1093/1112 2381/1096/1112 2382/1097/1112 2379/1094/1112 
f 2381/1098/1113 2383/1099/1113 2384/1100/1113 2382/1101/1113 
f 2383/1099/1114 2385/1102/1114 2386/1103/1114 2384/1100/1114 
f 2385/1102/1115 2387/1104/1115 2388/1105/1115 2386/1103/1115 
f 2387/1104/1116 2377/1092/1116 2380/1095/1116 2388/1105/1116 
f 2380/1095/1117 2379/1094/1117 2389/1106/1117 2390/1107/1117 
f 2379/1094/1112 2382/1097/1112 2391/1108/1112 2389/1106/1112 
f 2382/1101/1118 2384/1100/1118 2392/1109/1118 2391/1110/1118 
f 2384/1100/1119 2386/1103/1119 2393/1111/1119 2392/1109/1119 
f 2386/1103/1115 2388/1105/1115 2394/1112/1115 2393/1111/1115 
f 2388/1105/1120 2380/1095/1120 2390/1107/1120 2394/1112/1120 
f 2390/1107/1121 2389/1106/1121 2395/1113/1121 2396/1114/1121 
f 2389/1106/1112 2391/1108/1112 2397/1115/1112 2395/1113/1112 
f 2391/1110/1122 2392/1109/1122 2398/1116/1122 2397/1117/1122 
f 2392/1109/1123 2393/1111/1123 2399/1118/1123 2398/1116/1123 
f 2393/1111/1115 2394/1112/1115 2400/1119/1115 2399/1118/1115 
f 2394/1112/1124 2390/1107/1124 2396/1114/1124 2400/1119/1124 
f 2396/1114/1125 2395/1113/1125 2401/1120/1125 2402/1121/1125 
f 2395/1113/1112 2397/1115/1112 2403/1122/1112 2401/1120/1112 
f 2397/1117/1126 2398/1116/1126 2404/1123/1126 2403/1124/1127 
f 2405/1116/1128 2406/1118/1128 2407/1125/1128 2408/1123/1128 
f 2399/1118/1115 2400/1119/1115 2409/1126/1115 2410/1125/1129 
f 2400/1119/1130 2396/1114/1130 2402/1121/1130 2409/1126/1130 
f 2402/1121/1131 2401/1120/1131 2411/1127/1131 2412/1128/1132 
f 2401/1120/1133 2403/1122/1133 2413/1129/1133 2411/1127/1134 
f 2403/1124/1135 2404/1123/1135 2414/1130/1135 2413/1131/1136 
f 2404/1123/1137 2410/1125/1137 2415/1132/1137 2414/1130/1138 
f 2410/1125/1139 2409/1126/1139 2416/1133/1139 2415/1132/1140 
f 2409/1126/1141 2402/1121/1141 2412/1128/1141 2416/1133/1142 
f 2385/1134/1143 2383/1091/1143 2381/1135/1143 2377/1136/1143 
f 2381/1135/1143 2378/1137/1143 2377/1136/1143 
f 2387/1138/1143 2385/1134/1143 2377/1136/1143 
f 2411/1137/1144 2413/1135/1144 2414/1091/1144 2416/1138/1144 
f 2414/1091/1144 2415/1134/1144 2416/1138/1144 
f 2412/1136/1144 2411/1137/1144 2416/1138/1144 
f 2399/1118/1145 2417/1118/1145 2418/1116/1145 2398/1116/1146 
f 2410/1125/1147 2419/1125/1147 2417/1118/1147 2399/1118/1148 
f 2410/1125/1149 2404/1123/1149 2420/1123/1149 2419/1125/1150 
f 2398/1116/1151 2418/1116/1151 2420/1123/1151 2404/1123/1152 
f 2417/1118/1153 2406/1118/1153 2405/1116/1153 2418/1116/1154 
f 2407/1125/1155 2406/1118/1155 2417/1118/1155 2419/1125/1156 
f 2408/1123/1157 2407/1125/1157 2419/1125/1157 2420/1123/1158 
f 2405/1116/1159 2408/1123/1159 2420/1123/1159 2418/1116/1160 
# 40 polygons - 84 triangles

#
# object GeoSphere002
#

v  -58.7967 35.3695 25.0248
v  -52.6414 33.9551 22.7845
v  -58.5141 33.9551 19.8829
v  -48.3247 30.1345 21.2133
v  -52.3588 30.8780 17.6426
v  -58.3160 30.1345 16.2769
v  -64.7773 33.9551 24.0873
v  -64.4948 30.8780 18.9454
v  -68.9716 30.1345 23.4298
v  -62.7755 33.9551 29.5873
v  -68.7562 30.8780 28.6498
v  -65.5658 30.1345 32.7870
v  -55.2751 33.9551 28.7821
v  -59.2539 30.8780 33.3446
v  -52.8054 30.1345 31.4171
v  -49.1198 30.8780 26.5418
v  -46.6607 25.8992 23.7220
v  -48.6626 25.8992 18.2220
v  -48.6218 21.6639 26.6199
v  -48.8372 20.9203 21.3999
v  -52.0275 21.6639 17.2627
v  -54.5353 25.8992 15.3204
v  -62.0357 25.8992 16.1256
v  -58.3395 20.9203 16.7051
v  -64.7880 21.6639 18.6325
v  -68.2990 25.8992 20.3300
v  -70.9326 25.8992 26.3277
v  -68.4736 20.9203 23.5079
v  -69.2687 21.6639 28.8363
v  -68.9308 25.8992 31.8277
v  -63.0581 25.8992 34.7292
v  -65.2345 20.9203 32.4071
v  -59.2774 21.6639 33.7728
v  -55.5576 25.8992 33.9241
v  -49.2944 25.8992 29.7197
v  -53.0986 20.9203 31.1043
v  -58.7967 16.4288 25.0248
v  -62.3183 17.8432 21.2675
v  -54.8179 17.8432 20.4624
v  -64.9520 17.8432 27.2652
v  -59.0792 17.8432 30.1668
v  -52.8160 17.8432 25.9624
v  -55.7475 -0.4863 22.1145
v  -56.4314 -0.2432 21.4670
v  -56.4940 4.6330 21.4898
v  -55.8102 4.3899 22.1373
v  -57.2230 0.2432 21.7551
v  -57.2856 5.1193 21.7779
v  -57.3306 0.4863 22.6907
v  -57.3933 5.3625 22.7135
v  -56.6468 0.2432 23.3382
v  -56.7094 5.1193 23.3610
v  -55.8552 -0.2432 23.0501
v  -55.9178 4.6330 23.0729
v  -56.1053 9.2319 21.3483
v  -55.4214 8.9887 21.9958
v  -56.8969 9.7182 21.6364
v  -57.0045 9.9614 22.5720
v  -56.3207 9.7182 23.2195
v  -55.5291 9.2319 22.9314
v  -55.2652 13.5534 21.0426
v  -54.5814 13.3103 21.6901
v  -55.7309 14.9765 21.2120
v  -55.8385 15.2197 22.1476
v  -55.1547 14.9765 22.7951
v  -54.6890 13.5534 22.6257
v  -53.9738 17.5977 20.5725
v  -53.2899 17.3545 21.2200
v  -54.7654 18.0840 20.8606
v  -55.4429 16.6155 22.0036
v  -60.2459 17.9815 27.8633
v  -59.8751 17.9307 28.6248
v  -59.6053 18.7758 28.5266
v  -59.9761 18.8266 27.7651
v  -53.3976 17.5977 22.1556
v  -54.7590 16.3723 22.6511
v  -52.3000 21.3646 20.5372
v  -52.0540 21.1215 20.7702
v  -52.5847 21.8509 20.6409
v  -52.6234 22.0941 20.9774
v  -52.3774 21.8510 21.2103
v  -52.0927 21.3646 21.1067
v  -57.5445 14.8813 25.7207
v  -58.0719 15.0283 25.0163
v  -57.0898 16.3893 25.5552
v  -57.6172 16.5363 24.8508
# 86 vertices

vn 0.1853 0.9435 -0.2747
vn 0.6138 0.6617 -0.4306
vn 0.3395 0.7947 -0.5033
vn 0.1694 0.6617 -0.7304
vn -0.2040 0.9435 -0.2611
vn -0.2199 0.6617 -0.7168
vn -0.3737 0.7947 -0.4784
vn -0.6423 0.6617 -0.3868
vn -0.3113 0.9435 0.1133
vn -0.7497 0.6617 -0.0124
vn -0.5705 0.7947 0.2076
vn -0.5663 0.6617 0.4914
vn 0.0116 0.9435 0.3311
vn -0.2434 0.6617 0.7092
vn 0.0212 0.7947 0.6067
vn 0.2923 0.6617 0.6904
vn 0.3185 0.9435 0.0913
vn 0.5992 0.6617 0.4507
vn 0.5835 0.7947 0.1673
vn 0.7470 0.6617 -0.0646
vn 0.9322 0.1256 -0.3393
vn 0.9421 -0.3304 -0.0577
vn 0.9230 -0.1876 -0.3359
vn 0.7587 -0.3304 -0.5614
vn -0.0346 0.1256 -0.9915
vn 0.2363 -0.3304 -0.9138
vn -0.0343 -0.1876 -0.9816
vn -0.2995 -0.3304 -0.8951
vn -0.9536 0.1256 -0.2735
vn -0.7961 -0.3304 -0.5071
vn -0.9442 -0.1876 -0.2707
vn -0.9438 -0.3304 0.0082
vn -0.5548 0.1256 0.8225
vn -0.7283 -0.3304 0.6004
vn -0.5493 -0.1876 0.8143
vn -0.2839 -0.3304 0.9002
vn 0.6108 0.1256 0.7818
vn 0.3460 -0.3304 0.8782
vn 0.6047 -0.1876 0.7740
vn 0.7684 -0.3304 0.5481
vn 0.5548 -0.1256 -0.8225
vn 0.2839 0.3304 -0.9002
vn 0.5493 0.1876 -0.8143
vn 0.7283 0.3304 -0.6004
vn -0.6108 -0.1256 -0.7818
vn -0.7684 0.3304 -0.5481
vn -0.6047 0.1876 -0.7740
vn -0.3460 0.3304 -0.8782
vn -0.9322 -0.1256 0.3393
vn -0.7587 0.3304 0.5614
vn -0.9230 0.1876 0.3359
vn -0.9421 0.3304 0.0577
vn 0.0346 -0.1256 0.9915
vn 0.2995 0.3304 0.8951
vn 0.0343 0.1876 0.9816
vn -0.2363 0.3304 0.9138
vn 0.9536 -0.1256 0.2735
vn 0.9438 0.3304 -0.0082
vn 0.9442 0.1876 0.2707
vn 0.7961 0.3304 0.5071
vn -0.0116 -0.9435 -0.3311
vn -0.2923 -0.6617 -0.6904
vn -0.0212 -0.7947 -0.6067
vn 0.2434 -0.6617 -0.7092
vn -0.3185 -0.9435 -0.0913
vn -0.7470 -0.6617 0.0646
vn -0.5835 -0.7947 -0.1673
vn -0.5992 -0.6617 -0.4507
vn -0.1853 -0.9435 0.2747
vn -0.1694 -0.6617 0.7304
vn -0.3395 -0.7947 0.5033
vn -0.6138 -0.6617 0.4306
vn 0.2040 -0.9435 0.2611
vn 0.6423 -0.6617 0.3868
vn 0.3737 -0.7947 0.4784
vn 0.2199 -0.6617 0.7168
vn 0.3113 -0.9435 -0.1133
vn 0.5663 -0.6617 -0.4914
vn 0.5705 -0.7947 -0.2076
vn 0.7497 -0.6617 0.0124
vn 0.7586 0.0097 -0.6515
vn -0.3420 0.0000 -0.9397
vn -0.9999 -0.0097 -0.0115
vn -0.7586 -0.0097 0.6515
vn 0.3420 -0.0000 0.9397
vn 0.9999 0.0097 0.0115
vn 0.7441 -0.0634 -0.6651
vn -0.9975 0.0634 -0.0312
vn -0.7441 0.0634 0.6651
vn 0.9975 -0.0634 0.0312
vn 0.7233 -0.1432 -0.6756
vn -0.9850 0.1625 -0.0578
vn -0.7174 0.1625 0.6774
vn 0.9883 -0.1432 0.0526
vn 0.6949 -0.2289 -0.6817
vn -0.9763 0.2049 -0.0691
vn -0.9700 0.2202 -0.1030
vn -0.8747 0.2490 0.4158
vn 0.9705 -0.2289 0.0755
vn 0.6960 -0.2261 -0.6815
vn 0.6179 -0.2226 -0.7541
vn -0.2625 0.1070 -0.9590
vn -0.1691 0.0838 -0.9820
vn -0.9155 0.3778 0.1385
vn -0.8695 0.3891 -0.3042
vn -0.6401 0.3574 0.6801
vn -0.5360 0.3209 0.7808
vn 0.1040 0.2109 0.9720
vn 0.4469 0.0543 0.8929
vn 0.9690 -0.2347 0.0770
vn 0.9652 -0.2024 0.1655
vn -0.5684 -0.7963 0.2069
vn 0.8493 0.4280 -0.3091
vn -0.1292 -0.9848 -0.1158
vn -0.1884 -0.9652 -0.1814
vn 0.8434 -0.1503 0.5158
vn 0.8424 -0.1407 0.5202
vn 0.2184 0.9635 0.1549
vn 0.1632 0.9822 0.0933
vn -0.8564 0.1552 -0.4925
vn -0.8595 0.1468 -0.4896
vn -0.7210 -0.6305 0.2875
vn -0.6987 -0.6381 0.3234
vn 0.7710 -0.1321 0.6230
vn 0.7764 -0.1265 0.6174
vn 0.6328 0.7361 -0.2403
vn 0.6236 0.7392 -0.2542
vn -0.7857 0.1374 -0.6032
vn -0.7883 0.1305 -0.6013
# 129 vertex normals

vt 0.6000 1.0000 0.0000
vt 0.5000 0.8238 0.0000
vt 0.7000 0.8238 0.0000
vt 0.5000 0.6476 0.0000
vt 0.6000 0.6762 0.0000
vt 0.7000 0.6476 0.0000
vt 0.8000 1.0000 0.0000
vt 0.9000 0.8238 0.0000
vt 0.8000 0.6762 0.0000
vt 0.9000 0.6476 0.0000
vt 0.0000 1.0000 0.0000
vt -0.1000 0.8238 0.0000
vt 0.1000 0.8238 0.0000
vt -0.1000 0.6476 0.0000
vt 0.0000 0.6762 0.0000
vt 0.1000 0.6476 0.0000
vt 0.2000 1.0000 0.0000
vt 0.3000 0.8238 0.0000
vt 0.2000 0.6762 0.0000
vt 0.3000 0.6476 0.0000
vt 0.4000 1.0000 0.0000
vt 0.4000 0.6762 0.0000
vt 0.4500 0.5000 0.0000
vt 0.5500 0.5000 0.0000
vt 0.4000 0.3524 0.0000
vt 0.5000 0.3238 0.0000
vt 0.6000 0.3524 0.0000
vt 0.6500 0.5000 0.0000
vt 0.7500 0.5000 0.0000
vt 0.7000 0.3238 0.0000
vt 0.8000 0.3524 0.0000
vt 0.8500 0.5000 0.0000
vt 0.9500 0.5000 0.0000
vt 0.9000 0.3238 0.0000
vt -0.0500 0.5000 0.0000
vt -0.1000 0.3238 0.0000
vt 0.0000 0.3524 0.0000
vt 0.0500 0.5000 0.0000
vt 0.1500 0.5000 0.0000
vt 0.1000 0.3238 0.0000
vt 0.2000 0.3524 0.0000
vt 0.2500 0.5000 0.0000
vt 0.3500 0.5000 0.0000
vt 0.3000 0.3238 0.0000
vt 0.7000 0.0000 0.0000
vt 0.8000 0.1762 0.0000
vt 0.6000 0.1762 0.0000
vt -0.1000 0.0000 0.0000
vt 0.0000 0.1762 0.0000
vt -0.2000 0.1762 0.0000
vt 0.1000 0.0000 0.0000
vt 0.2000 0.1762 0.0000
vt 0.3000 0.0000 0.0000
vt 0.4000 0.1762 0.0000
vt 0.5000 0.0000 0.0000
vt 0.7500 0.0000 0.0000
vt 0.9167 0.0000 0.0000
vt 0.9167 0.2000 0.0000
vt 0.7500 0.2000 0.0000
vt 1.0833 0.0000 0.0000
vt 1.0833 0.2000 0.0000
vt 0.0833 0.0000 0.0000
vt 0.2500 0.0000 0.0000
vt 0.2500 0.2000 0.0000
vt 0.0833 0.2000 0.0000
vt 0.4167 0.0000 0.0000
vt 0.4167 0.2000 0.0000
vt 0.5833 0.0000 0.0000
vt 0.5833 0.2000 0.0000
vt 0.9167 0.4000 0.0000
vt 0.7500 0.4000 0.0000
vt 1.0833 0.4000 0.0000
vt 0.2500 0.4000 0.0000
vt 0.0833 0.4000 0.0000
vt 0.4167 0.4000 0.0000
vt 0.5833 0.4000 0.0000
vt 0.9167 0.6000 0.0000
vt 0.7500 0.6000 0.0000
vt 1.0833 0.6000 0.0000
vt 0.2500 0.6000 0.0000
vt 0.0833 0.6000 0.0000
vt 0.4167 0.6000 0.0000
vt 0.5833 0.6000 0.0000
vt 0.9167 0.8000 0.0000
vt 0.7500 0.8000 0.0000
vt 1.0833 0.8000 0.0000
vt 0.2500 0.8000 0.0000
vt 0.0833 0.8000 0.0000
vt 0.4167 0.8000 0.0000
vt 0.5833 0.8000 0.0000
vt 0.9167 1.0000 0.0000
vt 0.7500 1.0000 0.0000
vt 1.0833 1.0000 0.0000
vt 0.2500 1.0000 0.0000
vt 0.0833 1.0000 0.0000
vt 0.4167 1.0000 0.0000
vt 0.5833 1.0000 0.0000
vt 0.9330 0.2500 0.0000
vt 0.0670 0.2500 0.0000
vt 0.5000 1.0000 0.0000
vt 0.0670 0.7500 0.0000
vt 0.9330 0.7500 0.0000
# 102 texture coords

g GeoSphere002
usemtl 20___Default
s off
f 2421/1139/1161 2422/1140/1161 2423/1141/1161 
f 2422/1140/1162 2424/1142/1162 2425/1143/1162 
f 2422/1140/1163 2425/1143/1163 2423/1141/1163 
f 2423/1141/1164 2425/1143/1164 2426/1144/1164 
f 2421/1145/1165 2423/1141/1165 2427/1146/1165 
f 2423/1141/1166 2426/1144/1166 2428/1147/1166 
f 2423/1141/1167 2428/1147/1167 2427/1146/1167 
f 2427/1146/1168 2428/1147/1168 2429/1148/1168 
f 2421/1149/1169 2427/1150/1169 2430/1151/1169 
f 2427/1150/1170 2429/1152/1170 2431/1153/1170 
f 2427/1150/1171 2431/1153/1171 2430/1151/1171 
f 2430/1151/1172 2431/1153/1172 2432/1154/1172 
f 2421/1155/1173 2430/1151/1173 2433/1156/1173 
f 2430/1151/1174 2432/1154/1174 2434/1157/1174 
f 2430/1151/1175 2434/1157/1175 2433/1156/1175 
f 2433/1156/1176 2434/1157/1176 2435/1158/1176 
f 2421/1159/1177 2433/1156/1177 2422/1140/1177 
f 2433/1156/1178 2435/1158/1178 2436/1160/1178 
f 2433/1156/1179 2436/1160/1179 2422/1140/1179 
f 2422/1140/1180 2436/1160/1180 2424/1142/1180 
f 2424/1142/1181 2437/1161/1181 2438/1162/1181 
f 2437/1161/1182 2439/1163/1182 2440/1164/1182 
f 2437/1161/1183 2440/1164/1183 2438/1162/1183 
f 2438/1162/1184 2440/1164/1184 2441/1165/1184 
f 2426/1144/1185 2442/1166/1185 2443/1167/1185 
f 2442/1166/1186 2441/1165/1186 2444/1168/1186 
f 2442/1166/1187 2444/1168/1187 2443/1167/1187 
f 2443/1167/1188 2444/1168/1188 2445/1169/1188 
f 2429/1148/1189 2446/1170/1189 2447/1171/1189 
f 2446/1170/1190 2445/1169/1190 2448/1172/1190 
f 2446/1170/1191 2448/1172/1191 2447/1171/1191 
f 2447/1173/1192 2448/1174/1192 2449/1175/1192 
f 2432/1154/1193 2450/1176/1193 2451/1177/1193 
f 2450/1176/1194 2449/1175/1194 2452/1178/1194 
f 2450/1176/1195 2452/1178/1195 2451/1177/1195 
f 2451/1177/1196 2452/1178/1196 2453/1179/1196 
f 2435/1158/1197 2454/1180/1197 2455/1181/1197 
f 2454/1180/1198 2453/1179/1198 2456/1182/1198 
f 2454/1180/1199 2456/1182/1199 2455/1181/1199 
f 2455/1181/1200 2456/1182/1200 2439/1163/1200 
f 2441/1165/1201 2442/1166/1201 2438/1162/1201 
f 2442/1166/1202 2426/1144/1202 2425/1143/1202 
f 2442/1166/1203 2425/1143/1203 2438/1162/1203 
f 2438/1162/1204 2425/1143/1204 2424/1142/1204 
f 2445/1169/1205 2446/1170/1205 2443/1167/1205 
f 2446/1170/1206 2429/1148/1206 2428/1147/1206 
f 2446/1170/1207 2428/1147/1207 2443/1167/1207 
f 2443/1167/1208 2428/1147/1208 2426/1144/1208 
f 2449/1175/1209 2450/1176/1209 2447/1173/1209 
f 2450/1176/1210 2432/1154/1210 2431/1153/1210 
f 2450/1176/1211 2431/1153/1211 2447/1173/1211 
f 2447/1173/1212 2431/1153/1212 2429/1152/1212 
f 2453/1179/1213 2454/1180/1213 2451/1177/1213 
f 2454/1180/1214 2435/1158/1214 2434/1157/1214 
f 2454/1180/1215 2434/1157/1215 2451/1177/1215 
f 2451/1177/1216 2434/1157/1216 2432/1154/1216 
f 2439/1163/1217 2437/1161/1217 2455/1181/1217 
f 2437/1161/1218 2424/1142/1218 2436/1160/1218 
f 2437/1161/1219 2436/1160/1219 2455/1181/1219 
f 2455/1181/1220 2436/1160/1220 2435/1158/1220 
f 2457/1183/1221 2458/1184/1221 2459/1185/1221 
f 2458/1184/1222 2445/1169/1222 2444/1168/1222 
f 2458/1184/1223 2444/1168/1223 2459/1185/1223 
f 2459/1185/1224 2444/1168/1224 2441/1165/1224 
f 2457/1186/1225 2460/1187/1225 2458/1188/1225 
f 2460/1187/1226 2449/1175/1226 2448/1174/1226 
f 2460/1187/1227 2448/1174/1227 2458/1188/1227 
f 2458/1184/1228 2448/1172/1228 2445/1169/1228 
f 2457/1189/1229 2461/1190/1229 2460/1187/1229 
f 2461/1190/1230 2453/1179/1230 2452/1178/1230 
f 2461/1190/1231 2452/1178/1231 2460/1187/1231 
f 2460/1187/1232 2452/1178/1232 2449/1175/1232 
f 2457/1191/1233 2462/1192/1233 2461/1190/1233 
f 2462/1192/1234 2439/1163/1234 2456/1182/1234 
f 2462/1192/1235 2456/1182/1235 2461/1190/1235 
f 2461/1190/1236 2456/1182/1236 2453/1179/1236 
f 2457/1193/1237 2459/1185/1237 2462/1192/1237 
f 2459/1185/1238 2441/1165/1238 2440/1164/1238 
f 2459/1185/1239 2440/1164/1239 2462/1192/1239 
f 2462/1192/1240 2440/1164/1240 2439/1163/1240 
usemtl 19___Default
f 2463/1194/1241 2464/1195/1241 2465/1196/1241 2466/1197/1241 
f 2464/1195/1242 2467/1198/1242 2468/1199/1242 2465/1196/1242 
f 2467/1200/1243 2469/1201/1243 2470/1202/1243 2468/1203/1243 
f 2469/1201/1244 2471/1204/1244 2472/1205/1244 2470/1202/1244 
f 2471/1204/1245 2473/1206/1245 2474/1207/1245 2472/1205/1245 
f 2473/1206/1246 2463/1194/1246 2466/1197/1246 2474/1207/1246 
f 2466/1197/1247 2465/1196/1247 2475/1208/1247 2476/1209/1247 
f 2465/1196/1242 2468/1199/1242 2477/1210/1242 2475/1208/1242 
f 2468/1203/1248 2470/1202/1248 2478/1211/1248 2477/1212/1248 
f 2470/1202/1249 2472/1205/1249 2479/1213/1249 2478/1211/1249 
f 2472/1205/1245 2474/1207/1245 2480/1214/1245 2479/1213/1245 
f 2474/1207/1250 2466/1197/1250 2476/1209/1250 2480/1214/1250 
f 2476/1209/1251 2475/1208/1251 2481/1215/1251 2482/1216/1251 
f 2475/1208/1242 2477/1210/1242 2483/1217/1242 2481/1215/1242 
f 2477/1212/1252 2478/1211/1252 2484/1218/1252 2483/1219/1252 
f 2478/1211/1253 2479/1213/1253 2485/1220/1253 2484/1218/1253 
f 2479/1213/1245 2480/1214/1245 2486/1221/1245 2485/1220/1245 
f 2480/1214/1254 2476/1209/1254 2482/1216/1254 2486/1221/1254 
f 2482/1216/1255 2481/1215/1255 2487/1222/1255 2488/1223/1255 
f 2481/1215/1242 2483/1217/1242 2489/1224/1242 2487/1222/1242 
f 2483/1219/1256 2484/1218/1256 2490/1225/1256 2489/1226/1257 
f 2491/1218/1258 2492/1220/1258 2493/1227/1258 2494/1225/1258 
f 2485/1220/1245 2486/1221/1245 2495/1228/1245 2496/1227/1245 
f 2486/1221/1259 2482/1216/1259 2488/1223/1259 2495/1228/1259 
f 2488/1223/1260 2487/1222/1260 2497/1229/1260 2498/1230/1261 
f 2487/1222/1262 2489/1224/1262 2499/1231/1262 2497/1229/1263 
f 2489/1226/1264 2490/1225/1264 2500/1232/1264 2499/1233/1265 
f 2490/1225/1266 2496/1227/1266 2501/1234/1266 2500/1232/1267 
f 2496/1227/1268 2495/1228/1268 2502/1235/1268 2501/1234/1269 
f 2495/1228/1270 2488/1223/1270 2498/1230/1270 2502/1235/1271 
f 2471/1236/1272 2469/1193/1272 2467/1237/1272 2463/1238/1272 
f 2467/1237/1272 2464/1239/1272 2463/1238/1272 
f 2473/1240/1272 2471/1236/1272 2463/1238/1272 
f 2497/1239/1273 2499/1237/1273 2500/1193/1273 2502/1240/1273 
f 2500/1193/1273 2501/1236/1273 2502/1240/1273 
f 2498/1238/1273 2497/1239/1273 2502/1240/1273 
f 2485/1220/1274 2503/1220/1274 2504/1218/1274 2484/1218/1275 
f 2496/1227/1276 2505/1227/1276 2503/1220/1276 2485/1220/1277 
f 2496/1227/1278 2490/1225/1278 2506/1225/1278 2505/1227/1279 
f 2484/1218/1280 2504/1218/1280 2506/1225/1280 2490/1225/1281 
f 2503/1220/1282 2492/1220/1282 2491/1218/1282 2504/1218/1283 
f 2493/1227/1284 2492/1220/1284 2503/1220/1284 2505/1227/1285 
f 2494/1225/1286 2493/1227/1286 2505/1227/1286 2506/1225/1287 
f 2491/1218/1288 2494/1225/1288 2506/1225/1288 2504/1218/1289 
# 40 polygons - 84 triangles

