# Blender v3.0.1 OBJ File: 'PublicBuilding_SchoolC.blend'
# www.blender.org
mtllib PublicBuilding_SchoolC.mtl
o PublicBuilding_School_Cube.174_Cube.153
v 4.268143 -0.000002 11.287941
v 4.268143 0.050888 11.287942
v -18.821472 0.050888 11.287943
v -18.821472 -0.000002 11.287942
v -18.821474 0.050892 -11.287941
v -18.821472 0.000002 -11.287940
v 4.268141 0.050892 -11.287942
v 4.268141 0.000002 -11.287941
v -3.492254 0.050889 5.790125
v -13.090939 0.050889 5.790125
v -13.090940 0.050891 -5.790123
v -3.492255 0.050891 -5.790123
v -13.090939 0.050890 0.728614
v -3.492255 0.050890 0.728613
v -3.492255 0.050890 -0.728613
v -13.090939 0.050890 -0.728612
v 0.000000 1.684688 -10.973351
v 0.000000 0.383241 -10.973351
v 0.000000 0.383241 -10.460498
v 0.000000 1.684688 -10.460498
v 0.000000 1.684687 -6.278680
v 3.212228 1.684687 -6.278680
v 3.212228 1.684687 -7.845376
v 0.000000 1.684687 -7.845376
v 3.212228 0.048539 -3.146153
v 3.212228 0.048539 -4.711986
v 3.902760 0.048539 -4.711986
v 3.902760 0.048539 -3.146153
v 0.000001 0.048539 -3.146153
v 0.000001 0.048539 -4.711986
v 0.000001 1.684686 -3.146153
v 0.000001 1.684686 -1.580321
v 3.212228 1.684686 -1.580321
v 3.212228 1.684686 -3.146153
v 0.000001 0.048538 -1.123090
v 0.000001 0.048538 -1.580321
v 3.212228 0.048538 -1.580321
v 3.212228 0.048538 -0.785858
v 0.000001 1.684686 -1.123090
v 0.000001 1.684686 -1.123090
v 0.000001 1.684686 -1.580321
v 3.902760 1.684686 -3.146153
v 3.902760 1.684686 -3.146153
v 3.902760 1.684686 -1.580321
v 3.902760 1.684686 -1.580321
v 3.902760 0.383240 -7.845376
v 3.212228 0.383240 -7.845376
v 3.247161 0.383240 -7.811856
v 3.937693 0.383240 -7.811856
v 3.212228 1.684687 -4.711986
v 3.212228 1.684687 -4.711986
v 3.902760 1.684687 -4.711986
v 3.902760 1.684687 -4.711986
v 3.902760 0.048540 -9.409364
v 3.902759 0.048540 -10.973351
v 3.937692 0.048540 -11.008198
v 3.937693 0.048540 -9.409364
v 0.000000 1.684687 -6.278680
v 0.000000 1.684687 -7.845376
v 3.247161 0.048538 -1.544307
v 3.247161 0.048538 -0.785858
v 3.212228 0.048539 -6.278681
v 0.000000 0.048539 -6.278681
v 0.000000 0.048539 -7.845376
v 3.212228 0.048539 -7.845376
v 1.951379 1.684688 -10.973351
v 1.951379 1.684688 -10.973351
v 3.902759 1.684688 -10.973351
v 3.902759 1.684688 -10.973351
v 0.000000 0.048540 -10.460498
v 0.000000 0.048540 -10.973351
v 1.951379 0.048540 -10.973351
v 3.212228 0.048540 -9.409364
v 3.212228 1.684687 -9.409364
v 0.000000 1.684688 -10.973351
v 0.000000 1.684688 -10.460498
v 0.000001 0.383240 -4.711986
v -1.002790 0.048539 -4.711986
v -1.002790 0.383240 -4.711986
v 3.937693 0.048539 -4.748000
v 3.937693 0.048539 -3.146153
v 3.902760 1.684687 -7.845376
v 3.902760 1.684687 -9.409364
v 3.212228 1.633438 -0.785858
v 3.212228 1.684686 0.000000
v 3.212228 1.633438 0.000000
v 0.000001 1.684686 0.000000
v -1.002790 1.684686 -3.146153
v -1.002790 1.684686 -3.146153
v -1.002790 1.684687 -4.711986
v -1.002790 1.684687 -4.711986
v -2.965331 1.684688 -10.973351
v -2.965331 1.684688 -10.973351
v -4.927872 1.684688 -10.973351
v -4.927872 1.684688 -10.973351
v -1.002790 0.048538 -1.580321
v -1.002790 0.048539 -3.146153
v -1.002790 1.684686 -1.580321
v -1.002790 1.684686 -1.580321
v 0.000000 0.383240 -7.845376
v -2.463935 0.383240 -7.845376
v -2.463935 0.048539 -7.845376
v 0.000001 1.684687 -4.711986
v -2.463935 1.684687 -7.845376
v -2.463935 1.684687 -7.845376
v 0.000001 0.383239 -1.580321
v -1.002790 0.383239 -1.580321
v -1.002790 0.383240 -3.146153
v 3.212228 0.383239 -0.785858
v 3.106639 1.633438 -0.785858
v 3.106639 0.383239 -0.785858
v -0.023037 0.048540 -10.495344
v -0.023037 0.048540 -11.008197
v 3.902760 0.523239 -3.006154
v 3.902760 1.344463 -3.006154
v 3.864360 1.344463 -3.006154
v 3.864360 0.523239 -3.006154
v 0.000001 1.684687 -4.711986
v 3.902760 0.523241 -9.549364
v 3.902760 0.523241 -10.708894
v 3.864360 0.523241 -10.708894
v 3.864360 0.523241 -9.549364
v 0.000000 0.383240 -6.278681
v 3.212228 1.684687 -7.845376
v 3.902760 1.684687 -7.845376
v 1.951379 0.383241 -10.973351
v 3.902759 0.383241 -10.973351
v 3.937692 0.383241 -11.008198
v 1.957327 0.383241 -11.008197
v 3.212228 1.684686 -1.580321
v 3.212228 0.383239 -1.580321
v 3.902760 0.383239 -1.580321
v 3.247161 0.048539 -7.811856
v 3.247161 0.048539 -6.278681
v 0.000001 0.383239 -1.123090
v -1.002790 1.684688 -10.973351
v -1.002790 1.684688 -10.973351
v -1.002790 1.684688 -10.460498
v -1.002790 1.684688 -10.460498
v -0.336502 0.048538 -1.123090
v -0.336502 0.383239 -1.123090
v 3.212228 0.383240 -6.278681
v 3.247161 0.383240 -6.278681
v -0.336502 1.684686 -1.123090
v -0.336502 1.684686 -1.123090
v -0.336502 1.684686 0.000000
v 3.212228 1.684687 -6.278680
v 3.902760 1.684687 -9.409364
v -0.650542 0.523240 -7.845376
v -0.650542 1.344464 -7.845376
v -0.650542 1.344464 -7.923612
v -0.650542 0.523240 -7.923612
v -1.002790 0.048540 -10.973351
v -1.002790 0.048540 -10.460498
v -4.927871 0.048539 -7.845376
v -4.927872 0.048540 -10.973351
v -2.965331 0.048540 -10.973351
v 0.000000 0.523240 -6.481462
v 0.000000 1.344464 -6.481462
v 0.042631 1.344464 -6.481462
v 0.042631 0.523240 -6.481462
v 3.106639 1.633438 0.000000
v -0.023037 0.383241 -11.008197
v 0.607675 0.523241 -10.973351
v 0.607675 1.344466 -10.973351
v 0.607675 1.344466 -10.937153
v 0.607675 0.523241 -10.937153
v 0.000001 0.523240 -4.914767
v 0.000001 1.344464 -4.914767
v 0.042631 1.344464 -4.914767
v 0.042631 0.523240 -4.914767
v 3.212228 0.383240 -4.711986
v 3.902760 0.383240 -4.711986
v 3.212228 1.344464 -6.418681
v 3.212228 0.523240 -6.418681
v 3.173827 0.523240 -6.418681
v 3.173827 1.344464 -6.418681
v 3.106639 0.048538 -0.785858
v 3.106639 0.383239 0.000000
v 3.106639 0.048538 0.000000
v 3.247161 0.383239 -0.785858
v 3.275604 0.383239 -0.785858
v 3.275604 0.299564 -0.785858
v -4.927871 1.684687 -7.429115
v -4.927871 1.684687 -7.429115
v -4.927871 0.383240 -7.429116
v -4.927872 0.383241 -10.973351
v -1.564264 1.344465 -10.973351
v -1.564264 0.523241 -10.973351
v -1.564264 0.523241 -10.924816
v -1.564264 1.344465 -10.924816
v -0.023037 0.383241 -10.495344
v -2.463935 3.320835 -7.845376
v -2.463935 3.320835 -7.845376
v -2.463935 3.320835 -7.429117
v -2.463935 3.320835 -7.429117
v -2.463935 1.684687 -7.429117
v -2.965331 0.383241 -10.973351
v -1.002790 0.383241 -10.973351
v -0.973828 0.383241 -11.008197
v -2.950850 0.383241 -11.008197
v -1.002790 0.383241 -10.460498
v 1.767784 1.344466 -10.973351
v 1.767784 1.344466 -10.937153
v -0.973828 0.048540 -11.008197
v -0.973828 0.048540 -10.495344
v 3.902760 1.344463 -1.774007
v 3.864360 1.344463 -1.774007
v -1.002790 0.523240 -3.348796
v -1.002790 1.344464 -3.348796
v -0.960159 1.344464 -3.348796
v -0.960159 0.523240 -3.348796
v 3.902760 0.383240 -3.146153
v 3.937693 0.383240 -3.146153
v 3.937693 0.383240 -4.748000
v 3.902760 0.048538 -1.580321
v 0.000000 1.344464 -6.075901
v 0.000000 0.523240 -6.075901
v 0.042631 0.523240 -6.075901
v 0.042631 1.344464 -6.075901
v 3.902760 1.344466 -10.708894
v 3.864360 1.344466 -10.708894
v 3.212228 0.048538 0.000000
v 3.902760 0.523241 -9.269363
v 3.902760 1.344465 -9.269363
v 3.864360 1.344465 -9.269363
v 3.864360 0.523241 -9.269363
v 3.902760 0.048539 -7.845376
v 3.902760 0.383241 -9.409364
v 3.937693 0.383241 -9.409364
v 3.212228 0.523240 -4.977411
v 3.212228 1.344465 -4.977411
v 3.902760 0.523239 -1.774007
v 3.902760 0.523240 -8.109833
v 3.902760 1.344465 -8.109833
v 3.212228 0.523240 -6.138682
v 3.212228 1.344464 -6.138682
v 3.902760 1.344464 -4.450292
v 3.902760 0.523240 -4.450292
v 3.212228 1.344465 -7.579951
v 3.212228 0.523240 -7.579951
v 3.902760 1.344465 -9.549364
v 3.902760 0.523240 -3.286154
v 3.902760 1.344463 -3.286154
v 3.864360 1.344465 -9.549364
v 3.173827 0.523240 -7.579951
v 3.173827 1.344465 -7.579951
v 3.864360 0.523239 -1.774007
v 3.864360 0.523240 -4.450292
v 3.864360 1.344464 -4.450292
v 3.864360 1.344463 -3.286154
v 3.864360 0.523240 -3.286154
v 3.173827 1.344465 -4.977411
v 3.173827 0.523240 -4.977411
v 3.173827 0.523240 -6.138682
v 3.173827 1.344464 -6.138682
v 3.864360 1.344465 -8.109833
v 3.864360 0.523240 -8.109833
v 3.937693 0.048539 -7.811856
v 3.247161 0.048539 -4.748000
v 3.247161 0.383240 -4.748000
v 3.937693 0.383239 -1.544307
v 3.937693 0.048538 -1.544307
v 3.247161 0.383239 -1.544307
v 1.957327 0.048540 -11.008197
v -2.950850 0.048540 -11.008197
v -4.927872 0.048540 -11.008197
v -4.927872 0.383241 -11.008197
v -0.973828 0.383241 -10.495344
v -0.336502 0.383239 -0.785858
v -0.336502 0.048538 -0.785858
v 0.258883 0.048538 -0.785858
v 0.258883 0.242225 -0.785858
v 0.258883 0.383239 -0.785858
v -0.336502 1.484463 0.000000
v -0.336502 1.484463 -0.785858
v -1.002790 1.344463 -1.782963
v -1.002790 0.523239 -1.782963
v -1.002790 0.523239 -2.943511
v -1.002790 1.344463 -2.943511
v 0.000000 0.523240 -7.642596
v 0.000000 1.344464 -7.642596
v -1.002790 0.523240 -4.509345
v -1.002790 1.344464 -4.509345
v -0.960159 1.344464 -4.509345
v -0.960159 0.523240 -4.509345
v 0.042631 1.344464 -7.642596
v 0.042631 0.523240 -7.642596
v -0.960159 0.523239 -1.782963
v -0.960159 1.344463 -1.782963
v -0.960159 1.344463 -2.943511
v -0.960159 0.523239 -2.943511
v 3.293919 0.523241 -10.973351
v 3.293919 1.344466 -10.973351
v 2.136140 1.344466 -10.973351
v 2.136140 0.523241 -10.973351
v 1.767784 0.523241 -10.973351
v 2.136140 0.523241 -10.937153
v 2.136140 1.344466 -10.937153
v 3.293919 1.344466 -10.937154
v 3.293919 0.523241 -10.937154
v 1.767784 0.523241 -10.937153
v -3.105330 1.344465 -10.973351
v -3.105330 0.523241 -10.973351
v -3.105330 0.523241 -10.924816
v -3.105330 1.344465 -10.924816
v -2.825331 1.344465 -10.973351
v -2.825331 0.523241 -10.973351
v -4.366398 1.344465 -10.973351
v -4.366398 0.523241 -10.973351
v -4.366398 0.523241 -10.924816
v -4.366398 1.344465 -10.924816
v -2.825331 0.523241 -10.924816
v -2.825331 1.344465 -10.924816
v -1.813393 0.523240 -7.845376
v -1.813393 1.344464 -7.845376
v -1.813393 1.344464 -7.923612
v -1.813393 0.523240 -7.923612
v 0.000000 3.320836 -10.973350
v 0.000000 2.019389 -10.973351
v 0.000000 2.019389 -10.460498
v 0.000000 3.320836 -10.460497
v 0.000000 3.320835 -6.278680
v 3.212228 3.320835 -6.278680
v 3.212228 3.320835 -7.845376
v 0.000000 3.320835 -7.845376
v 3.212228 1.684686 -3.146153
v 0.000001 1.684686 -3.146153
v 0.000001 3.320834 -3.146152
v 0.000001 3.320834 -1.580320
v 3.212228 3.320834 -1.580320
v 3.212228 3.320834 -3.146152
v 0.000001 3.320834 -1.123089
v 0.000001 3.320834 -1.123089
v 0.000001 3.320834 -1.580320
v 3.902760 3.320834 -3.146152
v 3.902760 3.320834 -3.146152
v 3.902760 3.320834 -1.580320
v 3.902760 3.320834 -1.580320
v 3.902760 2.019388 -7.845376
v 3.212228 2.019388 -7.845376
v 3.247161 2.019388 -7.811855
v 3.937693 2.019388 -7.811855
v 3.212228 3.320835 -4.711986
v 3.212228 3.320835 -4.711986
v 3.902760 3.320835 -4.711986
v 3.902760 3.320835 -4.711986
v 3.937692 1.684688 -11.008198
v 3.937693 1.684687 -9.409364
v 0.000000 3.320835 -6.278680
v 0.000000 3.320835 -7.845376
v 3.937693 1.684686 -1.544307
v 3.937693 1.684686 0.000000
v 1.951379 3.320836 -10.973350
v 1.951379 3.320836 -10.973350
v 3.902759 3.320836 -10.973350
v 3.902759 3.320836 -10.973350
v 3.212228 1.684687 -9.409364
v 3.212228 3.320835 -9.409363
v 0.000000 3.320836 -10.973350
v 0.000000 3.320836 -10.460497
v 0.000001 2.019388 -4.711986
v -1.002790 2.019388 -4.711986
v 3.937693 1.684687 -4.748000
v 3.937693 1.684686 -3.146153
v 3.902760 3.320835 -7.845376
v 3.902760 3.320835 -9.409363
v 0.000001 3.320834 0.000001
v 3.212228 3.320834 0.000001
v -1.002790 3.320834 -3.146152
v -1.002790 3.320834 -3.146152
v -1.002790 3.320835 -4.711986
v -1.002790 3.320835 -4.711986
v -2.965331 3.320836 -10.973350
v -2.965331 3.320836 -10.973350
v -4.927872 3.320836 -10.973350
v -4.927872 3.320836 -10.973350
v -1.002790 3.320834 -1.580320
v -1.002790 3.320834 -1.580320
v 0.000000 2.019388 -7.845376
v -2.463935 2.019388 -7.845376
v 0.000001 3.320835 -4.711986
v 0.000001 2.019387 -1.580321
v -1.002790 2.019387 -1.580321
v -4.927871 0.048539 -7.429116
v -1.002790 2.019387 -3.146153
v -0.023037 1.684688 -10.495344
v -0.023037 1.684688 -11.008197
v 3.902760 2.159388 -3.006154
v 3.902760 2.980613 -3.006154
v 3.864360 2.980613 -3.006154
v 3.864360 2.159388 -3.006154
v 0.000001 3.320835 -4.711986
v 3.902760 2.159389 -9.549364
v 3.902760 2.159389 -10.708894
v 3.864360 2.159389 -10.708894
v 3.864360 2.159389 -9.549364
v 0.000000 2.019388 -6.278680
v 3.212228 3.320835 -7.845376
v 3.902760 3.320835 -7.845376
v 1.951379 2.019389 -10.973351
v 3.902759 2.019389 -10.973351
v 3.937692 2.019389 -11.008198
v 1.957327 2.019389 -11.008197
v 3.247161 1.684687 -7.811855
v 3.247161 1.684687 -6.278680
v 0.000001 2.019387 -1.123090
v -1.002790 3.320836 -10.973350
v -1.002790 3.320836 -10.973350
v -1.002790 3.320836 -10.460497
v -1.002790 3.320836 -10.460497
v -0.336502 2.019387 -1.123090
v 3.212228 2.019388 -6.278680
v 3.247161 2.019388 -6.278680
v 3.212228 3.320834 -1.580320
v -0.336502 2.980612 -1.123090
v -0.336502 2.980612 -0.825565
v -0.336502 2.980612 0.000000
v -0.336502 3.320834 0.000001
v -0.336502 3.320834 -1.123089
v -0.336502 3.320834 -1.123089
v -0.336502 3.320834 0.000001
v 3.212228 2.019387 -1.580321
v 3.212228 2.159387 -1.282154
v 3.212228 2.159387 0.000000
v 3.212228 2.019387 0.000000
v 3.212228 3.320835 -6.278680
v 3.902760 3.320835 -9.409363
v -0.650542 2.159388 -7.845376
v -0.650542 2.980613 -7.845376
v -0.650542 2.980613 -7.923612
v -0.650542 2.159388 -7.923612
v 0.000000 2.159388 -6.481462
v 0.000000 2.980613 -6.481462
v 0.042631 2.980613 -6.481462
v 0.042631 2.159388 -6.481462
v -0.023037 2.019389 -11.008197
v 0.607675 2.159389 -10.973351
v 0.607675 2.980614 -10.973350
v 0.607675 2.980614 -10.937152
v 0.607675 2.159389 -10.937153
v 0.000001 2.159388 -4.914766
v 0.000001 2.980613 -4.914766
v 0.042631 2.980613 -4.914766
v 0.042631 2.159388 -4.914766
v 3.212228 2.019388 -4.711986
v 3.902760 2.019388 -4.711986
v 3.212228 2.980613 -6.418681
v 3.212228 2.159388 -6.418681
v 3.173827 2.159388 -6.418681
v 3.173827 2.980613 -6.418681
v 3.106639 1.684686 -1.123090
v 3.106639 2.019387 -1.123090
v 3.106639 2.019387 0.000000
v 3.106639 1.684686 0.000000
v -4.927871 3.320835 -7.429115
v -4.927871 2.019388 -7.429115
v -4.927872 2.019389 -10.973351
v -1.564264 2.980614 -10.973350
v -1.564264 2.159389 -10.973351
v -1.564264 2.159389 -10.924816
v -1.564264 2.980614 -10.924815
v -0.023037 2.019389 -10.495344
v -2.965331 2.019389 -10.973351
v -1.002790 2.019389 -10.973351
v -0.973828 2.019389 -11.008197
v -2.950850 2.019389 -11.008197
v -1.002790 2.019389 -10.460498
v 1.767784 2.980614 -10.973350
v 1.767784 2.980614 -10.937152
v -0.973828 1.684688 -11.008197
v -0.973828 1.684688 -10.495344
v 3.902760 2.980612 -1.774006
v 3.864360 2.980612 -1.774006
v -1.002790 2.159388 -3.348796
v -1.002790 2.980613 -3.348795
v -0.960159 2.980613 -3.348795
v -0.960159 2.159388 -3.348796
v 3.902760 2.019387 -3.146153
v 3.937693 2.019387 -3.146153
v 3.937693 2.019388 -4.748000
v 0.000000 2.980613 -6.075901
v 0.000000 2.159388 -6.075901
v 0.042631 2.159388 -6.075901
v 0.042631 2.980613 -6.075901
v 3.902760 2.980614 -10.708893
v 3.864360 2.980614 -10.708893
v 3.902760 2.159389 -9.269363
v 3.902760 2.980613 -9.269362
v 3.864360 2.980613 -9.269362
v 3.864360 2.159389 -9.269363
v 3.902760 2.019388 -9.409364
v 3.937693 2.019388 -9.409364
v 3.212228 2.159388 -4.977410
v 3.212228 2.980613 -4.977410
v 3.902760 2.159389 -8.109833
v 3.902760 2.980613 -8.109832
v 3.902760 2.159387 -1.774007
v 3.902760 2.019387 -1.580321
v 3.212228 2.159388 -6.138681
v 3.212228 2.980613 -6.138681
v 3.902760 2.980613 -4.450292
v 3.902760 2.159388 -4.450292
v 3.212228 2.980613 -7.579950
v 3.212228 2.159388 -7.579950
v 3.902760 2.980614 -9.549363
v 3.902760 2.159388 -3.286154
v 3.902760 2.980613 -3.286154
v 3.864360 2.980614 -9.549363
v 3.173827 2.159388 -7.579950
v 3.173827 2.980613 -7.579950
v 3.864360 2.159387 -1.774007
v 3.864360 2.159388 -4.450292
v 3.864360 2.980613 -4.450292
v 3.864360 2.980613 -3.286154
v 3.864360 2.159388 -3.286154
v 3.173827 2.980613 -4.977410
v 3.173827 2.159388 -4.977410
v 3.173827 2.159388 -6.138681
v 3.173827 2.980613 -6.138681
v 3.864360 2.980613 -8.109832
v 3.864360 2.159389 -8.109833
v 3.937693 1.684687 -7.811855
v 3.247161 1.684687 -4.748000
v 3.247161 2.019388 -4.748000
v 3.937693 2.019387 -1.544307
v 3.937693 2.019387 0.000000
v 1.957327 1.684688 -11.008197
v -2.950850 1.684688 -11.008197
v -4.927872 1.684688 -11.008197
v -4.927872 2.019389 -11.008197
v -0.973828 2.019389 -10.495344
v -0.336502 1.684686 0.000000
v -0.336502 2.019387 0.000000
v -0.336502 2.159387 -1.123090
v 0.000001 1.684686 0.000000
v -1.002790 2.980612 -1.782963
v -1.002790 2.159387 -1.782963
v -1.002790 2.159388 -2.943511
v -1.002790 2.980613 -2.943511
v 0.000000 2.159388 -7.642595
v 0.000000 2.980613 -7.642595
v -1.002790 2.159388 -4.509345
v -1.002790 2.980613 -4.509345
v -0.960159 2.980613 -4.509345
v -0.960159 2.159388 -4.509345
v 0.042631 2.980613 -7.642595
v 0.042631 2.159388 -7.642595
v -0.960159 2.159387 -1.782963
v -0.960159 2.980612 -1.782963
v -0.960159 2.980613 -2.943511
v -0.960159 2.159388 -2.943511
v 3.293919 2.159389 -10.973351
v 3.293919 2.980614 -10.973350
v 2.136140 2.980614 -10.973350
v 2.136140 2.159389 -10.973351
v 1.767784 2.159389 -10.973351
v 2.136140 2.159389 -10.937153
v 2.136140 2.980614 -10.937152
v 3.293919 2.980614 -10.937153
v 3.293919 2.159389 -10.937154
v 1.767784 2.159389 -10.937153
v -3.105330 2.980614 -10.973350
v -3.105330 2.159389 -10.973351
v -3.105330 2.159389 -10.924816
v -3.105330 2.980614 -10.924815
v -2.825331 2.980614 -10.973350
v -2.825331 2.159389 -10.973351
v -4.366398 2.980614 -10.973350
v -4.366398 2.159389 -10.973351
v -4.366398 2.159389 -10.924816
v -4.366398 2.980614 -10.924815
v -2.825331 2.159389 -10.924816
v -2.825331 2.980614 -10.924815
v -1.813393 2.159388 -7.845376
v -1.813393 2.980613 -7.845376
v -1.813393 2.980613 -7.923612
v -1.813393 2.159388 -7.923612
v 0.000000 4.956985 -10.973350
v 0.000000 3.655538 -10.973350
v 0.000000 3.655538 -10.460497
v 0.000000 4.956985 -10.460497
v 0.000000 4.956984 -6.278680
v 3.212228 4.956984 -6.278680
v 3.212228 4.956985 -7.845375
v 0.000000 4.956985 -7.845375
v 3.212228 3.320834 -3.146152
v 0.000001 3.320834 -3.146152
v 3.902760 4.956984 -4.711985
v 3.212228 4.956984 -4.711985
v 3.212228 5.290085 -4.711985
v 3.902760 5.290085 -4.711985
v 3.902760 3.655537 -7.845376
v 3.212228 3.655537 -7.845376
v 3.247161 3.655537 -7.811855
v 3.937693 3.655537 -7.811855
v 0.000000 5.290085 -7.845375
v 0.000000 5.290086 -10.460497
v 3.937692 3.320836 -11.008197
v 3.937693 3.320835 -9.409363
v 3.247161 3.320834 -1.544306
v 3.247161 3.320834 0.000001
v 3.212228 3.320835 -9.409363
v 0.000000 5.290086 -10.973350
v 0.000001 3.655537 -4.711986
v -1.002790 3.655537 -4.711986
v 3.937693 3.320835 -4.748000
v 3.937693 3.320834 -3.146152
v -1.002790 4.956984 -1.580320
v 0.000001 4.956984 -1.580320
v 0.000001 5.290084 -1.580320
v -1.002790 5.290084 -1.580320
v 3.212228 4.945277 0.000001
v 3.212228 5.218892 -1.123089
v 3.212228 6.003167 0.000001
v -0.336294 5.129754 -1.580320
v -0.336294 4.956984 -1.580320
v -0.508077 4.956984 -1.580320
v -0.508077 5.129754 -1.580320
v 0.000000 3.655537 -7.845376
v -2.463935 3.655537 -7.845376
v 1.951379 4.956985 -10.973350
v 1.951379 5.290086 -10.973350
v -1.002790 4.956985 -7.845375
v -2.463935 4.956985 -7.845375
v 0.000001 3.655536 -1.580320
v -1.002790 3.655536 -1.580320
v -1.002790 3.655536 -3.146152
v -0.023037 3.320836 -10.495343
v -0.023037 3.320836 -11.008196
v 3.902760 3.795537 -3.006153
v 3.902760 4.616762 -3.006153
v 3.864360 4.616762 -3.006153
v 3.864360 3.795537 -3.006153
v 0.000001 4.956984 -4.711985
v -1.002790 4.956984 -4.711985
v 3.902760 3.795538 -9.549363
v 3.902760 3.795538 -10.708893
v 3.864360 3.795538 -10.708893
v 3.864360 3.795538 -9.549363
v 0.000000 3.655537 -6.278680
v 3.902760 4.956985 -7.845375
v 1.951379 3.655538 -10.973350
v 3.902759 3.655538 -10.973350
v 3.937692 3.655538 -11.008197
v 1.957327 3.655538 -11.008196
v 3.212228 4.956984 -1.580320
v 3.212228 3.655536 -1.580320
v 3.902760 3.655536 -1.580320
v 3.902760 4.956984 -1.580320
v 3.247161 3.320835 -7.811855
v 3.247161 3.320835 -6.278680
v 0.000001 3.655536 -1.123089
v -1.002790 4.956985 -10.460497
v -0.336502 3.655536 -1.123089
v 3.212228 3.655537 -6.278680
v 3.247161 3.655537 -6.278680
v 3.425570 4.956984 -1.580320
v 3.425570 5.218892 -1.123089
v 0.000001 5.218892 -1.123089
v -0.336502 5.218892 -1.123089
v 3.212228 3.655536 0.000001
v 3.212228 3.655536 -1.374548
v -0.650542 3.795537 -7.845376
v -0.650542 4.616763 -7.845375
v -0.650542 4.616763 -7.923611
v -0.650542 3.795537 -7.923612
v 0.000000 3.795537 -6.481462
v 0.000000 4.616762 -6.481461
v 0.042631 4.616762 -6.481461
v 0.042631 3.795537 -6.481462
v -0.023037 3.655538 -11.008196
v 0.607675 3.795538 -10.973350
v 0.607675 4.616763 -10.973350
v 0.607675 4.616763 -10.937152
v 0.607675 3.795538 -10.937152
v 0.000001 3.795537 -4.914766
v 0.000001 4.616762 -4.914766
v 0.042631 4.616762 -4.914766
v 0.042631 3.795537 -4.914766
v 3.212228 3.655537 -4.711986
v 3.902760 3.655537 -4.711986
v 3.212228 4.616762 -6.418680
v 3.212228 3.795537 -6.418681
v 3.173827 3.795537 -6.418681
v 3.173827 4.616762 -6.418680
v 3.106639 3.320834 -1.123089
v 3.106639 3.655536 -1.123089
v 3.106639 3.655536 0.000001
v 3.106639 3.320834 0.000001
v -4.927871 3.655537 -7.429115
v -4.927872 3.655538 -10.973350
v -4.927871 4.956985 -7.429115
v -4.927872 4.956985 -10.973350
v -1.564264 4.616763 -10.973350
v -1.564264 3.795538 -10.973350
v -1.564264 3.795538 -10.924815
v -1.564264 4.616763 -10.924815
v -0.023037 3.655538 -10.495343
v -2.463935 4.956985 -7.429116
v -2.463935 3.655537 -7.429117
v -2.965331 3.655538 -10.973350
v -1.002790 3.655538 -10.973350
v -0.973828 3.655538 -11.008196
v -2.950850 3.655538 -11.008196
v -1.002790 3.655538 -10.460497
v 1.767784 4.616763 -10.973350
v 1.767784 4.616763 -10.937152
v -1.002790 4.956985 -10.973350
v -0.973828 3.320836 -11.008196
v -0.973828 3.320836 -10.495343
v 3.902760 4.616762 -1.774006
v 3.864360 4.616762 -1.774006
v -1.002790 3.795537 -3.348795
v -1.002790 4.616762 -3.348795
v -0.960159 4.616762 -3.348795
v -0.960159 3.795537 -3.348795
v 3.902760 3.655536 -3.146152
v 3.937693 3.655536 -3.146152
v 3.937693 3.655537 -4.748000
v 3.902760 5.290084 -1.580320
v 3.212228 5.290084 -1.580320
v -1.002790 4.956984 -3.146152
v -1.002790 5.290084 -3.146152
v -1.002790 5.290085 -4.711985
v -2.463935 2.019388 -7.429117
v -2.463935 1.684687 -7.429117
v 0.000000 4.616762 -6.075900
v 0.000000 3.795537 -6.075901
v 0.042631 3.795537 -6.075901
v 0.042631 4.616762 -6.075900
v 3.902760 4.616763 -10.708893
v 3.864360 4.616763 -10.708893
v 3.902760 3.795537 -9.269362
v 3.902760 4.616763 -9.269362
v 3.864360 4.616763 -9.269362
v 3.864360 3.795537 -9.269362
v 3.212228 5.290084 -1.809473
v 3.673606 5.290084 -1.809473
v 3.673606 5.116776 -1.809473
v 3.212228 5.116776 -1.809473
v 3.902760 3.655537 -9.409363
v 3.937693 3.655537 -9.409363
v 3.212228 3.795537 -4.977410
v 3.212228 4.616762 -4.977410
v 3.902760 3.795536 -1.774006
v 3.902760 3.795537 -8.109832
v 3.902760 4.616763 -8.109832
v 3.902760 4.956984 -3.146152
v 3.212228 3.795537 -6.138681
v 3.212228 4.616762 -6.138681
v 3.902760 4.956985 -9.409363
v 3.902760 4.616762 -4.450291
v 3.902760 3.795537 -4.450292
v 3.212228 4.616763 -7.579950
v 3.212228 3.795537 -7.579950
v 3.902759 4.956985 -10.973350
v 3.902760 4.616763 -9.549363
v 3.902760 3.795537 -3.286153
v 3.902760 4.616762 -3.286153
v 3.864360 4.616763 -9.549363
v 3.173827 3.795537 -7.579950
v 3.173827 4.616763 -7.579950
v 3.864360 3.795536 -1.774006
v 3.864360 3.795537 -4.450292
v 3.864360 4.616762 -4.450291
v 3.864360 4.616762 -3.286153
v 3.864360 3.795537 -3.286153
v 3.173827 4.616762 -4.977410
v 3.173827 3.795537 -4.977410
v 3.173827 3.795537 -6.138681
v 3.173827 4.616762 -6.138681
v 3.864360 4.616763 -8.109832
v 3.864360 3.795537 -8.109832
v 3.247161 3.655536 -1.544306
v 3.937693 3.320834 -1.544306
v 3.937693 3.655536 -1.544306
v 3.937693 3.320835 -7.811855
v 3.247161 3.320835 -4.748000
v 3.247161 3.655537 -4.748000
v 3.247161 3.655536 -1.374548
v 3.247161 3.655536 0.000001
v 1.957327 3.320836 -11.008196
v -2.950850 3.320836 -11.008196
v -4.927872 3.320836 -11.008196
v -4.927872 3.655538 -11.008196
v -0.973828 3.655538 -10.495343
v -0.336502 3.655536 0.000001
v -0.336502 6.003167 0.000001
v 0.000001 3.320834 0.000001
v -1.002790 4.616762 -1.782962
v -1.002790 3.795536 -1.782962
v -1.002790 3.795537 -2.943510
v -1.002790 4.616762 -2.943510
v 0.000000 3.795537 -7.642595
v 0.000000 4.616763 -7.642595
v -1.002790 3.795537 -4.509345
v -1.002790 4.616762 -4.509344
v -0.960159 4.616762 -4.509344
v -0.960159 3.795537 -4.509345
v 0.042631 4.616763 -7.642595
v 0.042631 3.795537 -7.642595
v -0.960159 3.795536 -1.782962
v -0.960159 4.616762 -1.782962
v -0.960159 4.616762 -2.943510
v -0.960159 3.795537 -2.943510
v 3.293919 3.795538 -10.973350
v 3.293919 4.616763 -10.973350
v 2.136140 4.616763 -10.973350
v 2.136140 3.795538 -10.973350
v 1.767784 3.795538 -10.973350
v 2.136140 3.795538 -10.937152
v 2.136140 4.616763 -10.937152
v 3.293919 4.616763 -10.937153
v 3.293919 3.795538 -10.937153
v 1.767784 3.795538 -10.937152
v -3.105330 4.616763 -10.973350
v -3.105330 3.795538 -10.973350
v -3.105330 3.795538 -10.924815
v -3.105330 4.616763 -10.924815
v -2.825331 4.616763 -10.973350
v -2.965331 4.956985 -10.973350
v -2.825331 3.795538 -10.973350
v -4.366398 4.616763 -10.973350
v -4.366398 3.795538 -10.973350
v -4.366398 3.795538 -10.924815
v -4.366398 4.616763 -10.924815
v -2.825331 3.795538 -10.924815
v -2.825331 4.616763 -10.924815
v -1.813393 3.795537 -7.845376
v -1.813393 4.616763 -7.845375
v -1.813393 4.616763 -7.923611
v -1.813393 3.795537 -7.923612
v 3.902759 5.290086 -10.973350
v 3.902760 5.290085 -9.409363
v -1.002790 5.290086 -10.460497
v -1.002790 5.290085 -7.845375
v 0.229154 5.290086 -10.744197
v 0.229154 5.290086 -10.460497
v 0.229154 5.116778 -10.460497
v 0.229154 5.116778 -10.744197
v -0.773638 5.290084 -3.146152
v -0.773638 5.290084 -1.809473
v -0.773638 5.116776 -1.809473
v -0.773638 5.116776 -3.146152
v 3.673606 5.290084 -3.146152
v 3.673606 5.116776 -3.146152
v 3.673606 5.290085 -8.074528
v 3.673606 5.290085 -9.409363
v 3.673606 5.116777 -9.409363
v 3.673606 5.116777 -8.074528
v 0.000001 5.290084 -1.809473
v 0.000001 5.116776 -1.809473
v 3.673606 5.290085 -4.482832
v 3.673606 5.116777 -4.482832
v -2.965331 5.290086 -10.744197
v -4.698718 5.290086 -10.744197
v -4.698718 5.116778 -10.744197
v -2.965331 5.116778 -10.744197
v 0.000001 5.290085 -4.482832
v -0.773638 5.290085 -4.482832
v -0.773638 5.116777 -4.482832
v 0.000001 5.116777 -4.482832
v -2.463935 5.290085 -7.845375
v 3.902760 5.290085 -7.845375
v 3.212228 5.290085 -7.845375
v 3.902760 5.290084 -3.146152
v -4.927871 5.290085 -7.429115
v -4.927872 5.290086 -10.973350
v -1.002790 5.290086 -10.973350
v -2.965331 5.290086 -10.973350
v 0.000001 5.290085 -4.711985
v 3.212228 5.290085 -4.482832
v 3.212228 5.290085 -8.074528
v 0.229154 5.290085 -8.074527
v -4.698718 5.290085 -7.698961
v -1.231943 5.290086 -10.744197
v -2.733280 5.290085 -8.074527
v -2.733280 5.290085 -7.698961
v -2.463935 5.290085 -7.429116
v -1.231943 5.290086 -10.460497
v -1.231943 5.290085 -8.074527
v 1.951380 5.290086 -10.744197
v 3.673606 5.290086 -10.744198
v 0.000001 5.116776 -3.146152
v 3.212228 5.116776 -3.146152
v 0.229154 5.116777 -8.074527
v 3.212228 5.116777 -8.074528
v 3.673606 5.116778 -10.744198
v 1.951380 5.116778 -10.744197
v 3.212228 5.116777 -4.482832
v -1.231943 5.116777 -8.074527
v -1.231943 5.116778 -10.460497
v -1.231943 5.116778 -10.744197
v -2.733280 5.116777 -8.074527
v -4.698718 5.116777 -7.698961
v -2.733280 5.116777 -7.698961
v 0.258883 0.242225 0.000000
v 0.128057 0.242225 -0.790496
v 0.128057 0.242225 0.000000
v 0.258883 0.383239 0.000000
v 0.258883 1.484463 0.000000
v 0.258883 1.484463 -0.785858
v -2.463935 0.048539 -7.429117
v -2.463935 0.383240 -7.429117
v 0.000001 5.391662 -1.123089
v 0.000001 6.175937 0.000001
v 3.212228 6.175937 0.000001
v 3.212228 5.391662 -1.123089
v 0.000001 5.129754 -1.580320
v 3.212228 5.129754 -1.580320
v -0.336502 5.391662 -1.123089
v -0.336502 6.175937 0.000001
v 3.425570 5.391662 -1.123089
v 3.425570 5.129754 -1.580320
v 3.425570 6.003167 0.000001
v 3.425570 6.175937 0.000001
v -0.508285 5.218892 -1.123089
v -0.508285 6.003167 0.000001
v -0.508285 6.175937 0.000001
v -0.508285 5.391662 -1.123089
v 3.157318 2.159387 0.000000
v 3.157318 2.159387 -0.066882
v 3.157318 2.980612 -0.066882
v 3.157318 2.980612 0.000000
v 3.212228 2.980612 0.000000
v 3.212228 2.980612 -1.282153
v 3.157318 2.159387 -1.282154
v 3.126568 2.159387 -1.282154
v 3.126568 2.159387 -0.066882
v 3.157318 2.980612 -1.282153
v 3.126568 2.980612 -0.066882
v 3.126568 2.980612 -1.282153
v 3.247161 0.048538 0.000000
v 3.212228 0.383239 0.000000
v 3.247161 0.383239 0.000000
v 3.275604 0.048538 0.000000
v 3.275604 0.299564 0.000000
v 3.391605 0.299564 0.000000
v 3.391605 0.299564 -0.785858
v 3.391605 0.215888 -0.785858
v 3.275604 0.383239 0.000000
v 3.507606 0.215888 -0.785858
v 3.507606 0.132213 -0.785858
v 3.391605 0.215888 0.000000
v 3.507606 0.215888 0.000000
v 3.391605 0.048538 0.000000
v 3.507606 0.132213 0.000000
v 3.623606 0.132213 0.000000
v 3.623606 0.132213 -0.785858
v 3.507606 0.048538 0.000000
v 3.623606 0.048538 -0.785858
v 3.623606 0.048538 0.000000
v 3.247161 4.262764 -1.374548
v 3.212228 4.262764 -1.374548
v 3.212228 4.262764 0.000001
v 3.247161 4.262764 0.000001
v 0.128057 0.145381 -0.790496
v 0.128057 0.048538 -0.790496
v -0.017240 0.048538 -0.790496
v -0.017240 0.145381 -0.790496
v 0.258883 0.048538 0.000000
v 0.128057 0.048538 0.000000
v -0.017240 0.048538 0.000000
v -0.017240 0.145381 0.000000
v 0.128057 0.145381 0.000000
v -0.266258 2.980612 -0.825565
v -0.266258 2.159387 -0.825565
v -0.266258 2.159387 0.000000
v -0.266258 2.980612 0.000000
v -0.336502 2.159387 -0.825565
v -0.336502 2.159387 0.000000
v 0.000001 1.684684 10.973352
v 0.000001 1.684684 10.460500
v 0.000001 0.383237 10.460500
v 0.000001 0.383237 10.973352
v 0.000001 1.684685 6.278681
v 0.000001 1.684685 7.845376
v 3.212228 1.684685 7.845376
v 3.212228 1.684685 6.278681
v 3.212228 0.048537 3.146154
v 3.902760 0.048537 3.146154
v 3.902760 0.048537 4.711986
v 3.212228 0.048537 4.711986
v 0.000001 0.048537 3.146154
v 0.000001 0.048537 4.711986
v 0.000001 1.684685 3.146154
v 3.212228 1.684685 3.146154
v 3.212228 1.684686 1.580322
v 0.000001 1.684686 1.580322
v 0.000001 0.048538 1.123091
v 3.212228 0.048538 0.785858
v 3.212228 0.048538 1.580322
v 0.000001 0.048538 1.580322
v 0.000001 1.684686 1.123091
v 0.000001 1.684686 1.580322
v 0.000001 1.684686 1.123091
v 3.902760 1.684685 3.146154
v 3.902760 1.684686 1.580322
v 3.902760 1.684686 1.580322
v 3.902760 1.684685 3.146154
v 3.902760 0.383238 7.845376
v 3.937693 0.383238 7.811856
v 3.247161 0.383238 7.811856
v 3.212228 0.383238 7.845376
v 3.212228 1.684685 4.711987
v 3.902760 1.684685 4.711987
v 3.902760 1.684685 4.711987
v 3.212228 1.684685 4.711987
v 3.902760 0.048536 9.409364
v 3.937693 0.048536 9.409364
v 3.937694 0.048536 11.008198
v 3.902761 0.048536 10.973351
v 0.000001 1.684685 6.278681
v 0.000001 1.684685 7.845376
v 3.247161 0.048538 0.785858
v 3.247161 0.048538 1.544307
v 3.212228 0.048537 6.278681
v 3.212228 0.048537 7.845376
v 0.000001 0.048537 7.845376
v 0.000001 0.048537 6.278681
v 1.951381 1.684684 10.973352
v 3.902761 1.684684 10.973351
v 3.902761 1.684684 10.973351
v 1.951381 1.684684 10.973352
v 3.212228 0.048536 9.409364
v 1.951381 0.048536 10.973352
v 0.000001 0.048536 10.973352
v 0.000001 0.048536 10.460500
v 0.000001 1.684684 10.460500
v 0.000001 1.684684 10.973352
v 3.212228 1.684684 9.409364
v 0.000001 0.383238 4.711986
v -1.002790 0.383238 4.711986
v -1.002790 0.048537 4.711986
v 3.937693 0.048537 3.146154
v 3.937693 0.048537 4.748000
v 3.902760 1.684684 9.409364
v 3.902760 1.684685 7.845376
v 3.212228 1.633438 0.785858
v -1.002790 1.684685 3.146154
v -1.002790 1.684685 4.711987
v -1.002790 1.684685 4.711987
v -1.002790 1.684685 3.146154
v -2.965330 1.684684 10.973352
v -4.927871 1.684684 10.973352
v -4.927871 1.684684 10.973352
v -2.965330 1.684684 10.973352
v -1.002790 0.048537 3.146154
v -1.002790 0.048538 1.580322
v -1.002790 1.684686 1.580322
v -1.002790 1.684686 1.580322
v -2.463934 0.048537 7.845376
v -2.463934 0.383238 7.845376
v 0.000001 0.383238 7.845376
v 0.000001 1.684685 4.711987
v -2.463934 1.684685 7.845376
v -2.463934 1.684685 7.845376
v -1.002790 0.383239 1.580322
v 0.000001 0.383239 1.580322
v -1.002790 0.383238 3.146154
v 3.212228 0.383239 0.785858
v 3.106639 0.383239 0.785858
v 3.106639 1.633438 0.785858
v -0.023036 0.048536 11.008199
v -0.023036 0.048536 10.495346
v 3.902760 0.523239 3.006154
v 3.864360 0.523239 3.006154
v 3.864360 1.344463 3.006154
v 3.902760 1.344463 3.006154
v 0.000001 1.684685 4.711987
v 3.902760 0.523237 9.549364
v 3.864360 0.523237 9.549364
v 3.864360 0.523237 10.708894
v 3.902760 0.523237 10.708894
v 0.000001 0.383238 6.278681
v 3.212228 1.684685 7.845376
v 3.902760 1.684685 7.845376
v 1.951381 0.383237 10.973352
v 1.957329 0.383237 11.008199
v 3.937694 0.383237 11.008198
v 3.902761 0.383237 10.973351
v 3.212228 1.684686 1.580322
v 3.902760 0.383239 1.580322
v 3.212228 0.383239 1.580322
v 3.247161 0.048537 6.278681
v 3.247161 0.048537 7.811856
v 0.000001 0.383239 1.123091
v -1.002789 1.684684 10.973352
v -1.002789 1.684684 10.460500
v -1.002789 1.684684 10.460500
v -1.002789 1.684684 10.973352
v -0.336502 0.383239 1.123091
v -0.336502 0.048538 1.123091
v 3.247161 0.383238 6.278681
v 3.212228 0.383238 6.278681
v -0.336502 1.684686 1.123091
v -0.336502 1.684686 1.123091
v 3.212228 1.684685 6.278681
v 3.902760 1.684684 9.409364
v -0.650541 0.523238 7.845376
v -0.650541 0.523238 7.923612
v -0.650541 1.344462 7.923612
v -0.650541 1.344462 7.845376
v -1.002789 0.048536 10.973352
v -2.965330 0.048536 10.973352
v -4.927871 0.048536 10.973352
v -4.927871 0.048537 7.845376
v -1.002789 0.048536 10.460500
v 0.000001 0.523238 6.481462
v 0.042631 0.523238 6.481462
v 0.042631 1.344462 6.481462
v 0.000001 1.344462 6.481462
v -0.023036 0.383237 11.008199
v 0.607677 0.523237 10.973352
v 0.607677 0.523237 10.937155
v 0.607677 1.344462 10.937155
v 0.607677 1.344462 10.973352
v 0.000001 0.523238 4.914767
v 0.042631 0.523238 4.914767
v 0.042631 1.344462 4.914767
v 0.000001 1.344462 4.914767
v 3.212228 0.383238 4.711986
v 3.902760 0.383238 4.711986
v 3.212228 1.344462 6.418681
v 3.173827 1.344462 6.418681
v 3.173827 0.523238 6.418681
v 3.212228 0.523238 6.418681
v 3.106639 0.048538 0.785858
v 3.275604 0.299564 0.785858
v 3.275604 0.383239 0.785858
v 3.247161 0.383239 0.785858
v -4.927871 1.684685 7.429118
v -4.927871 1.684685 7.429118
v -4.927871 0.383237 10.973352
v -4.927871 0.383238 7.429117
v -1.564263 1.344461 10.973352
v -1.564263 1.344461 10.924818
v -1.564263 0.523237 10.924818
v -1.564263 0.523237 10.973352
v -0.023036 0.383237 10.495346
v -2.463934 3.320833 7.845376
v -2.463934 3.320833 7.429118
v -2.463934 3.320833 7.429118
v -2.463934 3.320833 7.845376
v -2.463934 1.684685 7.429118
v -2.965330 0.383237 10.973352
v -2.950849 0.383237 11.008199
v -0.973827 0.383237 11.008199
v -1.002789 0.383237 10.973352
v -1.002789 0.383237 10.460500
v 1.767786 1.344462 10.937155
v 1.767786 1.344462 10.973352
v -0.973827 0.048536 10.495346
v -0.973827 0.048536 11.008199
v 3.864360 1.344463 1.774008
v 3.902760 1.344463 1.774008
v -1.002790 0.523238 3.348797
v -0.960159 0.523238 3.348797
v -0.960159 1.344462 3.348797
v -1.002790 1.344462 3.348797
v 3.937693 0.383238 4.748000
v 3.937693 0.383238 3.146154
v 3.902760 0.383238 3.146154
v 3.902760 0.048538 1.580322
v 0.000001 1.344462 6.075901
v 0.042631 1.344462 6.075901
v 0.042631 0.523238 6.075901
v 0.000001 0.523238 6.075901
v 3.864360 1.344462 10.708894
v 3.902760 1.344462 10.708894
v 3.902760 0.523238 9.269363
v 3.864360 0.523238 9.269363
v 3.864360 1.344461 9.269363
v 3.902760 1.344461 9.269363
v 3.902760 0.048537 7.845376
v 3.902760 0.383237 9.409364
v 3.937693 0.383237 9.409364
v 3.212228 0.523238 4.977411
v 3.212228 1.344463 4.977411
v 3.902760 0.523239 1.774008
v 3.902760 0.523238 8.109833
v 3.902760 1.344463 8.109833
v 3.212228 0.523238 6.138682
v 3.212228 1.344462 6.138682
v 3.902760 1.344462 4.450292
v 3.902760 0.523238 4.450292
v 3.212228 1.344463 7.579951
v 3.212228 0.523238 7.579951
v 3.902760 1.344461 9.549364
v 3.902760 0.523238 3.286155
v 3.902760 1.344463 3.286155
v 3.864360 1.344461 9.549364
v 3.173827 1.344463 7.579951
v 3.173827 0.523238 7.579951
v 3.864360 0.523239 1.774008
v 3.864360 0.523238 4.450292
v 3.864360 0.523238 3.286155
v 3.864360 1.344463 3.286155
v 3.864360 1.344462 4.450292
v 3.173827 1.344463 4.977411
v 3.173827 1.344462 6.138682
v 3.173827 0.523238 6.138682
v 3.173827 0.523238 4.977411
v 3.864360 1.344463 8.109833
v 3.864360 0.523238 8.109833
v 3.937693 0.048537 7.811856
v 3.247161 0.048537 4.748000
v 3.247161 0.383238 4.748000
v 3.937693 0.048538 1.544307
v 3.937693 0.383239 1.544307
v 3.247161 0.383239 1.544307
v 1.957329 0.048536 11.008199
v -4.927871 0.383237 11.008199
v -4.927871 0.048536 11.008199
v -2.950849 0.048536 11.008199
v -0.973827 0.383237 10.495346
v -0.336502 0.383239 0.785858
v 0.258883 0.383239 0.785858
v 0.258883 0.242225 0.785858
v 0.258883 0.048538 0.785858
v -0.336502 0.048538 0.785858
v -0.336502 1.484463 0.785858
v -1.002790 1.344463 1.782964
v -1.002790 0.523239 1.782964
v -1.002790 0.523239 2.943512
v -1.002790 1.344463 2.943512
v 0.000001 0.523238 7.642596
v 0.000001 1.344462 7.642596
v -1.002790 0.523238 4.509345
v -1.002790 1.344462 4.509345
v -0.960159 0.523238 4.509345
v -0.960159 1.344462 4.509345
v 0.042631 0.523238 7.642596
v 0.042631 1.344462 7.642596
v -0.960159 0.523239 1.782964
v -0.960159 0.523239 2.943512
v -0.960159 1.344463 2.943512
v -0.960159 1.344463 1.782964
v 3.293921 0.523237 10.973351
v 3.293921 1.344462 10.973351
v 2.136142 1.344462 10.973352
v 2.136142 0.523237 10.973352
v 1.767786 0.523237 10.973352
v 2.136142 0.523237 10.937155
v 3.293921 0.523237 10.937154
v 3.293921 1.344462 10.937154
v 2.136142 1.344462 10.937155
v 1.767786 0.523237 10.937155
v -3.105330 1.344461 10.973352
v -3.105330 1.344461 10.924818
v -3.105330 0.523237 10.924818
v -3.105330 0.523237 10.973352
v -2.825330 1.344461 10.973352
v -2.825330 0.523237 10.973352
v -4.366397 1.344461 10.973352
v -4.366397 0.523237 10.973352
v -4.366397 1.344461 10.924818
v -4.366397 0.523237 10.924818
v -2.825330 1.344461 10.924818
v -2.825330 0.523237 10.924818
v -1.813392 0.523238 7.845376
v -1.813392 1.344462 7.845376
v -1.813392 0.523238 7.923612
v -1.813392 1.344462 7.923612
v 0.000001 3.320832 10.973353
v 0.000001 3.320832 10.460501
v 0.000001 2.019385 10.460500
v 0.000001 2.019385 10.973352
v 0.000001 3.320833 6.278681
v 0.000001 3.320833 7.845376
v 3.212228 3.320833 7.845376
v 3.212228 3.320833 6.278681
v 3.212228 1.684685 3.146154
v 0.000001 1.684685 3.146154
v 0.000001 3.320833 3.146154
v 3.212228 3.320833 3.146154
v 3.212228 3.320834 1.580323
v 0.000001 3.320834 1.580323
v 0.000001 3.320834 1.123092
v 0.000001 3.320834 1.580323
v 0.000001 3.320834 1.123092
v 3.902760 3.320833 3.146154
v 3.902760 3.320834 1.580323
v 3.902760 3.320834 1.580323
v 3.902760 3.320833 3.146154
v 3.902760 2.019386 7.845376
v 3.937693 2.019386 7.811856
v 3.247161 2.019386 7.811856
v 3.212228 2.019386 7.845376
v 3.212228 3.320833 4.711987
v 3.902760 3.320833 4.711987
v 3.902760 3.320833 4.711987
v 3.212228 3.320833 4.711987
v 3.937693 1.684684 9.409364
v 3.937694 1.684684 11.008198
v 0.000001 3.320833 6.278681
v 0.000001 3.320833 7.845376
v 3.937693 1.684686 1.544307
v 1.951381 3.320832 10.973353
v 3.902761 3.320832 10.973351
v 3.902761 3.320832 10.973351
v 1.951381 3.320832 10.973353
v 3.212228 1.684684 9.409364
v 0.000001 3.320832 10.460501
v 0.000001 3.320832 10.973353
v 3.212228 3.320832 9.409365
v 0.000001 2.019386 4.711987
v -1.002790 2.019386 4.711987
v 3.937693 1.684685 3.146154
v 3.937693 1.684685 4.748001
v 3.902760 3.320832 9.409365
v 3.902760 3.320833 7.845376
v -1.002790 3.320833 3.146154
v -1.002790 3.320833 4.711987
v -1.002790 3.320833 4.711987
v -1.002790 3.320833 3.146154
v -2.965330 3.320832 10.973353
v -4.927871 3.320832 10.973353
v -4.927871 3.320832 10.973353
v -2.965330 3.320832 10.973353
v -1.002790 3.320834 1.580323
v -1.002790 3.320834 1.580323
v -2.463934 2.019386 7.845376
v 0.000001 2.019386 7.845376
v 0.000001 3.320833 4.711987
v -1.002790 2.019387 1.580322
v 0.000001 2.019387 1.580322
v -4.927871 0.048537 7.429117
v -1.002790 2.019387 3.146154
v -0.023036 1.684684 11.008199
v -0.023036 1.684684 10.495346
v 3.902760 2.159387 3.006154
v 3.864360 2.159387 3.006154
v 3.864360 2.980612 3.006155
v 3.902760 2.980612 3.006155
v 0.000001 3.320833 4.711987
v 3.902760 2.159385 9.549364
v 3.864360 2.159385 9.549364
v 3.864360 2.159385 10.708894
v 3.902760 2.159385 10.708894
v 0.000001 2.019386 6.278681
v 3.212228 3.320833 7.845376
v 3.902760 3.320833 7.845376
v 1.951381 2.019385 10.973352
v 1.957329 2.019385 11.008199
v 3.937694 2.019385 11.008198
v 3.902761 2.019385 10.973351
v 3.247161 1.684685 6.278681
v 3.247161 1.684685 7.811856
v 0.000001 2.019387 1.123091
v -1.002789 3.320832 10.973353
v -1.002789 3.320832 10.460501
v -1.002789 3.320832 10.460501
v -1.002789 3.320832 10.973353
v -0.336502 2.019387 1.123091
v 3.247161 2.019386 6.278681
v 3.212228 2.019386 6.278681
v 3.212228 3.320834 1.580323
v -0.336502 2.980612 1.123091
v -0.336502 3.320834 1.123092
v -0.336502 2.980612 0.825565
v -0.336502 3.320834 1.123092
v 3.212228 2.019387 1.580322
v 3.212228 2.159387 1.282154
v 3.212228 3.320833 6.278681
v 3.902760 3.320832 9.409365
v -0.650541 2.159386 7.845376
v -0.650541 2.159386 7.923613
v -0.650541 2.980611 7.923613
v -0.650541 2.980611 7.845376
v 0.000001 2.159386 6.481462
v 0.042631 2.159386 6.481462
v 0.042631 2.980611 6.481462
v 0.000001 2.980611 6.481462
v -0.023036 2.019385 11.008199
v 0.607677 2.159385 10.973352
v 0.607677 2.159385 10.937155
v 0.607677 2.980610 10.937156
v 0.607677 2.980610 10.973353
v 0.000001 2.159386 4.914767
v 0.042631 2.159386 4.914767
v 0.042631 2.980611 4.914767
v 0.000001 2.980611 4.914767
v 3.212228 2.019386 4.711987
v 3.902760 2.019386 4.711987
v 3.212228 2.980611 6.418682
v 3.173827 2.980611 6.418682
v 3.173827 2.159386 6.418682
v 3.212228 2.159386 6.418682
v 3.106639 1.684686 1.123091
v 3.106639 2.019387 1.123091
v -4.927871 3.320833 7.429118
v -4.927871 2.019385 10.973352
v -4.927871 2.019386 7.429118
v -1.564263 2.980610 10.973353
v -1.564263 2.980610 10.924819
v -1.564263 2.159385 10.924818
v -1.564263 2.159385 10.973352
v -0.023036 2.019385 10.495346
v -2.965330 2.019385 10.973352
v -2.950849 2.019385 11.008199
v -0.973827 2.019385 11.008199
v -1.002789 2.019385 10.973352
v -1.002789 2.019385 10.460500
v 1.767786 2.980610 10.937156
v 1.767786 2.980610 10.973353
v -0.973827 1.684684 10.495346
v -0.973827 1.684684 11.008199
v 3.864360 2.980612 1.774009
v 3.902760 2.980612 1.774009
v -1.002790 2.159387 3.348797
v -0.960159 2.159387 3.348797
v -0.960159 2.980612 3.348798
v -1.002790 2.980612 3.348798
v 3.937693 2.019386 4.748001
v 3.937693 2.019387 3.146154
v 3.902760 2.019387 3.146154
v 0.000001 2.980611 6.075902
v 0.042631 2.980611 6.075902
v 0.042631 2.159386 6.075902
v 0.000001 2.159386 6.075902
v 3.864360 2.980610 10.708895
v 3.902760 2.980610 10.708895
v 3.902760 2.159386 9.269363
v 3.864360 2.159386 9.269363
v 3.864360 2.980611 9.269364
v 3.902760 2.980611 9.269364
v 3.902760 2.019386 9.409364
v 3.937693 2.019386 9.409364
v 3.212228 2.159386 4.977411
v 3.212228 2.980611 4.977411
v 3.902760 2.159386 8.109833
v 3.902760 2.980611 8.109834
v 3.902760 2.019387 1.580322
v 3.902760 2.159387 1.774008
v 3.212228 2.159386 6.138682
v 3.212228 2.980611 6.138682
v 3.902760 2.980611 4.450293
v 3.902760 2.159386 4.450293
v 3.212228 2.980611 7.579951
v 3.212228 2.159386 7.579951
v 3.902760 2.980610 9.549365
v 3.902760 2.159387 3.286155
v 3.902760 2.980612 3.286155
v 3.864360 2.980610 9.549365
v 3.173827 2.980611 7.579951
v 3.173827 2.159386 7.579951
v 3.864360 2.159387 1.774008
v 3.864360 2.159386 4.450293
v 3.864360 2.159387 3.286155
v 3.864360 2.980612 3.286155
v 3.864360 2.980611 4.450293
v 3.173827 2.980611 4.977411
v 3.173827 2.980611 6.138682
v 3.173827 2.159386 6.138682
v 3.173827 2.159386 4.977411
v 3.864360 2.980611 8.109834
v 3.864360 2.159386 8.109833
v 3.937693 1.684685 7.811856
v 3.247161 1.684685 4.748001
v 3.247161 2.019386 4.748001
v 3.937693 2.019387 1.544307
v 1.957329 1.684684 11.008199
v -4.927871 2.019385 11.008199
v -4.927871 1.684684 11.008199
v -2.950849 1.684684 11.008199
v -0.973827 2.019385 10.495346
v -0.336502 2.159387 1.123091
v -1.002790 2.980612 1.782964
v -1.002790 2.159387 1.782964
v -1.002790 2.159387 2.943512
v -1.002790 2.980612 2.943512
v 0.000001 2.159386 7.642596
v 0.000001 2.980611 7.642596
v -1.002790 2.159386 4.509346
v -1.002790 2.980611 4.509346
v -0.960159 2.159386 4.509346
v -0.960159 2.980611 4.509346
v 0.042631 2.159386 7.642596
v 0.042631 2.980611 7.642596
v -0.960159 2.159387 1.782964
v -0.960159 2.159387 2.943512
v -0.960159 2.980612 2.943512
v -0.960159 2.980612 1.782964
v 3.293921 2.159385 10.973351
v 3.293921 2.980610 10.973351
v 2.136142 2.980610 10.973353
v 2.136142 2.159385 10.973352
v 1.767786 2.159385 10.973352
v 2.136142 2.159385 10.937155
v 3.293921 2.159385 10.937154
v 3.293921 2.980610 10.937155
v 2.136142 2.980610 10.937156
v 1.767786 2.159385 10.937155
v -3.105330 2.980610 10.973353
v -3.105330 2.980610 10.924819
v -3.105330 2.159385 10.924818
v -3.105330 2.159385 10.973352
v -2.825330 2.980610 10.973353
v -2.825330 2.159385 10.973352
v -4.366397 2.980610 10.973353
v -4.366397 2.159385 10.973352
v -4.366397 2.980610 10.924819
v -4.366397 2.159385 10.924818
v -2.825330 2.980610 10.924819
v -2.825330 2.159385 10.924818
v -1.813392 2.159386 7.845376
v -1.813392 2.980611 7.845376
v -1.813392 2.159386 7.923613
v -1.813392 2.980611 7.923613
v 0.000001 4.956981 10.973353
v 0.000001 4.956981 10.460501
v 0.000001 3.655534 10.460501
v 0.000001 3.655534 10.973353
v 0.000001 4.956982 6.278682
v 0.000001 4.956982 7.845377
v 3.212228 4.956982 7.845377
v 3.212228 4.956982 6.278682
v 3.212228 3.320833 3.146154
v 0.000001 3.320833 3.146154
v 3.902760 4.956982 4.711987
v 3.902760 5.290083 4.711987
v 3.212228 5.290083 4.711987
v 3.212228 4.956982 4.711987
v 3.902760 3.655535 7.845376
v 3.937693 3.655535 7.811856
v 3.247161 3.655535 7.811856
v 3.212228 3.655535 7.845376
v 0.000001 5.290082 10.460501
v 0.000001 5.290082 7.845377
v 3.937693 3.320832 9.409365
v 3.937694 3.320832 11.008199
v 3.247161 3.320834 1.544308
v 3.212228 3.320832 9.409365
v 0.000001 5.290082 10.973353
v 0.000001 3.655535 4.711987
v -1.002790 3.655535 4.711987
v 3.937693 3.320833 3.146154
v 3.937693 3.320833 4.748001
v -1.002790 4.956983 1.580323
v -1.002790 5.290083 1.580323
v 0.000001 5.290083 1.580323
v 0.000001 4.956983 1.580323
v 3.212228 5.218892 1.123092
v -0.336294 5.129753 1.580323
v -0.508077 5.129753 1.580323
v -0.508077 4.956983 1.580323
v -0.336294 4.956983 1.580323
v -2.463934 3.655535 7.845376
v 0.000001 3.655535 7.845376
v 1.951381 4.956981 10.973353
v 1.951381 5.290082 10.973353
v -2.463934 4.956982 7.845377
v -1.002789 4.956982 7.845377
v -1.002790 3.655536 1.580323
v 0.000001 3.655536 1.580323
v -1.002790 3.655535 3.146154
v -0.023036 3.320832 11.008200
v -0.023036 3.320832 10.495347
v 3.902760 3.795536 3.006155
v 3.864360 3.795536 3.006155
v 3.864360 4.616761 3.006155
v 3.902760 4.616761 3.006155
v 0.000001 4.956982 4.711987
v -1.002790 4.956982 4.711987
v 3.902760 3.795534 9.549365
v 3.864360 3.795534 9.549365
v 3.864360 3.795534 10.708895
v 3.902760 3.795534 10.708895
v 0.000001 3.655535 6.278681
v 3.902760 4.956982 7.845377
v 1.951381 3.655534 10.973353
v 1.957329 3.655534 11.008200
v 3.937694 3.655534 11.008199
v 3.902761 3.655534 10.973351
v 3.212228 4.956983 1.580323
v 3.902760 4.956983 1.580323
v 3.902760 3.655536 1.580323
v 3.212228 3.655536 1.580323
v 3.247161 3.320833 6.278681
v 3.247161 3.320833 7.811856
v 0.000001 3.655536 1.123092
v -1.002789 4.956981 10.460501
v -0.336502 3.655536 1.123092
v 3.247161 3.655535 6.278681
v 3.212228 3.655535 6.278681
v 3.425570 5.218892 1.123092
v 3.425570 4.956983 1.580323
v 0.000001 5.218892 1.123092
v -0.336502 5.218892 1.123092
v 3.212228 3.655536 1.374550
v -0.650541 3.795535 7.845376
v -0.650541 3.795535 7.923613
v -0.650541 4.616760 7.923613
v -0.650541 4.616760 7.845377
v 0.000001 3.795535 6.481462
v 0.042631 3.795535 6.481462
v 0.042631 4.616760 6.481463
v 0.000001 4.616760 6.481463
v -0.023036 3.655534 11.008200
v 0.607677 3.795534 10.973353
v 0.607677 3.795534 10.937156
v 0.607677 4.616759 10.937156
v 0.607677 4.616759 10.973353
v 0.000001 3.795535 4.914767
v 0.042631 3.795535 4.914767
v 0.042631 4.616760 4.914768
v 0.000001 4.616760 4.914768
v 3.212228 3.655535 4.711987
v 3.902760 3.655535 4.711987
v 3.212228 4.616760 6.418682
v 3.173827 4.616760 6.418682
v 3.173827 3.795535 6.418682
v 3.212228 3.795535 6.418682
v 3.106639 3.320834 1.123092
v 3.106639 3.655536 1.123092
v -4.927871 3.655534 10.973353
v -4.927871 3.655535 7.429118
v -4.927871 4.956981 10.973353
v -4.927871 4.956982 7.429118
v -1.564263 4.616759 10.973353
v -1.564263 4.616759 10.924819
v -1.564263 3.795534 10.924819
v -1.564263 3.795534 10.973353
v -0.023036 3.655534 10.495347
v -2.463934 3.655535 7.429118
v -2.463934 4.956982 7.429118
v -2.965330 3.655534 10.973353
v -2.950849 3.655534 11.008200
v -0.973827 3.655534 11.008200
v -1.002789 3.655534 10.973353
v -1.002789 3.655534 10.460501
v 1.767786 4.616759 10.937156
v 1.767786 4.616759 10.973353
v -1.002789 4.956981 10.973353
v -0.973827 3.320832 10.495347
v -0.973827 3.320832 11.008200
v 3.864360 4.616761 1.774009
v 3.902760 4.616761 1.774009
v -1.002790 3.795536 3.348798
v -0.960159 3.795536 3.348798
v -0.960159 4.616761 3.348798
v -1.002790 4.616761 3.348798
v 3.937693 3.655535 4.748001
v 3.937693 3.655535 3.146154
v 3.902760 3.655535 3.146154
v 3.212228 5.290083 1.580323
v 3.902760 5.290083 1.580323
v -1.002790 5.290083 4.711987
v -1.002790 5.290083 3.146155
v -1.002790 4.956983 3.146155
v -2.463934 1.684685 7.429118
v -2.463934 2.019386 7.429118
v 0.000001 4.616760 6.075902
v 0.042631 4.616760 6.075902
v 0.042631 3.795535 6.075902
v 0.000001 3.795535 6.075902
v 3.864360 4.616759 10.708895
v 3.902760 4.616759 10.708895
v 3.902760 3.795535 9.269364
v 3.864360 3.795535 9.269364
v 3.864360 4.616760 9.269364
v 3.902760 4.616760 9.269364
v 3.212228 5.290083 1.809476
v 3.212228 5.116776 1.809476
v 3.673606 5.116776 1.809476
v 3.673606 5.290083 1.809476
v 3.902760 3.655535 9.409365
v 3.937693 3.655535 9.409365
v 3.212228 3.795535 4.977411
v 3.212228 4.616760 4.977412
v 3.902760 3.795536 1.774009
v 3.902760 3.795535 8.109834
v 3.902760 4.616760 8.109834
v 3.902760 4.956983 3.146155
v 3.212228 3.795535 6.138682
v 3.212228 4.616760 6.138683
v 3.902760 4.956982 9.409365
v 3.902760 4.616760 4.450293
v 3.902760 3.795535 4.450293
v 3.212228 4.616760 7.579952
v 3.212228 3.795535 7.579951
v 3.902761 4.956981 10.973351
v 3.902760 4.616760 9.549365
v 3.902760 3.795536 3.286156
v 3.902760 4.616761 3.286156
v 3.864360 4.616760 9.549365
v 3.173827 4.616760 7.579952
v 3.173827 3.795535 7.579951
v 3.864360 3.795536 1.774009
v 3.864360 3.795535 4.450293
v 3.864360 3.795536 3.286156
v 3.864360 4.616761 3.286156
v 3.864360 4.616760 4.450293
v 3.173827 4.616760 4.977412
v 3.173827 4.616760 6.138683
v 3.173827 3.795535 6.138682
v 3.173827 3.795535 4.977411
v 3.864360 4.616760 8.109834
v 3.864360 3.795535 8.109834
v 3.247161 3.655536 1.544308
v 3.937693 3.655536 1.544308
v 3.937693 3.320834 1.544308
v 3.937693 3.320833 7.811856
v 3.247161 3.320833 4.748001
v 3.247161 3.655535 4.748001
v 3.247161 3.655536 1.374550
v 1.957329 3.320832 11.008200
v -4.927871 3.655534 11.008200
v -4.927871 3.320832 11.008200
v -2.950849 3.320832 11.008200
v -0.973827 3.655534 10.495347
v -1.002790 4.616761 1.782965
v -1.002790 3.795536 1.782965
v -1.002790 3.795536 2.943513
v -1.002790 4.616761 2.943513
v 0.000001 3.795535 7.642596
v 0.000001 4.616760 7.642597
v -1.002790 3.795535 4.509346
v -1.002790 4.616760 4.509346
v -0.960159 3.795535 4.509346
v -0.960159 4.616760 4.509346
v 0.042631 3.795535 7.642596
v 0.042631 4.616760 7.642597
v -0.960159 3.795536 1.782965
v -0.960159 3.795536 2.943513
v -0.960159 4.616761 2.943513
v -0.960159 4.616761 1.782965
v 3.293921 3.795534 10.973351
v 3.293921 4.616759 10.973351
v 2.136142 4.616759 10.973353
v 2.136142 3.795534 10.973353
v 1.767786 3.795534 10.973353
v 2.136142 3.795534 10.937156
v 3.293921 3.795534 10.937155
v 3.293921 4.616759 10.937155
v 2.136142 4.616759 10.937156
v 1.767786 3.795534 10.937156
v -3.105330 4.616759 10.973353
v -3.105330 4.616759 10.924819
v -3.105330 3.795534 10.924819
v -3.105330 3.795534 10.973353
v -2.965330 4.956981 10.973353
v -2.825330 4.616759 10.973353
v -2.825330 3.795534 10.973353
v -4.366397 4.616759 10.973353
v -4.366397 3.795534 10.973353
v -4.366397 4.616759 10.924819
v -4.366397 3.795534 10.924819
v -2.825330 4.616759 10.924819
v -2.825330 3.795534 10.924819
v -1.813392 3.795535 7.845376
v -1.813392 4.616760 7.845377
v -1.813392 3.795535 7.923613
v -1.813392 4.616760 7.923613
v 3.902760 5.290082 9.409365
v 3.902761 5.290082 10.973351
v -1.002789 5.290082 7.845377
v -1.002789 5.290082 10.460501
v 0.229154 5.290082 10.744201
v 0.229154 5.116774 10.744201
v 0.229154 5.116774 10.460501
v 0.229154 5.290082 10.460501
v -0.773638 5.290083 3.146155
v -0.773638 5.116776 3.146155
v -0.773638 5.116776 1.809476
v -0.773638 5.290083 1.809476
v 3.673606 5.116776 3.146155
v 3.673606 5.290083 3.146155
v 3.673606 5.290082 8.074530
v 3.673606 5.116775 8.074530
v 3.673606 5.116775 9.409365
v 3.673606 5.290082 9.409365
v 0.000001 5.116776 1.809476
v 0.000001 5.290083 1.809476
v 3.673606 5.116775 4.482834
v 3.673606 5.290083 4.482834
v -2.965330 5.290082 10.744201
v -2.965330 5.116774 10.744201
v -4.698717 5.116774 10.744201
v -4.698717 5.290082 10.744201
v 0.000001 5.290083 4.482834
v 0.000001 5.116775 4.482834
v -0.773638 5.116775 4.482834
v -0.773638 5.290083 4.482834
v -2.463934 5.290082 7.845377
v 3.902760 5.290082 7.845377
v 3.212228 5.290082 7.845377
v 3.902760 5.290083 3.146155
v -4.927871 5.290082 10.973353
v -4.927871 5.290082 7.429118
v -1.002789 5.290082 10.973353
v -2.965330 5.290082 10.973353
v 0.000001 5.290083 4.711987
v 3.212228 5.290083 4.482834
v 3.212228 5.290082 8.074530
v 0.229154 5.290082 8.074531
v -4.698717 5.290082 7.698964
v -1.231942 5.290082 10.744201
v -2.733279 5.290082 8.074531
v -2.463934 5.290082 7.429118
v -2.733279 5.290082 7.698964
v -1.231942 5.290082 10.460501
v -1.231942 5.290082 8.074531
v 1.951380 5.290082 10.744201
v 3.673606 5.290082 10.744200
v 0.000001 5.116776 3.146155
v 3.212228 5.116776 3.146155
v 0.229154 5.116775 8.074531
v 1.951380 5.116774 10.744201
v 3.673606 5.116774 10.744200
v 3.212228 5.116775 8.074530
v 3.212228 5.116775 4.482834
v -1.231942 5.116775 8.074531
v -2.733279 5.116775 8.074531
v -1.231942 5.116774 10.744201
v -1.231942 5.116774 10.460501
v -2.733279 5.116775 7.698964
v -4.698717 5.116775 7.698964
v 0.128057 0.242225 0.790496
v 0.258883 1.484463 0.785858
v -2.463934 0.048537 7.429117
v -2.463934 0.383238 7.429117
v 0.000001 5.391662 1.123092
v 3.212228 5.391662 1.123092
v 0.000001 5.129753 1.580323
v 3.212228 5.129753 1.580323
v -0.336502 5.391662 1.123092
v 3.425570 5.129753 1.580323
v 3.425570 5.391662 1.123092
v -0.508285 5.218892 1.123092
v -0.508285 5.391662 1.123092
v 3.157318 2.980612 0.066883
v 3.157318 2.159387 0.066883
v 3.212228 2.980612 1.282154
v 3.157318 2.159387 1.282154
v 3.126568 2.159387 0.066883
v 3.126568 2.159387 1.282154
v 3.157318 2.980612 1.282154
v 3.126568 2.980612 0.066883
v 3.126568 2.980612 1.282154
v 3.391605 0.299564 0.785858
v 3.391605 0.215888 0.785858
v 3.507606 0.132213 0.785858
v 3.507606 0.215888 0.785858
v 3.623606 0.132213 0.785858
v 3.623606 0.048538 0.785858
v 3.247161 4.262764 1.374550
v 3.212228 4.262764 1.374550
v 0.128057 0.145381 0.790496
v -0.017240 0.145381 0.790496
v -0.017240 0.048538 0.790496
v 0.128057 0.048538 0.790496
v -0.266258 2.980612 0.825565
v -0.266258 2.159387 0.825565
v -0.336502 2.159387 0.825565
v -15.279781 0.043057 0.000002
v -15.279781 0.191159 0.000002
v -15.560881 0.191159 0.000002
v -18.371864 0.043057 0.000002
v -15.560881 0.339260 0.000002
v -15.841978 0.339260 0.000002
v -15.841978 0.383239 0.000002
v -15.841978 0.487361 0.000002
v -16.123077 0.487361 0.000002
v -17.247471 0.265209 0.000002
v -16.685274 0.636181 0.000002
v -16.685274 0.784282 0.000002
v -16.966372 0.784282 0.000002
v -16.966372 0.932384 0.000002
v -17.247471 0.932384 0.000002
v -17.528568 1.080485 0.000002
v -17.528568 1.228586 0.000002
v -17.809666 1.228586 0.000002
v -17.247471 1.080485 0.000002
v -17.809666 1.376688 0.000002
v -18.371864 1.378793 0.000002
v -18.371864 0.383239 0.000002
v -16.123077 0.635463 0.000002
v -16.123077 0.487362 -7.183371
v -16.123077 0.635464 -7.183381
v -18.371866 0.043059 -9.438342
v -15.279783 0.043058 -6.340883
v -17.809669 1.376689 -8.870004
v -18.371866 1.378794 -9.438267
v -18.371866 0.383241 -9.438305
v -15.946852 1.080487 -9.607156
v -15.946680 0.932386 -9.607156
v -4.904028 0.932386 -9.607159
v -4.904028 1.080487 -9.607159
v -16.685276 0.636182 -7.747000
v -17.528570 1.080486 -8.591162
v -17.528570 1.228587 -8.591240
v -16.966373 0.932385 -8.029022
v -17.247471 0.932385 -8.306374
v -16.966373 0.784283 -8.028940
v -16.685276 0.784283 -7.747039
v -13.979080 0.043058 -7.641763
v -17.071320 0.043059 -10.739377
v -4.904028 0.043059 -10.739380
v -4.904028 0.043058 -7.641766
v -15.841980 0.339261 -6.901291
v -15.841980 0.383240 -6.901270
v -15.560882 0.191160 -6.619884
v -15.560882 0.339261 -6.619821
v -15.279783 0.191160 -6.340974
v -17.809669 1.228587 -8.870104
v -15.841980 0.487362 -6.901250
v -14.541340 0.383240 -8.202215
v -14.541320 0.339261 -8.202215
v -4.904028 0.339261 -8.202218
v -4.904028 0.383240 -8.202218
v -14.260124 0.339261 -7.920647
v -4.904028 0.339261 -7.920650
v -15.665575 0.784284 -9.329721
v -15.384588 0.784284 -9.047935
v -4.904028 0.784284 -9.047938
v -4.904028 0.784284 -9.329724
v -17.071396 1.378794 -10.739377
v -16.509178 1.376690 -10.171091
v -4.904028 1.376690 -10.171093
v -4.904028 1.378794 -10.739380
v -15.665495 0.932386 -9.329721
v -4.904028 0.932386 -9.329724
v -15.384627 0.636182 -9.047935
v -4.904028 0.636182 -9.047938
v -17.247471 1.080486 -8.306202
v -14.822487 0.487362 -8.484364
v -14.541361 0.487362 -8.202215
v -4.904028 0.487362 -8.202218
v -4.904028 0.487362 -8.484366
v -16.228037 1.080487 -9.892205
v -4.904028 1.080487 -9.892208
v -17.071339 0.383241 -10.739377
v -4.904028 0.383241 -10.739380
v -16.227959 1.228588 -9.892205
v -4.904028 1.228588 -9.892208
v -14.822476 0.635464 -8.484365
v -4.904028 0.635464 -8.484366
v -13.978989 0.191160 -7.641763
v -4.904028 0.191160 -7.641766
v -16.509077 1.228588 -10.171090
v -4.904028 1.228588 -10.171093
v -14.260061 0.191160 -7.920647
v -4.904028 0.191160 -7.920650
v -16.123081 0.635462 7.183386
v -16.123081 0.487360 7.183375
v -15.279783 0.043056 6.340888
v -18.371868 0.043055 9.438346
v -18.371868 1.378790 9.438270
v -17.809669 1.376687 8.870008
v -18.371868 0.383237 9.438309
v -15.946853 1.080483 9.607160
v -4.904029 1.080483 9.607162
v -4.904029 0.932382 9.607162
v -15.946682 0.932382 9.607160
v -16.685276 0.636180 7.747005
v -17.528572 1.228585 8.591245
v -17.528572 1.080484 8.591166
v -17.247475 0.932383 8.306378
v -16.966373 0.932383 8.029025
v -16.966373 0.784281 8.028943
v -16.685276 0.784281 7.747043
v -13.979080 0.043056 7.641767
v -4.904030 0.043056 7.641768
v -4.904030 0.043055 10.739383
v -17.071321 0.043055 10.739381
v -15.841980 0.383238 6.901276
v -15.841980 0.339259 6.901295
v -15.560883 0.339259 6.619824
v -15.560883 0.191158 6.619888
v -15.279783 0.191158 6.340978
v -17.809669 1.228585 8.870108
v -15.841980 0.487360 6.901254
v -14.541340 0.383238 8.202220
v -4.904029 0.383238 8.202222
v -4.904029 0.339259 8.202223
v -14.541321 0.339259 8.202220
v -4.904029 0.339259 7.920653
v -14.260124 0.339259 7.920650
v -15.665575 0.784280 9.329726
v -4.904029 0.784280 9.329727
v -4.904029 0.784281 9.047942
v -15.384589 0.784281 9.047940
v -17.071398 1.378790 10.739381
v -4.904030 1.378790 10.739383
v -4.904030 1.376686 10.171096
v -16.509178 1.376686 10.171095
v -15.665495 0.932382 9.329726
v -4.904029 0.932382 9.329727
v -4.904029 0.636180 9.047943
v -15.384628 0.636180 9.047940
v -17.247475 1.080484 8.306207
v -14.822487 0.487360 8.484368
v -4.904029 0.487360 8.484369
v -4.904029 0.487360 8.202222
v -14.541361 0.487360 8.202220
v -16.228039 1.080483 9.892210
v -4.904029 1.080483 9.892211
v -17.071341 0.383237 10.739381
v -4.904030 0.383237 10.739383
v -16.227959 1.228584 9.892210
v -4.904029 1.228584 9.892211
v -4.904029 0.635462 8.484371
v -14.822477 0.635462 8.484368
v -13.978991 0.191158 7.641767
v -4.904030 0.191158 7.641768
v -16.509079 1.228584 10.171095
v -4.904030 1.228584 10.171096
v -4.904029 0.191158 7.920653
v -14.260061 0.191158 7.920650
v 3.188827 1.284465 -6.478681
v 3.188827 1.284465 -7.519951
v 3.188827 1.344465 -7.579951
v 3.188827 1.344464 -6.418681
v 3.188827 0.583240 -7.519951
v 3.188827 0.583240 -6.478681
v 3.188827 0.523240 -6.418681
v 3.188827 0.523240 -7.579951
v 3.879359 2.920703 -9.595564
v 3.879359 2.920703 -10.103011
v 3.879359 2.980703 -10.103010
v 3.879359 2.980703 -9.537563
v 3.879359 2.920703 -10.163176
v 3.879359 2.920703 -10.670622
v 3.879359 2.980703 -10.728620
v 3.879359 2.980703 -10.163175
v 3.864360 2.920702 -2.946154
v 3.864360 2.980701 -3.006154
v 3.864360 2.159477 -3.006154
v 3.864360 2.219476 -2.946154
v 3.864360 2.920702 -8.148825
v 3.864360 2.980702 -8.090698
v 3.864360 2.980702 -8.657366
v 3.864360 2.920702 -8.657367
v 3.864360 3.855537 -8.148824
v 3.864360 3.795537 -8.090698
v 3.864360 4.616763 -8.090698
v 3.864360 4.556762 -8.148824
v 3.864360 3.795537 -8.657366
v 3.879359 3.795537 -8.657366
v 3.879359 3.795537 -8.090698
v 3.188827 1.284465 -6.078682
v 3.188827 0.583240 -6.078682
v 3.188827 0.523240 -6.138682
v 3.188827 1.344464 -6.138682
v 3.188827 1.284465 -5.037411
v 3.188827 1.344465 -4.977411
v 3.188827 0.583240 -5.037411
v 3.188827 0.523240 -4.977411
v 3.864360 2.980702 -4.462531
v 3.864360 2.980702 -3.897084
v 3.879359 2.980702 -3.897084
v 3.879359 2.980702 -4.462531
v 3.864360 2.980701 -3.271473
v 3.864360 2.159477 -3.271474
v 3.879359 2.159477 -3.271474
v 3.879359 2.980701 -3.271473
v 3.864360 2.920702 -3.329473
v 3.864360 2.920702 -3.836920
v 3.879359 2.920702 -3.836920
v 3.879359 2.920702 -3.329473
v 3.864360 4.616763 -8.657366
v 3.879359 4.616763 -8.090698
v 3.879359 4.616763 -8.657366
v 3.864360 2.219476 -3.329473
v 3.879359 2.219476 -3.329473
v 3.173827 0.583240 -5.037411
v 3.173827 0.523240 -4.977411
v 3.173827 1.344465 -4.977411
v 3.173827 1.284465 -5.037411
v 3.879359 2.980701 -3.006154
v 3.879359 2.159477 -3.006154
v 3.864360 3.795538 -10.728620
v 3.864360 4.616763 -10.728620
v 3.879359 4.616763 -10.728620
v 3.879359 3.795538 -10.728620
v 3.879359 2.219476 -2.358959
v 3.879359 2.219476 -1.834007
v 3.879359 2.159476 -1.774007
v 3.879359 2.159477 -2.358960
v 3.879359 2.219477 -4.404531
v 3.879359 2.219477 -3.897084
v 3.879359 2.159477 -3.897085
v 3.879359 2.159477 -4.462531
v 3.173827 0.583240 -6.078682
v 3.173827 0.523240 -6.138682
v 3.173827 1.344464 -6.138682
v 3.173827 1.284465 -6.078682
v 3.879359 2.219477 -8.657367
v 3.879359 2.159477 -8.657367
v 3.879359 2.159477 -8.717662
v 3.879359 2.219477 -8.717662
v 3.864360 2.219478 -10.103011
v 3.864360 2.219478 -9.595564
v 3.879359 2.219478 -9.595564
v 3.879359 2.219478 -10.103011
v 3.864360 2.980702 -9.284328
v 3.864360 2.980702 -8.717661
v 3.879359 2.980702 -8.717661
v 3.879359 2.980702 -9.284328
v 3.879359 2.219476 -2.946154
v 3.879359 2.920702 -2.946154
v 3.173827 1.284465 -7.519951
v 3.173827 1.344465 -7.579951
v 3.173827 0.523240 -7.579951
v 3.173827 0.583240 -7.519951
v 3.864360 3.795537 -9.284328
v 3.864360 4.616763 -9.284328
v 3.879359 4.616763 -9.284328
v 3.879359 3.795537 -9.284328
v 3.864360 4.616763 -8.717661
v 3.879359 4.616763 -8.717661
v 3.173827 0.523240 -6.418681
v 3.173827 0.583240 -6.478681
v 3.173827 1.284465 -6.478681
v 3.173827 1.344464 -6.418681
v 3.879359 3.855537 -8.657366
v 3.879359 3.855537 -8.148824
v 3.864360 2.219477 -4.404531
v 3.864360 2.159477 -4.462531
v 3.864360 2.159477 -3.897085
v 3.864360 2.219477 -3.897084
v 3.864360 2.159477 -2.421201
v 3.864360 2.219476 -2.421201
v 3.864360 2.920702 -4.404531
v 3.879359 2.920702 -4.404531
v 3.879359 2.219477 -9.226206
v 3.879359 2.159477 -9.284328
v 3.173827 2.219388 -5.037411
v 3.173827 2.159388 -4.977410
v 3.173827 2.980613 -4.977410
v 3.173827 2.920613 -5.037411
v 3.879359 2.159477 -3.836920
v 3.864360 2.159477 -3.836920
v 3.879359 3.855538 -9.595563
v 3.879359 4.556762 -9.595563
v 3.879359 4.616763 -9.537563
v 3.879359 3.795538 -9.537563
v 3.864360 2.980702 -3.836920
v 3.879359 2.980702 -3.836920
v 3.879359 2.920702 -3.897084
v 3.864360 2.920702 -3.897084
v 3.173827 2.219388 -6.078681
v 3.173827 2.159388 -6.138681
v 3.173827 2.980613 -6.138681
v 3.173827 2.920613 -6.078681
v 3.879359 3.855538 -10.670621
v 3.879359 3.855538 -10.163175
v 3.879359 3.795538 -10.163175
v 3.864360 2.920703 -10.163176
v 3.864360 2.920703 -10.670622
v 3.879359 2.920702 -9.226206
v 3.173827 2.920613 -7.519950
v 3.173827 2.980613 -7.579950
v 3.173827 2.159388 -7.579950
v 3.173827 2.219388 -7.519950
v 3.864360 2.159478 -10.103011
v 3.864360 2.159478 -9.537564
v 3.864360 2.980703 -10.103010
v 3.864360 2.980703 -9.537563
v 3.173827 2.159388 -6.418681
v 3.173827 2.219388 -6.478681
v 3.173827 2.920613 -6.478681
v 3.173827 2.980613 -6.418681
v 3.864360 4.556762 -9.226205
v 3.864360 3.855537 -9.226205
v 3.879359 3.855537 -9.226205
v 3.879359 4.556762 -9.226205
v 3.864360 2.920701 -1.834007
v 3.864360 2.980701 -1.774006
v 3.864360 2.980701 -2.358959
v 3.864360 2.920702 -2.358959
v 3.864360 4.556762 -8.657366
v 3.879359 4.556762 -8.657366
v 3.879359 4.556762 -8.148824
v 3.173827 3.855537 -5.037411
v 3.173827 3.795537 -4.977410
v 3.173827 4.616762 -4.977410
v 3.173827 4.556762 -5.037410
v 3.864360 3.855536 -1.834006
v 3.864360 3.795536 -1.774006
v 3.864360 4.616762 -1.774006
v 3.864360 4.556761 -1.834006
v 3.864360 2.219478 -10.670622
v 3.864360 2.219478 -10.163176
v 3.879359 2.219478 -10.163176
v 3.879359 2.219478 -10.670622
v 3.864360 3.795537 -2.358959
v 3.879359 3.795537 -2.358959
v 3.879359 3.795536 -1.774006
v 3.864360 4.616762 -2.358959
v 3.879359 4.616762 -1.774006
v 3.879359 4.616762 -2.358959
v 3.864360 4.556761 -2.946153
v 3.864360 4.616762 -3.006153
v 3.864360 3.795537 -3.006153
v 3.864360 3.855536 -2.946153
v 3.173827 3.855537 -6.078681
v 3.173827 3.795537 -6.138681
v 3.173827 4.616762 -6.138681
v 3.173827 4.556762 -6.078681
v 3.864360 2.980703 -10.163175
v 3.864360 2.920703 -10.103011
v 3.879359 2.920702 -8.717662
v 3.879359 2.980702 -8.657366
v 3.879359 2.920702 -8.657367
v 3.864360 4.616762 -4.462530
v 3.864360 4.616762 -3.897084
v 3.879359 4.616762 -3.897084
v 3.879359 4.616762 -4.462530
v 3.173827 4.556762 -7.519950
v 3.173827 4.616763 -7.579950
v 3.173827 3.795537 -7.579950
v 3.173827 3.855537 -7.519950
v 3.879359 2.159478 -9.537564
v 3.879359 2.159478 -10.103011
v 3.864360 2.219477 -8.148825
v 3.879359 2.920702 -8.148825
v 3.879359 2.219477 -8.148825
v 3.173827 3.795537 -6.418681
v 3.173827 3.855537 -6.478681
v 3.173827 4.556762 -6.478680
v 3.173827 4.616762 -6.418680
v 3.879359 3.855538 -10.103010
v 3.879359 3.795538 -10.103010
v 3.864360 4.556761 -3.329472
v 3.864360 4.556761 -3.836919
v 3.879359 4.556761 -3.836919
v 3.879359 4.556761 -3.329472
v 3.864360 4.616762 -3.271473
v 3.864360 3.795537 -3.271473
v 3.879359 3.795537 -3.271473
v 3.879359 4.616762 -3.271473
v 3.864360 3.855536 -3.329472
v 3.879359 3.855536 -3.329472
v 3.864360 2.920702 -8.717662
v 3.864360 2.159478 -10.163176
v 3.864360 2.159478 -10.728621
v 3.879359 2.159478 -10.728621
v 3.879359 2.159478 -10.163176
v 3.864360 2.159476 -1.774007
v 3.864360 2.159477 -2.358960
v 3.879359 2.980701 -1.774006
v 3.879359 2.980701 -2.358959
v 3.864360 2.219476 -1.834007
v 3.188827 2.219388 -5.037411
v 3.188827 2.920613 -5.037411
v 3.188827 2.980613 -4.977410
v 3.188827 2.159388 -4.977410
v 3.879359 2.219476 -2.421201
v 3.864360 2.219476 -2.358959
v 3.864360 2.920702 -2.421201
v 3.879359 2.920702 -2.421201
v 3.879359 2.159477 -2.421201
v 3.188827 2.219388 -6.078681
v 3.188827 2.159388 -6.138681
v 3.188827 2.920613 -6.078681
v 3.188827 2.980613 -6.138681
v 3.188827 2.920613 -7.519950
v 3.188827 2.219388 -7.519950
v 3.188827 2.159388 -7.579950
v 3.188827 2.980613 -7.579950
v 3.864360 2.219477 -9.226206
v 3.864360 2.159477 -9.284328
v 3.864360 2.159477 -8.717662
v 3.864360 2.219477 -8.717662
v 3.188827 2.219388 -6.478681
v 3.188827 2.159388 -6.418681
v 3.188827 2.920613 -6.478681
v 3.188827 2.980613 -6.418681
v 3.864360 2.920702 -9.226206
v 3.864360 2.980701 -2.421201
v 3.879359 2.980701 -2.421201
v 3.879359 2.920701 -1.834007
v 3.879359 2.920702 -2.358959
v 3.188827 3.855537 -5.037411
v 3.188827 4.556762 -5.037410
v 3.188827 4.616762 -4.977410
v 3.188827 3.795537 -4.977410
v 3.879359 3.855536 -1.834006
v 3.879359 4.556761 -1.834006
v 3.879359 2.159477 -8.090699
v 3.879359 3.855536 -2.946153
v 3.879359 3.855536 -2.421200
v 3.879359 3.795537 -2.421200
v 3.879359 3.795537 -3.006153
v 3.864360 3.855536 -2.358959
v 3.879359 3.855536 -2.358959
v 3.879359 4.556761 -2.946153
v 3.879359 4.616762 -3.006153
v 3.188827 3.855537 -6.078681
v 3.188827 3.795537 -6.138681
v 3.188827 4.556762 -6.078681
v 3.188827 4.616762 -6.138681
v 3.864360 2.920703 -9.595564
v 3.864360 4.556762 -4.404530
v 3.864360 3.795537 -4.462531
v 3.864360 3.855537 -4.404531
v 3.188827 4.556762 -7.519950
v 3.188827 3.855537 -7.519950
v 3.188827 3.795537 -7.579950
v 3.188827 4.616763 -7.579950
v 3.188827 3.855537 -6.478681
v 3.188827 3.795537 -6.418681
v 3.188827 4.556762 -6.478680
v 3.188827 4.616762 -6.418680
v 3.864360 2.980703 -10.728620
v 3.864360 3.795537 -3.836919
v 3.879359 3.795537 -3.836919
v 3.864360 4.616762 -3.836919
v 3.879359 4.616762 -3.836919
v 3.864360 4.616763 -10.163175
v 3.879359 4.616763 -10.163175
v 3.864360 3.855537 -8.657366
v 3.879359 3.855537 -4.404531
v 3.879359 4.556762 -4.404530
v 3.879359 3.855537 -3.836919
v 3.879359 4.556763 -10.670621
v 3.864360 3.795537 -3.897084
v 3.864360 3.855537 -3.897084
v 3.879359 3.855537 -8.717661
v 3.879359 3.795537 -8.717661
v 3.879359 2.219477 -3.836920
v 3.864360 2.219477 -3.836920
v 3.879359 2.980702 -8.090698
v 3.864360 3.795537 -8.717661
v 3.864360 3.855537 -8.717661
v 3.864360 3.795537 -2.421200
v 3.864360 3.855536 -2.421200
v 3.864360 4.556761 -2.358959
v 3.879359 4.556761 -2.358959
v 3.879359 3.795537 -4.462531
v 3.864360 2.159477 -8.657367
v 3.864360 2.219477 -8.657367
v 3.864360 2.159477 -8.090699
v 3.864360 3.855538 -10.670621
v 3.864360 3.795538 -10.163175
v 3.864360 3.855538 -10.163175
v 3.879359 3.855537 -3.897084
v 3.879359 3.795537 -3.897084
v 3.864360 3.855537 -3.836919
v 3.864360 4.556763 -10.670621
v 3.864360 4.616762 -2.421200
v 3.879359 4.616762 -2.421200
v 3.864360 3.855538 -9.595563
v 3.864360 3.795538 -9.537563
v 3.864360 4.616763 -9.537563
v 3.864360 4.556762 -9.595563
v 3.864360 4.616763 -10.103010
v 3.879359 4.616763 -10.103010
v 3.864360 3.795538 -10.103010
v 3.864360 4.556762 -10.103010
v 3.879359 4.556762 -10.103010
v 3.864360 3.855538 -10.103010
v -3.163075 2.920703 -10.952335
v -3.702493 2.920703 -10.952335
v -3.702493 2.980702 -10.952334
v -3.101422 2.980702 -10.952334
v -3.766449 2.920703 -10.952335
v -4.305867 2.920703 -10.952335
v -4.367519 2.980702 -10.952334
v -3.766449 2.980702 -10.952334
v -1.618702 2.920703 -10.937335
v -1.556843 2.980702 -10.937334
v -2.159917 2.980702 -10.937334
v -2.159917 2.920703 -10.937335
v -1.618702 3.855538 -10.937334
v -1.556843 3.795537 -10.937334
v -1.556843 4.616762 -10.937334
v -1.618702 4.556762 -10.937334
v 2.687037 2.219478 -10.937335
v 2.747332 2.219478 -10.937335
v 2.747332 2.920703 -10.937335
v 2.687037 2.920703 -10.937335
v 1.220276 3.855538 -10.937334
v 1.727723 3.855538 -10.937334
v 1.727723 3.855538 -10.952334
v 1.220276 3.855538 -10.952334
v 1.727723 4.556762 -10.937334
v 1.220276 4.556762 -10.937334
v 1.220276 4.556762 -10.952334
v 1.727723 4.556762 -10.952334
v 0.652664 4.556762 -10.937334
v 0.594666 4.616762 -10.937334
v 0.594666 3.795537 -10.937334
v 0.652664 3.855538 -10.937334
v 1.785722 4.616762 -10.937334
v 1.785722 3.795537 -10.937334
v 1.785722 3.795537 -10.952334
v 1.785722 4.616762 -10.952334
v 1.220276 3.795537 -10.937334
v 1.220276 3.795537 -10.952334
v 1.220276 4.616762 -10.937334
v 1.220276 4.616762 -10.952334
v 3.313999 2.159478 -10.937336
v 2.747332 2.159478 -10.937335
v 2.747332 2.159478 -10.952335
v 3.313999 2.159478 -10.952336
v 2.747332 2.980702 -10.937334
v 3.313999 2.980702 -10.937335
v 3.313999 2.980702 -10.952335
v 2.747332 2.980702 -10.952334
v 3.313999 4.616762 -10.937335
v 3.313999 3.795537 -10.937335
v 3.313999 3.795537 -10.952335
v 3.313999 4.616762 -10.952335
v 3.255876 2.219478 -10.937336
v 3.255876 2.219478 -10.952336
v 2.747332 2.219478 -10.952335
v 0.652664 3.855538 -10.952334
v 0.652664 4.556762 -10.952334
v 3.255876 2.920703 -10.937336
v 3.255876 2.920703 -10.952336
v -2.159917 3.795537 -10.937334
v -2.159917 3.795537 -10.952334
v -1.556843 3.795537 -10.952334
v -2.159917 4.616762 -10.937334
v -1.556843 4.616762 -10.952334
v -2.159917 4.616762 -10.952334
v -4.367519 3.795537 -10.937334
v -4.367519 4.616762 -10.937334
v -4.367519 4.616762 -10.952334
v -4.367519 3.795537 -10.952334
v -2.159917 2.219478 -10.952335
v -2.159917 2.159478 -10.952335
v -2.224087 2.159478 -10.952335
v -2.224087 2.219478 -10.952335
v -3.702493 2.219478 -10.937335
v -3.163075 2.219478 -10.937335
v -3.163075 2.219478 -10.952335
v -3.702493 2.219478 -10.952335
v -2.827161 2.980702 -10.937334
v -2.224087 2.980702 -10.937334
v -2.224087 2.980702 -10.952334
v -2.827161 2.980702 -10.952334
v -2.827161 3.795537 -10.937334
v -2.827161 4.616762 -10.937334
v -2.827161 4.616762 -10.952334
v -2.827161 3.795537 -10.952334
v -2.224087 4.616762 -10.937334
v -2.224087 4.616762 -10.952334
v 2.178493 2.219478 -10.937335
v 2.687037 2.219478 -10.952335
v 2.178493 2.219478 -10.952335
v 0.594666 2.159478 -10.937335
v 0.594666 2.980702 -10.937334
v 0.594666 2.980702 -10.952334
v 0.594666 2.159478 -10.952335
v 1.160111 3.795537 -10.937334
v 1.160111 3.855538 -10.937334
v 2.747332 2.920703 -10.952335
v 2.687037 2.159478 -10.937335
v 2.687037 2.920703 -10.952335
v -2.159917 3.855538 -10.952334
v -1.618702 3.855538 -10.952334
v -2.765303 2.219478 -10.952335
v -2.827161 2.159478 -10.952335
v -3.163075 3.855538 -10.952334
v -3.163075 4.556762 -10.952334
v -3.101422 4.616762 -10.952334
v -3.101422 3.795537 -10.952334
v -4.305867 3.855538 -10.952334
v -3.766449 3.855538 -10.952334
v -3.766449 3.795537 -10.952334
v -3.766449 2.920703 -10.937335
v -4.305867 2.920703 -10.937335
v -2.765303 2.920703 -10.952335
v -3.702493 2.159478 -10.937335
v -3.101422 2.159478 -10.937335
v -3.702493 2.980702 -10.937334
v -3.101422 2.980702 -10.937334
v 2.687037 2.159478 -10.952335
v 2.687037 2.980702 -10.952334
v 2.687037 2.980702 -10.937334
v 2.120371 2.159478 -10.937335
v 2.120371 2.159478 -10.952335
v 1.220276 2.219478 -10.952335
v 1.160111 2.219478 -10.952335
v 1.160111 2.920703 -10.952335
v 1.220276 2.920703 -10.952335
v 3.255876 3.855538 -10.937335
v 3.255876 4.556762 -10.937335
v 3.255876 4.556762 -10.952335
v 3.255876 3.855538 -10.952335
v 2.178493 2.920703 -10.937335
v 2.178493 2.920703 -10.952335
v -2.765303 4.556762 -10.937334
v -2.765303 3.855538 -10.937334
v -2.765303 3.855538 -10.952334
v -2.765303 4.556762 -10.952334
v -2.159917 4.556762 -10.937334
v -2.159917 4.556762 -10.952334
v -1.618702 4.556762 -10.952334
v -4.305867 2.219478 -10.937335
v -3.766449 2.219478 -10.937335
v -3.766449 2.219478 -10.952335
v -4.305867 2.219478 -10.952335
v -3.766449 2.980702 -10.937334
v -3.702493 2.920703 -10.937335
v -2.224087 2.920703 -10.952335
v -2.159917 2.980702 -10.952334
v -2.159917 2.920703 -10.952335
v -3.101422 2.159478 -10.952335
v -3.702493 2.159478 -10.952335
v -1.618702 2.219478 -10.937335
v -1.618702 2.920703 -10.952335
v -1.618702 2.219478 -10.952335
v -3.702493 3.855538 -10.952334
v -3.702493 3.795537 -10.952334
v -2.224087 2.920703 -10.937335
v -3.766449 2.159478 -10.937335
v -4.367519 2.159478 -10.937335
v -4.367519 2.159478 -10.952335
v -3.766449 2.159478 -10.952335
v 2.120371 2.980702 -10.937334
v 2.120371 2.980702 -10.952334
v 0.652664 2.920703 -10.952335
v 0.652664 2.219478 -10.952335
v 2.178493 3.855538 -10.937334
v 2.120371 3.795537 -10.937334
v 2.687037 3.795537 -10.937334
v 2.687037 3.855538 -10.937334
v 1.727723 2.219478 -10.937335
v 1.785722 2.159478 -10.937335
v 1.785722 2.980702 -10.937334
v 1.727723 2.920703 -10.937335
v 1.220276 2.159478 -10.937335
v 1.220276 2.159478 -10.952335
v 1.785722 2.159478 -10.952335
v -2.765303 2.219478 -10.937335
v -2.827161 2.159478 -10.937335
v -2.224087 2.159478 -10.937335
v -2.224087 2.219478 -10.937335
v -2.765303 2.920703 -10.937335
v 2.178493 4.556762 -10.937334
v 2.120371 4.616762 -10.937334
v 0.652664 2.920703 -10.937335
v 0.652664 2.219478 -10.937335
v 2.178493 3.855538 -10.952334
v 2.687037 3.855538 -10.952334
v 2.687037 3.795537 -10.952334
v 2.120371 3.795537 -10.952334
v 0.594666 3.795537 -10.952334
v 0.594666 4.616762 -10.952334
v 2.747332 3.855538 -10.937334
v 2.747332 3.855538 -10.952334
v 1.160111 4.616762 -10.937334
v 1.160111 4.616762 -10.952334
v 1.160111 2.920703 -10.937335
v 1.160111 2.980702 -10.937334
v 2.178493 4.556762 -10.952334
v 2.120371 4.616762 -10.952334
v -1.556843 2.159478 -10.952335
v -3.163075 2.920703 -10.937335
v -4.367519 2.980702 -10.937334
v 1.160111 2.980702 -10.952334
v 1.785722 2.980702 -10.952334
v 1.220276 2.920703 -10.937335
v 1.727723 2.920703 -10.952335
v 1.727723 2.219478 -10.952335
v -3.766449 4.616762 -10.937334
v -3.766449 4.616762 -10.952334
v -2.159917 3.855538 -10.937334
v -4.305867 4.556762 -10.952334
v -2.224087 3.855538 -10.952334
v -2.224087 3.795537 -10.952334
v 1.160111 2.159478 -10.952335
v 1.160111 2.159478 -10.937335
v 1.160111 2.219478 -10.937335
v 1.220276 2.980702 -10.937334
v 1.220276 2.980702 -10.952334
v -1.556843 2.980702 -10.952334
v -2.224087 3.795537 -10.937334
v -2.224087 3.855538 -10.937334
v 1.220276 2.219478 -10.937335
v 2.747332 4.556762 -10.937334
v 2.747332 4.556762 -10.952334
v -2.159917 2.159478 -10.937335
v -2.159917 2.219478 -10.937335
v -1.556843 2.159478 -10.937335
v 1.160111 3.855538 -10.952334
v 1.160111 3.795537 -10.952334
v -4.305867 3.855538 -10.937334
v -3.766449 3.795537 -10.937334
v -3.766449 3.855538 -10.937334
v 2.747332 3.795537 -10.952334
v 2.687037 4.616762 -10.937334
v 2.687037 4.616762 -10.952334
v -4.305867 4.556762 -10.937334
v -3.163075 3.855538 -10.937334
v -3.101422 3.795537 -10.937334
v -3.101422 4.616762 -10.937334
v -3.163075 4.556762 -10.937334
v 2.747332 4.616762 -10.937334
v 2.747332 4.616762 -10.952334
v -3.702493 4.616762 -10.937334
v -3.702493 4.616762 -10.952334
v 2.747332 3.795537 -10.937334
v -3.702493 3.795537 -10.937334
v -3.702493 4.556762 -10.937334
v -3.702493 4.556762 -10.952334
v -3.702493 3.855538 -10.937334
v 3.864360 4.556761 -2.421200
v 3.879359 4.556761 -2.421200
v 3.864360 4.556761 -3.897084
v 3.879359 4.556761 -3.897084
v 3.864360 1.284130 -2.946154
v 3.864360 1.344131 -3.006154
v 3.864360 0.522905 -3.006154
v 3.864360 0.582905 -2.946154
v 3.864360 1.344131 -4.462531
v 3.864360 1.344131 -3.897085
v 3.879359 1.344131 -3.897085
v 3.879359 1.344131 -4.462531
v 3.864360 1.344131 -3.271474
v 3.864360 0.522906 -3.271474
v 3.879359 0.522906 -3.271474
v 3.879359 1.344131 -3.271474
v 3.864360 1.284131 -3.329473
v 3.864360 1.284131 -3.836920
v 3.879359 1.284131 -3.836920
v 3.879359 1.284131 -3.329473
v 3.864360 0.582906 -3.329473
v 3.879359 0.582906 -3.329473
v 3.879359 1.344131 -3.006154
v 3.879359 0.522905 -3.006154
v 3.879359 0.582905 -2.358960
v 3.879359 0.582905 -1.834007
v 3.879359 0.522905 -1.774007
v 3.879359 0.522905 -2.358960
v 3.879359 0.582906 -4.404531
v 3.879359 0.582906 -3.897085
v 3.879359 0.522906 -3.897085
v 3.879359 0.522906 -4.462531
v 3.879359 0.582905 -2.946154
v 3.879359 1.284130 -2.946154
v 3.864360 0.582906 -4.404531
v 3.864360 0.522906 -4.462531
v 3.864360 0.522906 -3.897085
v 3.864360 0.582906 -3.897085
v 3.864360 0.522905 -2.421201
v 3.864360 0.582905 -2.421201
v 3.864360 1.284131 -4.404531
v 3.879359 1.284131 -4.404531
v 3.879359 0.522906 -3.836920
v 3.864360 0.522906 -3.836920
v 3.864360 1.344131 -3.836920
v 3.879359 1.344131 -3.836920
v 3.879359 1.284131 -3.897085
v 3.864360 1.284131 -3.897085
v 3.864360 1.284130 -1.834007
v 3.864360 1.344130 -1.774007
v 3.864360 1.344130 -2.358960
v 3.864360 1.284130 -2.358960
v 3.864360 0.522905 -1.774007
v 3.864360 0.522905 -2.358960
v 3.879359 1.344130 -1.774007
v 3.879359 1.344130 -2.358960
v 3.864360 0.582905 -1.834007
v 3.879359 0.582905 -2.421201
v 3.864360 0.582905 -2.358960
v 3.864360 1.284130 -2.421201
v 3.879359 1.284130 -2.421201
v 3.879359 0.522905 -2.421201
v 3.864360 1.344130 -2.421201
v 3.879359 1.344130 -2.421201
v 3.879359 1.284130 -1.834007
v 3.879359 1.284130 -2.358960
v 3.879359 0.582906 -3.836920
v 3.864360 0.582906 -3.836920
v 3.864360 4.556762 -8.717661
v 3.879359 4.556762 -8.717661
v 3.864360 4.556762 -10.163175
v 3.879359 4.556762 -10.163175
v 3.864360 1.284132 -9.226206
v 3.864360 1.344132 -9.284328
v 3.864360 0.522906 -9.284328
v 3.864360 0.582906 -9.226206
v 3.864360 1.344132 -10.728621
v 3.864360 1.344132 -10.163176
v 3.879359 1.344132 -10.163176
v 3.879359 1.344132 -10.728621
v 3.864360 1.344132 -9.537564
v 3.864360 0.522907 -9.537564
v 3.879359 0.522907 -9.537564
v 3.879359 1.344132 -9.537564
v 3.864360 1.284132 -9.595564
v 3.864360 1.284132 -10.103011
v 3.879359 1.284132 -10.103011
v 3.879359 1.284132 -9.595564
v 3.864360 0.582907 -9.595564
v 3.879359 0.582907 -9.595564
v 3.879359 1.344132 -9.284328
v 3.879359 0.522906 -9.284328
v 3.879359 0.582906 -8.657367
v 3.879359 0.582906 -8.148825
v 3.879359 0.522906 -8.090699
v 3.879359 0.522906 -8.657367
v 3.879359 0.582907 -10.670622
v 3.879359 0.582907 -10.163176
v 3.879359 0.522907 -10.163176
v 3.879359 0.522907 -10.728621
v 3.879359 0.582906 -9.226206
v 3.879359 1.284132 -9.226206
v 3.864360 0.582907 -10.670622
v 3.864360 0.522907 -10.728621
v 3.864360 0.522907 -10.163176
v 3.864360 0.582907 -10.163176
v 3.864360 0.522906 -8.717662
v 3.864360 0.582906 -8.717662
v 3.864360 1.284132 -10.670622
v 3.879359 1.284132 -10.670622
v 3.879359 0.522907 -10.103011
v 3.864360 0.522907 -10.103011
v 3.864360 1.344132 -10.103011
v 3.879359 1.344132 -10.103011
v 3.879359 1.284132 -10.163176
v 3.864360 1.284132 -10.163176
v 3.864360 1.284131 -8.148825
v 3.864360 1.344131 -8.090699
v 3.864360 1.344131 -8.657367
v 3.864360 1.284131 -8.657367
v 3.864360 0.522906 -8.090699
v 3.864360 0.522906 -8.657367
v 3.879359 1.344131 -8.090699
v 3.879359 1.344131 -8.657367
v 3.864360 0.582906 -8.148825
v 3.879359 0.582906 -8.717662
v 3.864360 0.582906 -8.657367
v 3.864360 1.284131 -8.717662
v 3.879359 1.284131 -8.717662
v 3.879359 0.522906 -8.717662
v 3.864360 1.344131 -8.717662
v 3.879359 1.344131 -8.717662
v 3.879359 1.284131 -8.148825
v 3.879359 1.284131 -8.657367
v 3.879359 0.582907 -10.103011
v 3.864360 0.582907 -10.103011
v 2.687037 4.556762 -10.937334
v 2.687037 4.556762 -10.952334
v 1.160111 4.556762 -10.937334
v 1.160111 4.556762 -10.952334
v 2.178493 1.284132 -10.937335
v 2.120371 1.344132 -10.937335
v 2.120371 0.522907 -10.937335
v 2.178493 0.582907 -10.937335
v 0.594666 1.344132 -10.937335
v 1.160111 1.344132 -10.937335
v 1.160111 1.344132 -10.952335
v 0.594666 1.344132 -10.952335
v 1.785722 1.344132 -10.937335
v 1.785722 0.522907 -10.937335
v 1.785722 0.522907 -10.952335
v 1.785722 1.344132 -10.952335
v 1.727723 1.284132 -10.937335
v 1.220276 1.284132 -10.937335
v 1.220276 1.284132 -10.952335
v 1.727723 1.284132 -10.952335
v 1.727723 0.582907 -10.937335
v 1.727723 0.582907 -10.952335
v 2.120371 1.344132 -10.952335
v 2.120371 0.522907 -10.952335
v 2.747332 0.582907 -10.952335
v 3.255876 0.582907 -10.952336
v 3.313999 0.522907 -10.952336
v 2.747332 0.522907 -10.952335
v 0.652664 0.582907 -10.952335
v 1.160111 0.582907 -10.952335
v 1.160111 0.522907 -10.952335
v 0.594666 0.522907 -10.952335
v 2.178493 0.582907 -10.952335
v 2.178493 1.284132 -10.952335
v 0.652664 0.582907 -10.937335
v 0.594666 0.522907 -10.937335
v 1.160111 0.522907 -10.937335
v 1.160111 0.582907 -10.937335
v 2.687037 0.522907 -10.937335
v 2.687037 0.582907 -10.937335
v 0.652664 1.284132 -10.937335
v 0.652664 1.284132 -10.952335
v 1.220276 0.522907 -10.952335
v 1.220276 0.522907 -10.937335
v 1.220276 1.344132 -10.937335
v 1.220276 1.344132 -10.952335
v 1.160111 1.284132 -10.952335
v 1.160111 1.284132 -10.937335
v 3.255876 1.284132 -10.937336
v 3.313999 1.344132 -10.937336
v 2.747332 1.344132 -10.937335
v 2.747332 1.284132 -10.937335
v 3.313999 0.522907 -10.937336
v 2.747332 0.522907 -10.937335
v 3.313999 1.344132 -10.952336
v 2.747332 1.344132 -10.952335
v 3.255876 0.582907 -10.937336
v 2.687037 0.582907 -10.952335
v 2.747332 0.582907 -10.937335
v 2.687037 1.284132 -10.937335
v 2.687037 1.284132 -10.952335
v 2.687037 0.522907 -10.952335
v 2.687037 1.344132 -10.937335
v 2.687037 1.344132 -10.952335
v 3.255876 1.284132 -10.952336
v 2.747332 1.284132 -10.952335
v 1.220276 0.582907 -10.952335
v 1.220276 0.582907 -10.937335
v 3.125312 2.920701 -1.231261
v 3.125312 2.980701 -1.291262
v 3.125312 2.159476 -1.291262
v 3.125312 2.219476 -1.231262
v 3.140311 2.980701 -1.291262
v 3.140311 2.159476 -1.291262
v 3.140311 2.219476 -0.644069
v 3.140311 2.219476 -0.119115
v 3.140311 2.159476 -0.059116
v 3.140311 2.159476 -0.644069
v 3.140311 2.219476 -1.231262
v 3.140311 2.920701 -1.231261
v 3.125312 2.159476 -0.706309
v 3.125312 2.219476 -0.706309
v 3.125312 2.920701 -0.119115
v 3.125312 2.980701 -0.059116
v 3.125312 2.980701 -0.644069
v 3.125312 2.920701 -0.644069
v 3.125312 2.159476 -0.059116
v 3.125312 2.159476 -0.644069
v 3.140311 2.980701 -0.059116
v 3.140311 2.980701 -0.644069
v 3.125312 2.219476 -0.119115
v 3.140311 2.219476 -0.706309
v 3.125312 2.219476 -0.644069
v 3.125312 2.920701 -0.706309
v 3.140311 2.920701 -0.706309
v 3.140311 2.159476 -0.706309
v 3.125312 2.980701 -0.706309
v 3.140311 2.980701 -0.706309
v 3.140311 2.920701 -0.119115
v 3.140311 2.920701 -0.644069
v 3.125311 1.572611 -0.726029
v 3.125311 1.632611 -0.786029
v 3.125311 0.381218 -0.786029
v 3.125311 0.441218 -0.726029
v 3.140311 1.632611 -0.786029
v 3.140311 0.381218 -0.786029
v 3.140311 0.441218 -0.726029
v 3.140311 1.572611 -0.726029
v 3.125311 0.381218 -0.067786
v 3.125311 0.441218 -0.067786
v 3.140311 0.441218 -0.067786
v 3.125311 1.572611 -0.067786
v 3.140311 1.572611 -0.067786
v 3.140311 0.381218 -0.067786
v 3.125311 1.632611 -0.067786
v 3.140311 1.632611 -0.067786
v 3.125311 1.572611 -0.005545
v 3.125311 1.632611 -0.005545
v 3.140311 0.441218 -0.005545
v 3.140311 1.572611 -0.005545
v 3.140311 1.632611 -0.005545
v 3.125311 0.441218 -0.005545
v 3.125311 0.381218 -0.005545
v 3.140311 0.381218 -0.005545
v 3.140311 0.832471 -0.018542
v 3.140311 1.181358 -0.018542
v 3.140311 1.181358 -0.054789
v 3.140311 0.832471 -0.054789
v 3.161463 1.181358 -0.043248
v 3.174629 1.181358 -0.030083
v 3.174629 1.181358 -0.181944
v 3.161463 1.181358 -0.181944
v 3.161463 0.832471 -0.043248
v 3.174629 0.832471 -0.030083
v 3.174629 0.832471 -0.181944
v 3.161463 0.832471 -0.181944
v 0.257253 1.428960 -0.726029
v 0.257253 0.297567 -0.726029
v 0.257253 0.237567 -0.786029
v 0.257253 1.488960 -0.786029
v 0.242253 0.237567 -0.786029
v 0.242253 1.488960 -0.786029
v 0.242253 1.428960 -0.726029
v 0.242253 0.297567 -0.726029
v 0.257253 0.297567 -0.067786
v 0.257253 0.237567 -0.067786
v 0.242253 0.297567 -0.067786
v 0.242253 1.428960 -0.067786
v 0.257253 1.428960 -0.067786
v 0.242253 0.237567 -0.067786
v 0.257253 1.488960 -0.067786
v 0.242253 1.488960 -0.067786
v 0.257253 1.488960 -0.005545
v 0.257253 1.428960 -0.005545
v 0.242253 0.297567 -0.005545
v 0.242253 1.428960 -0.005545
v 0.242253 1.488960 -0.005545
v 0.257253 0.297567 -0.005545
v 0.257253 0.237567 -0.005545
v 0.242253 0.237567 -0.005545
v 0.242253 0.688820 -0.018542
v 0.242253 0.688820 -0.054789
v 0.242253 1.037707 -0.054789
v 0.242253 1.037707 -0.018542
v 0.221101 1.037707 -0.043248
v 0.221101 1.037707 -0.181944
v 0.207934 1.037707 -0.181944
v 0.207934 1.037707 -0.030083
v 0.207934 0.688820 -0.030083
v 0.221101 0.688820 -0.043248
v 0.207934 0.688820 -0.181944
v 0.221101 0.688820 -0.181944
v -2.224087 4.556762 -10.937334
v -2.224087 4.556762 -10.952334
v -3.766449 4.556762 -10.937334
v -3.766449 4.556762 -10.952334
v -2.765303 1.284132 -10.937335
v -2.827161 1.344132 -10.937335
v -2.827161 0.522907 -10.937335
v -2.765303 0.582907 -10.937335
v -4.367519 1.344132 -10.937335
v -3.766449 1.344132 -10.937335
v -3.766449 1.344132 -10.952335
v -4.367519 1.344132 -10.952335
v -3.101422 1.344132 -10.937335
v -3.101422 0.522907 -10.937335
v -3.101422 0.522907 -10.952335
v -3.101422 1.344132 -10.952335
v -3.163075 1.284132 -10.937335
v -3.702493 1.284132 -10.937335
v -3.702493 1.284132 -10.952335
v -3.163075 1.284132 -10.952335
v -3.163075 0.582907 -10.937335
v -3.163075 0.582907 -10.952335
v -2.827161 1.344132 -10.952335
v -2.827161 0.522907 -10.952335
v -2.159917 0.582907 -10.952335
v -1.618702 0.582907 -10.952335
v -1.556843 0.522907 -10.952335
v -2.159917 0.522907 -10.952335
v -4.305867 0.582907 -10.952335
v -3.766449 0.582907 -10.952335
v -3.766449 0.522907 -10.952335
v -4.367519 0.522907 -10.952335
v -2.765303 0.582907 -10.952335
v -2.765303 1.284132 -10.952335
v -4.305867 0.582907 -10.937335
v -4.367519 0.522907 -10.937335
v -3.766449 0.522907 -10.937335
v -3.766449 0.582907 -10.937335
v -2.224087 0.522907 -10.937335
v -2.224087 0.582907 -10.937335
v -4.305867 1.284132 -10.937335
v -4.305867 1.284132 -10.952335
v -3.702493 0.522907 -10.952335
v -3.702493 0.522907 -10.937335
v -3.702493 1.344132 -10.937335
v -3.702493 1.344132 -10.952335
v -3.766449 1.284132 -10.952335
v -3.766449 1.284132 -10.937335
v -1.618702 1.284132 -10.937335
v -1.556843 1.344132 -10.937335
v -2.159917 1.344132 -10.937335
v -2.159917 1.284132 -10.937335
v -1.556843 0.522907 -10.937335
v -2.159917 0.522907 -10.937335
v -1.556843 1.344132 -10.952335
v -2.159917 1.344132 -10.952335
v -1.618702 0.582907 -10.937335
v -2.224087 0.582907 -10.952335
v -2.159917 0.582907 -10.937335
v -2.224087 1.284132 -10.937335
v -2.224087 1.284132 -10.952335
v -2.224087 0.522907 -10.952335
v -2.224087 1.344132 -10.937335
v -2.224087 1.344132 -10.952335
v -1.618702 1.284132 -10.952335
v -2.159917 1.284132 -10.952335
v -3.702493 0.582907 -10.952335
v -3.702493 0.582907 -10.937335
v -0.959578 2.920702 -2.920716
v -0.959578 2.219476 -2.920716
v -0.959578 2.159477 -2.980716
v -0.959578 2.980701 -2.980716
v -0.959578 2.980702 -4.524062
v -0.974578 2.980702 -4.524062
v -0.974578 2.980702 -3.958616
v -0.959578 2.980702 -3.958616
v -0.959578 2.980701 -3.333004
v -0.974578 2.980701 -3.333004
v -0.974578 2.159477 -3.333004
v -0.959578 2.159477 -3.333004
v -0.959578 2.920702 -3.391002
v -0.974578 2.920702 -3.391002
v -0.974578 2.920702 -3.898451
v -0.959578 2.920702 -3.898451
v -0.959578 2.219476 -3.391002
v -0.974578 2.219476 -3.391002
v -0.974578 2.159477 -2.980716
v -0.974578 2.980701 -2.980716
v -0.974578 2.219476 -2.333523
v -0.974578 2.159477 -2.333523
v -0.974578 2.159476 -1.748570
v -0.974578 2.219476 -1.808570
v -0.974578 2.219477 -4.466063
v -0.974578 2.159477 -4.524062
v -0.974578 2.159477 -3.958616
v -0.974578 2.219477 -3.958616
v -0.974578 2.920702 -2.920716
v -0.974578 2.219476 -2.920716
v -0.959578 2.219477 -4.466063
v -0.959578 2.219477 -3.958616
v -0.959578 2.159477 -3.958616
v -0.959578 2.159477 -4.524062
v -0.959578 2.219476 -2.395762
v -0.959578 2.159477 -2.395763
v -0.959578 2.920702 -4.466063
v -0.974578 2.920702 -4.466063
v -0.959578 2.159477 -3.898451
v -0.974578 2.159477 -3.898451
v -0.959578 2.980702 -3.898451
v -0.974578 2.980702 -3.898451
v -0.974578 2.920702 -3.958616
v -0.959578 2.920702 -3.958616
v -0.959578 2.920701 -1.808570
v -0.959578 2.920702 -2.333523
v -0.959578 2.980701 -2.333523
v -0.959578 2.980701 -1.748569
v -0.959578 3.855536 -1.808569
v -0.959578 4.556761 -1.808569
v -0.959578 4.616762 -1.748569
v -0.959578 3.795536 -1.748569
v -0.974578 3.795536 -1.748569
v -0.974578 3.795537 -2.333522
v -0.959578 3.795537 -2.333522
v -0.959578 4.616762 -2.333522
v -0.974578 4.616762 -2.333522
v -0.974578 4.616762 -1.748569
v -0.959578 4.556761 -2.920715
v -0.959578 3.855536 -2.920715
v -0.959578 3.795537 -2.980715
v -0.959578 4.616762 -2.980715
v -0.959578 4.616762 -4.524061
v -0.974578 4.616762 -4.524061
v -0.974578 4.616762 -3.958615
v -0.959578 4.616762 -3.958615
v -0.959578 4.556761 -3.391002
v -0.974578 4.556761 -3.391002
v -0.974578 4.556761 -3.898450
v -0.959578 4.556761 -3.898450
v -0.959578 4.616762 -3.333003
v -0.974578 4.616762 -3.333003
v -0.974578 3.795537 -3.333003
v -0.959578 3.795537 -3.333003
v -0.959578 3.855536 -3.391002
v -0.974578 3.855536 -3.391002
v -0.959578 2.159476 -1.748570
v -0.959578 2.159477 -2.333523
v -0.974578 2.980701 -2.333523
v -0.974578 2.980701 -1.748569
v -0.959578 2.219476 -1.808570
v -0.974578 2.219476 -2.395762
v -0.959578 2.219476 -2.333523
v -0.974578 2.920702 -2.395762
v -0.959578 2.920702 -2.395762
v -0.974578 2.159477 -2.395763
v -0.959578 2.980701 -2.395762
v -0.974578 2.980701 -2.395762
v -0.974578 2.920701 -1.808570
v -0.974578 2.920702 -2.333523
v -0.974578 3.855536 -1.808569
v -0.974578 4.556761 -1.808569
v -0.974578 3.855536 -2.920715
v -0.974578 3.795537 -2.980715
v -0.974578 3.795537 -2.395762
v -0.974578 3.855536 -2.395762
v -0.959578 3.855536 -2.333522
v -0.974578 3.855536 -2.333522
v -0.974578 4.556761 -2.920715
v -0.974578 4.616762 -2.980715
v -0.959578 4.556762 -4.466062
v -0.959578 3.855537 -4.466063
v -0.959578 3.795537 -4.524062
v -0.974578 3.795537 -3.898450
v -0.959578 3.795537 -3.898450
v -0.959578 4.616762 -3.898450
v -0.974578 4.616762 -3.898450
v -0.974578 4.556762 -4.466062
v -0.974578 3.855537 -4.466063
v -0.974578 3.855537 -3.898450
v -0.959578 3.855537 -3.958615
v -0.959578 3.795537 -3.958615
v -0.974578 2.219477 -3.898451
v -0.959578 2.219477 -3.898451
v -0.959578 3.855536 -2.395762
v -0.959578 3.795537 -2.395762
v -0.974578 4.556761 -2.333522
v -0.959578 4.556761 -2.333522
v -0.974578 3.795537 -4.524062
v -0.974578 3.795537 -3.958615
v -0.974578 3.855537 -3.958615
v -0.959578 3.855537 -3.898450
v -0.974578 4.616762 -2.395762
v -0.959578 4.616762 -2.395762
v -0.959578 4.556761 -2.395762
v -0.974578 4.556761 -2.395762
v -0.959578 4.556761 -3.958615
v -0.974578 4.556761 -3.958615
v -0.959578 1.284130 -2.920716
v -0.959578 0.582905 -2.920716
v -0.959578 0.522905 -2.980716
v -0.959578 1.344131 -2.980716
v -0.959578 1.344131 -4.524062
v -0.974578 1.344131 -4.524062
v -0.974578 1.344131 -3.958616
v -0.959578 1.344131 -3.958616
v -0.959578 1.344131 -3.333004
v -0.974578 1.344131 -3.333004
v -0.974578 0.522906 -3.333004
v -0.959578 0.522906 -3.333004
v -0.959578 1.284131 -3.391003
v -0.974578 1.284131 -3.391003
v -0.974578 1.284131 -3.898451
v -0.959578 1.284131 -3.898451
v -0.959578 0.582906 -3.391003
v -0.974578 0.582906 -3.391003
v -0.974578 0.522905 -2.980716
v -0.974578 1.344131 -2.980716
v -0.974578 0.582905 -2.333523
v -0.974578 0.522905 -2.333523
v -0.974578 0.522905 -1.748570
v -0.974578 0.582905 -1.808570
v -0.974578 0.582906 -4.466063
v -0.974578 0.522906 -4.524062
v -0.974578 0.522906 -3.958616
v -0.974578 0.582906 -3.958616
v -0.974578 1.284130 -2.920716
v -0.974578 0.582905 -2.920716
v -0.959578 0.582906 -4.466063
v -0.959578 0.582906 -3.958616
v -0.959578 0.522906 -3.958616
v -0.959578 0.522906 -4.524062
v -0.959578 0.582905 -2.395763
v -0.959578 0.522905 -2.395763
v -0.959578 1.284131 -4.466063
v -0.974578 1.284131 -4.466063
v -0.959578 0.522906 -3.898451
v -0.974578 0.522906 -3.898451
v -0.959578 1.344131 -3.898451
v -0.974578 1.344131 -3.898451
v -0.974578 1.284131 -3.958616
v -0.959578 1.284131 -3.958616
v -0.959578 1.284130 -1.808570
v -0.959578 1.284130 -2.333523
v -0.959578 1.344130 -2.333523
v -0.959578 1.344130 -1.748570
v -0.959578 0.522905 -1.748570
v -0.959578 0.522905 -2.333523
v -0.974578 1.344130 -2.333523
v -0.974578 1.344130 -1.748570
v -0.959578 0.582905 -1.808570
v -0.974578 0.582905 -2.395763
v -0.959578 0.582905 -2.333523
v -0.974578 1.284130 -2.395763
v -0.959578 1.284130 -2.395763
v -0.974578 0.522905 -2.395763
v -0.959578 1.344130 -2.395763
v -0.974578 1.344130 -2.395763
v -0.974578 1.284130 -1.808570
v -0.974578 1.284130 -2.333523
v -0.974578 0.582906 -3.898451
v -0.959578 0.582906 -3.898451
v -0.268075 2.920701 -0.783406
v -0.268075 2.219476 -0.783407
v -0.268075 2.159476 -0.843407
v -0.268075 2.980701 -0.843406
v -0.283075 2.159476 -0.843407
v -0.283075 2.980701 -0.843406
v -0.283075 2.219476 -0.393661
v -0.283075 2.159476 -0.393661
v -0.283075 2.159476 -0.003613
v -0.283075 2.219476 -0.063613
v -0.283075 2.920701 -0.783406
v -0.283075 2.219476 -0.783407
v -0.268075 2.219476 -0.455902
v -0.268075 2.159476 -0.455902
v -0.268075 2.920701 -0.063613
v -0.268075 2.920701 -0.393661
v -0.268075 2.980701 -0.393661
v -0.268075 2.980701 -0.003613
v -0.268075 2.159476 -0.003613
v -0.268075 2.159476 -0.393661
v -0.283075 2.980701 -0.393661
v -0.283075 2.980701 -0.003613
v -0.268075 2.219476 -0.063613
v -0.283075 2.219476 -0.455902
v -0.268075 2.219476 -0.393661
v -0.283075 2.920701 -0.455902
v -0.268075 2.920701 -0.455902
v -0.283075 2.159476 -0.455902
v -0.268075 2.980701 -0.455902
v -0.283075 2.980701 -0.455902
v -0.283075 2.920701 -0.063613
v -0.283075 2.920701 -0.393661
v 3.188827 1.284463 6.478681
v 3.188827 1.344462 6.418681
v 3.188827 1.344463 7.579951
v 3.188827 1.284463 7.519951
v 3.188827 0.583238 7.519951
v 3.188827 0.523238 7.579951
v 3.188827 0.523238 6.418681
v 3.188827 0.583238 6.478681
v 3.879359 2.920699 9.595564
v 3.879359 2.980699 9.537565
v 3.879359 2.980699 10.103012
v 3.879359 2.920699 10.103011
v 3.879359 2.920699 10.163176
v 3.879359 2.980699 10.163177
v 3.879359 2.980699 10.728621
v 3.879359 2.920699 10.670622
v 3.864360 2.920701 2.946155
v 3.864360 2.219476 2.946155
v 3.864360 2.159476 3.006154
v 3.864360 2.980700 3.006155
v 3.864360 2.920700 8.148825
v 3.864360 2.920700 8.657367
v 3.864360 2.980700 8.657368
v 3.864360 2.980700 8.090700
v 3.864360 3.855535 8.148826
v 3.864360 4.556759 8.148826
v 3.864360 4.616760 8.090700
v 3.864360 3.795535 8.090700
v 3.879359 3.795535 8.090700
v 3.879359 3.795535 8.657368
v 3.864360 3.795535 8.657368
v 3.188827 1.284463 6.078682
v 3.188827 1.344462 6.138682
v 3.188827 0.523238 6.138682
v 3.188827 0.583238 6.078682
v 3.188827 1.284463 5.037411
v 3.188827 1.344463 4.977411
v 3.188827 0.523238 4.977411
v 3.188827 0.583238 5.037411
v 3.864360 2.980700 4.462532
v 3.879359 2.980700 4.462532
v 3.879359 2.980700 3.897085
v 3.864360 2.980700 3.897085
v 3.864360 2.980700 3.271474
v 3.879359 2.980700 3.271474
v 3.879359 2.159476 3.271474
v 3.864360 2.159476 3.271474
v 3.864360 2.920701 3.329473
v 3.879359 2.920701 3.329473
v 3.879359 2.920700 3.836920
v 3.864360 2.920700 3.836920
v 3.864360 4.616760 8.657368
v 3.879359 4.616760 8.657368
v 3.879359 4.616760 8.090700
v 3.864360 2.219476 3.329473
v 3.879359 2.219476 3.329473
v 3.173827 0.583238 5.037411
v 3.173827 1.284463 5.037411
v 3.173827 1.344463 4.977411
v 3.173827 0.523238 4.977411
v 3.879359 2.159476 3.006154
v 3.879359 2.980700 3.006155
v 3.864360 3.795534 10.728621
v 3.879359 3.795534 10.728621
v 3.879359 4.616759 10.728621
v 3.864360 4.616759 10.728621
v 3.879359 2.219476 2.358962
v 3.879359 2.159476 2.358961
v 3.879359 2.159476 1.774008
v 3.879359 2.219476 1.834008
v 3.879359 2.219475 4.404531
v 3.879359 2.159475 4.462532
v 3.879359 2.159475 3.897085
v 3.879359 2.219475 3.897085
v 3.173827 0.583238 6.078682
v 3.173827 0.523238 6.138682
v 3.173827 1.284463 6.078682
v 3.173827 1.344462 6.138682
v 3.879359 2.219475 8.657367
v 3.879359 2.219475 8.717662
v 3.879359 2.159475 8.717662
v 3.879359 2.159475 8.657367
v 3.864360 2.219474 10.103011
v 3.879359 2.219474 10.103011
v 3.879359 2.219474 9.595564
v 3.864360 2.219474 9.595564
v 3.864360 2.980700 9.284329
v 3.879359 2.980700 9.284329
v 3.879359 2.980700 8.717663
v 3.864360 2.980700 8.717663
v 3.879359 2.920701 2.946155
v 3.879359 2.219476 2.946155
v 3.173827 1.284463 7.519951
v 3.173827 0.583238 7.519951
v 3.173827 0.523238 7.579951
v 3.173827 1.344463 7.579951
v 3.864360 3.795535 9.284329
v 3.879359 3.795535 9.284329
v 3.879359 4.616760 9.284329
v 3.864360 4.616760 9.284329
v 3.879359 4.616760 8.717663
v 3.864360 4.616760 8.717663
v 3.173827 0.583238 6.478681
v 3.173827 0.523238 6.418681
v 3.173827 1.284463 6.478681
v 3.173827 1.344462 6.418681
v 3.879359 3.855535 8.657368
v 3.879359 3.855535 8.148826
v 3.864360 2.219475 4.404531
v 3.864360 2.219475 3.897085
v 3.864360 2.159475 3.897085
v 3.864360 2.159475 4.462532
v 3.864360 2.219476 2.421201
v 3.864360 2.159476 2.421201
v 3.864360 2.920700 4.404531
v 3.879359 2.920700 4.404531
v 3.879359 2.219475 9.226206
v 3.879359 2.159475 9.284328
v 3.173827 2.219386 5.037412
v 3.173827 2.920611 5.037412
v 3.173827 2.980611 4.977411
v 3.173827 2.159386 4.977411
v 3.864360 2.159475 3.836920
v 3.879359 2.159475 3.836920
v 3.879359 3.855534 9.595565
v 3.879359 3.795534 9.537565
v 3.879359 4.616760 9.537565
v 3.879359 4.556759 9.595565
v 3.864360 2.980700 3.836920
v 3.879359 2.980700 3.836920
v 3.879359 2.920700 3.897085
v 3.864360 2.920700 3.897085
v 3.173827 2.219386 6.078682
v 3.173827 2.159386 6.138682
v 3.173827 2.920611 6.078682
v 3.173827 2.980611 6.138682
v 3.879359 3.855534 10.670623
v 3.879359 3.795534 10.163177
v 3.879359 3.855534 10.163177
v 3.864360 2.920699 10.163176
v 3.864360 2.920699 10.670622
v 3.879359 2.920700 9.226206
v 3.173827 2.920611 7.519951
v 3.173827 2.219386 7.519951
v 3.173827 2.159386 7.579951
v 3.173827 2.980611 7.579951
v 3.864360 2.159474 9.537564
v 3.864360 2.159474 10.103011
v 3.864360 2.980699 10.103012
v 3.864360 2.980699 9.537565
v 3.173827 2.219386 6.478682
v 3.173827 2.159386 6.418682
v 3.173827 2.920611 6.478682
v 3.173827 2.980611 6.418682
v 3.864360 4.556759 9.226207
v 3.879359 4.556759 9.226207
v 3.879359 3.855535 9.226207
v 3.864360 3.855535 9.226207
v 3.864360 2.920701 1.834008
v 3.864360 2.920701 2.358962
v 3.864360 2.980700 2.358962
v 3.864360 2.980701 1.774009
v 3.879359 4.556759 8.148826
v 3.879359 4.556759 8.657368
v 3.864360 4.556759 8.657368
v 3.173827 3.855535 5.037412
v 3.173827 4.556760 5.037412
v 3.173827 4.616760 4.977412
v 3.173827 3.795535 4.977411
v 3.864360 3.855536 1.834009
v 3.864360 4.556760 1.834009
v 3.864360 4.616761 1.774009
v 3.864360 3.795536 1.774009
v 3.864360 2.219474 10.670622
v 3.879359 2.219474 10.670622
v 3.879359 2.219474 10.163176
v 3.864360 2.219474 10.163176
v 3.879359 3.795536 1.774009
v 3.879359 3.795536 2.358962
v 3.864360 3.795536 2.358962
v 3.864360 4.616761 2.358962
v 3.879359 4.616761 2.358962
v 3.879359 4.616761 1.774009
v 3.864360 4.556760 2.946155
v 3.864360 3.855536 2.946155
v 3.864360 3.795536 3.006155
v 3.864360 4.616761 3.006155
v 3.173827 3.855535 6.078682
v 3.173827 3.795535 6.138682
v 3.173827 4.556760 6.078683
v 3.173827 4.616760 6.138683
v 3.864360 2.980699 10.163177
v 3.864360 2.920699 10.103011
v 3.879359 2.920700 8.717662
v 3.879359 2.920700 8.657367
v 3.879359 2.980700 8.657368
v 3.864360 4.616760 4.462532
v 3.879359 4.616760 4.462532
v 3.879359 4.616761 3.897086
v 3.864360 4.616761 3.897086
v 3.173827 4.556759 7.519952
v 3.173827 3.855535 7.519951
v 3.173827 3.795535 7.579951
v 3.173827 4.616760 7.579952
v 3.879359 2.159474 10.103011
v 3.879359 2.159474 9.537564
v 3.864360 2.219475 8.148825
v 3.879359 2.219475 8.148825
v 3.879359 2.920700 8.148825
v 3.173827 3.855535 6.478682
v 3.173827 3.795535 6.418682
v 3.173827 4.556760 6.478682
v 3.173827 4.616760 6.418682
v 3.879359 3.855534 10.103012
v 3.879359 3.795534 10.103012
v 3.864360 4.556760 3.329474
v 3.879359 4.556760 3.329474
v 3.879359 4.556760 3.836921
v 3.864360 4.556760 3.836921
v 3.864360 4.616761 3.271475
v 3.879359 4.616761 3.271475
v 3.879359 3.795536 3.271475
v 3.864360 3.795536 3.271475
v 3.864360 3.855536 3.329474
v 3.879359 3.855536 3.329474
v 3.864360 2.920700 8.717662
v 3.864360 2.159474 10.163176
v 3.879359 2.159474 10.163176
v 3.879359 2.159474 10.728621
v 3.864360 2.159474 10.728621
v 3.864360 2.159476 1.774008
v 3.864360 2.159476 2.358961
v 3.879359 2.980700 2.358962
v 3.879359 2.980701 1.774009
v 3.864360 2.219476 1.834008
v 3.188827 2.219386 5.037412
v 3.188827 2.159386 4.977411
v 3.188827 2.980611 4.977411
v 3.188827 2.920611 5.037412
v 3.879359 2.219476 2.421201
v 3.864360 2.219476 2.358962
v 3.879359 2.920701 2.421201
v 3.864360 2.920701 2.421201
v 3.879359 2.159476 2.421201
v 3.188827 2.219386 6.078682
v 3.188827 2.159386 6.138682
v 3.188827 2.980611 6.138682
v 3.188827 2.920611 6.078682
v 3.188827 2.920611 7.519951
v 3.188827 2.980611 7.579951
v 3.188827 2.159386 7.579951
v 3.188827 2.219386 7.519951
v 3.864360 2.219475 9.226206
v 3.864360 2.219475 8.717662
v 3.864360 2.159475 8.717662
v 3.864360 2.159475 9.284328
v 3.188827 2.159386 6.418682
v 3.188827 2.219386 6.478682
v 3.188827 2.920611 6.478682
v 3.188827 2.980611 6.418682
v 3.864360 2.920700 9.226206
v 3.864360 2.980700 2.421201
v 3.879359 2.980700 2.421201
v 3.879359 2.920701 1.834008
v 3.879359 2.920701 2.358962
v 3.188827 3.855535 5.037412
v 3.188827 3.795535 4.977411
v 3.188827 4.616760 4.977412
v 3.188827 4.556760 5.037412
v 3.879359 3.855536 1.834009
v 3.879359 4.556760 1.834009
v 3.879359 2.159475 8.090699
v 3.879359 3.855536 2.946155
v 3.879359 3.795536 3.006155
v 3.879359 3.795536 2.421202
v 3.879359 3.855536 2.421202
v 3.864360 3.855536 2.358962
v 3.879359 3.855536 2.358962
v 3.879359 4.556760 2.946155
v 3.879359 4.616761 3.006155
v 3.188827 3.855535 6.078682
v 3.188827 3.795535 6.138682
v 3.188827 4.616760 6.138683
v 3.188827 4.556760 6.078683
v 3.864360 2.920699 9.595564
v 3.864360 4.556760 4.404532
v 3.864360 3.855535 4.404531
v 3.864360 3.795535 4.462532
v 3.188827 4.556759 7.519952
v 3.188827 4.616760 7.579952
v 3.188827 3.795535 7.579951
v 3.188827 3.855535 7.519951
v 3.188827 3.795535 6.418682
v 3.188827 3.855535 6.478682
v 3.188827 4.556760 6.478682
v 3.188827 4.616760 6.418682
v 3.864360 2.980699 10.728621
v 3.879359 3.795535 3.836921
v 3.864360 3.795535 3.836921
v 3.864360 4.616761 3.836921
v 3.879359 4.616761 3.836921
v 3.879359 4.616760 10.163177
v 3.864360 4.616760 10.163177
v 3.864360 3.855535 8.657368
v 3.879359 4.556760 4.404532
v 3.879359 3.855535 4.404531
v 3.879359 3.855535 3.836921
v 3.879359 4.556759 10.670623
v 3.864360 3.855535 3.897086
v 3.864360 3.795535 3.897086
v 3.879359 3.795535 8.717663
v 3.879359 3.855535 8.717663
v 3.879359 2.219475 3.836920
v 3.864360 2.219475 3.836920
v 3.879359 2.980700 8.090700
v 3.864360 3.855535 8.717663
v 3.864360 3.795535 8.717663
v 3.864360 3.855536 2.421202
v 3.864360 3.795536 2.421202
v 3.879359 4.556760 2.358962
v 3.864360 4.556760 2.358962
v 3.879359 3.795535 4.462532
v 3.864360 2.159475 8.657367
v 3.864360 2.219475 8.657367
v 3.864360 2.159475 8.090699
v 3.864360 3.855534 10.670623
v 3.864360 3.855534 10.163177
v 3.864360 3.795534 10.163177
v 3.879359 3.795535 3.897086
v 3.879359 3.855535 3.897086
v 3.864360 3.855535 3.836921
v 3.864360 4.556759 10.670623
v 3.879359 4.616761 2.421202
v 3.864360 4.616761 2.421202
v 3.864360 3.855534 9.595565
v 3.864360 4.556759 9.595565
v 3.864360 4.616760 9.537565
v 3.864360 3.795534 9.537565
v 3.864360 4.616760 10.103012
v 3.879359 4.616760 10.103012
v 3.864360 3.795534 10.103012
v 3.879359 4.556759 10.103012
v 3.864360 4.556759 10.103012
v 3.864360 3.855534 10.103012
v -3.163074 2.920699 10.952337
v -3.101421 2.980698 10.952338
v -3.702492 2.980698 10.952338
v -3.702492 2.920699 10.952337
v -3.766448 2.920699 10.952337
v -3.766448 2.980698 10.952338
v -4.367518 2.980698 10.952338
v -4.305866 2.920699 10.952337
v -1.618701 2.920699 10.937337
v -2.159916 2.920699 10.937337
v -2.159916 2.980698 10.937338
v -1.556842 2.980698 10.937338
v -1.618701 3.855534 10.937338
v -1.618701 4.556758 10.937338
v -1.556842 4.616758 10.937338
v -1.556842 3.795533 10.937338
v 2.687039 2.219474 10.937337
v 2.687039 2.920699 10.937337
v 2.747334 2.920699 10.937337
v 2.747334 2.219474 10.937337
v 1.220278 3.855534 10.937338
v 1.220278 3.855534 10.952338
v 1.727725 3.855534 10.952338
v 1.727725 3.855534 10.937338
v 1.727725 4.556758 10.937338
v 1.727725 4.556758 10.952338
v 1.220278 4.556758 10.952338
v 1.220278 4.556758 10.937338
v 0.652666 4.556758 10.937338
v 0.652666 3.855534 10.937338
v 0.594667 3.795533 10.937338
v 0.594667 4.616758 10.937338
v 1.785724 4.616758 10.937338
v 1.785724 4.616758 10.952338
v 1.785724 3.795533 10.952338
v 1.785724 3.795533 10.937338
v 1.220278 3.795533 10.952338
v 1.220278 3.795533 10.937338
v 1.220278 4.616758 10.937338
v 1.220278 4.616758 10.952338
v 3.314001 2.159474 10.937336
v 3.314001 2.159474 10.952336
v 2.747334 2.159474 10.952337
v 2.747334 2.159474 10.937337
v 2.747334 2.980698 10.937338
v 2.747334 2.980698 10.952338
v 3.314001 2.980698 10.952337
v 3.314001 2.980698 10.937337
v 3.314001 4.616758 10.937337
v 3.314001 4.616758 10.952337
v 3.314001 3.795533 10.952337
v 3.314001 3.795533 10.937337
v 2.747334 2.219474 10.952337
v 3.255877 2.219474 10.952336
v 3.255877 2.219474 10.937336
v 0.652666 4.556758 10.952338
v 0.652666 3.855534 10.952338
v 3.255877 2.920699 10.937336
v 3.255877 2.920699 10.952336
v -1.556842 3.795533 10.952338
v -2.159916 3.795533 10.952338
v -2.159916 3.795533 10.937338
v -2.159916 4.616758 10.937338
v -2.159916 4.616758 10.952338
v -1.556842 4.616758 10.952338
v -4.367518 3.795533 10.937338
v -4.367518 3.795533 10.952338
v -4.367518 4.616758 10.952338
v -4.367518 4.616758 10.937338
v -2.159916 2.219474 10.952337
v -2.224086 2.219474 10.952337
v -2.224086 2.159474 10.952337
v -2.159916 2.159474 10.952337
v -3.702492 2.219474 10.937337
v -3.702492 2.219474 10.952337
v -3.163074 2.219474 10.952337
v -3.163074 2.219474 10.937337
v -2.827160 2.980698 10.937338
v -2.827160 2.980698 10.952338
v -2.224086 2.980698 10.952338
v -2.224086 2.980698 10.937338
v -2.827160 3.795533 10.937338
v -2.827160 3.795533 10.952338
v -2.827160 4.616758 10.952338
v -2.827160 4.616758 10.937338
v -2.224086 4.616758 10.952338
v -2.224086 4.616758 10.937338
v 2.178495 2.219474 10.937337
v 2.178495 2.219474 10.952337
v 2.687039 2.219474 10.952337
v 0.594667 2.159474 10.937337
v 0.594667 2.159474 10.952337
v 0.594667 2.980698 10.952338
v 0.594667 2.980698 10.937338
v 1.160113 3.855534 10.937338
v 1.160113 3.795533 10.937338
v 2.747334 2.920699 10.952337
v 2.687039 2.159474 10.937337
v 2.687039 2.920699 10.952337
v -2.159916 3.855534 10.952338
v -1.618701 3.855534 10.952338
v -2.765302 2.219474 10.952337
v -2.827160 2.159474 10.952337
v -3.163074 3.855534 10.952338
v -3.101421 3.795533 10.952338
v -3.101421 4.616758 10.952338
v -3.163074 4.556758 10.952338
v -4.305866 3.855534 10.952338
v -3.766448 3.795533 10.952338
v -3.766448 3.855534 10.952338
v -3.766448 2.920699 10.937337
v -4.305866 2.920699 10.937337
v -2.765302 2.920699 10.952337
v -3.101421 2.159474 10.937337
v -3.702492 2.159474 10.937337
v -3.702492 2.980698 10.937338
v -3.101421 2.980698 10.937338
v 2.687039 2.159474 10.952337
v 2.687039 2.980698 10.937338
v 2.687039 2.980698 10.952338
v 2.120373 2.159474 10.952337
v 2.120373 2.159474 10.937337
v 1.220278 2.219474 10.952337
v 1.220278 2.920699 10.952337
v 1.160113 2.920699 10.952337
v 1.160113 2.219474 10.952337
v 3.255877 3.855534 10.937337
v 3.255877 3.855534 10.952337
v 3.255877 4.556758 10.952337
v 3.255877 4.556758 10.937337
v 2.178495 2.920699 10.952337
v 2.178495 2.920699 10.937337
v -2.765302 4.556758 10.937338
v -2.765302 4.556758 10.952338
v -2.765302 3.855534 10.952338
v -2.765302 3.855534 10.937338
v -1.618701 4.556758 10.952338
v -2.159916 4.556758 10.952338
v -2.159916 4.556758 10.937338
v -4.305866 2.219474 10.937337
v -4.305866 2.219474 10.952337
v -3.766448 2.219474 10.952337
v -3.766448 2.219474 10.937337
v -3.766448 2.980698 10.937338
v -3.702492 2.920699 10.937337
v -2.224086 2.920699 10.952337
v -2.159916 2.920699 10.952337
v -2.159916 2.980698 10.952338
v -3.702492 2.159474 10.952337
v -3.101421 2.159474 10.952337
v -1.618701 2.219474 10.937337
v -1.618701 2.219474 10.952337
v -1.618701 2.920699 10.952337
v -3.702492 3.855534 10.952338
v -3.702492 3.795533 10.952338
v -2.224086 2.920699 10.937337
v -3.766448 2.159474 10.937337
v -3.766448 2.159474 10.952337
v -4.367518 2.159474 10.952337
v -4.367518 2.159474 10.937337
v 2.120373 2.980698 10.937338
v 2.120373 2.980698 10.952338
v 0.652666 2.920699 10.952337
v 0.652666 2.219474 10.952337
v 2.178495 3.855534 10.937338
v 2.687039 3.855534 10.937338
v 2.687039 3.795533 10.937338
v 2.120373 3.795533 10.937338
v 1.727725 2.219474 10.937337
v 1.727725 2.920699 10.937337
v 1.785724 2.980698 10.937338
v 1.785724 2.159474 10.937337
v 1.785724 2.159474 10.952337
v 1.220278 2.159474 10.952337
v 1.220278 2.159474 10.937337
v -2.765302 2.219474 10.937337
v -2.224086 2.219474 10.937337
v -2.224086 2.159474 10.937337
v -2.827160 2.159474 10.937337
v -2.765302 2.920699 10.937337
v 2.178495 4.556758 10.937338
v 2.120373 4.616758 10.937338
v 0.652666 2.920699 10.937337
v 0.652666 2.219474 10.937337
v 2.178495 3.855534 10.952338
v 2.120373 3.795533 10.952338
v 2.687039 3.795533 10.952338
v 2.687039 3.855534 10.952338
v 0.594667 4.616758 10.952338
v 0.594667 3.795533 10.952338
v 2.747334 3.855534 10.937338
v 2.747334 3.855534 10.952338
v 1.160113 4.616758 10.952338
v 1.160113 4.616758 10.937338
v 1.160113 2.920699 10.937337
v 1.160113 2.980698 10.937338
v 2.178495 4.556758 10.952338
v 2.120373 4.616758 10.952338
v -1.556842 2.159474 10.952337
v -3.163074 2.920699 10.937337
v -4.367518 2.980698 10.937338
v 1.160113 2.980698 10.952338
v 1.785724 2.980698 10.952338
v 1.727725 2.920699 10.952337
v 1.220278 2.920699 10.937337
v 1.727725 2.219474 10.952337
v -3.766448 4.616758 10.952338
v -3.766448 4.616758 10.937338
v -2.159916 3.855534 10.937338
v -4.305866 4.556758 10.952338
v -2.224086 3.795533 10.952338
v -2.224086 3.855534 10.952338
v 1.160113 2.159474 10.952337
v 1.160113 2.219474 10.937337
v 1.160113 2.159474 10.937337
v 1.220278 2.980698 10.937338
v 1.220278 2.980698 10.952338
v -1.556842 2.980698 10.952338
v -2.224086 3.855534 10.937338
v -2.224086 3.795533 10.937338
v 1.220278 2.219474 10.937337
v 2.747334 4.556758 10.952338
v 2.747334 4.556758 10.937338
v -2.159916 2.159474 10.937337
v -2.159916 2.219474 10.937337
v -1.556842 2.159474 10.937337
v 1.160113 3.795533 10.952338
v 1.160113 3.855534 10.952338
v -4.305866 3.855534 10.937338
v -3.766448 3.855534 10.937338
v -3.766448 3.795533 10.937338
v 2.747334 3.795533 10.952338
v 2.687039 4.616758 10.952338
v 2.687039 4.616758 10.937338
v -4.305866 4.556758 10.937338
v -3.163074 3.855534 10.937338
v -3.163074 4.556758 10.937338
v -3.101421 4.616758 10.937338
v -3.101421 3.795533 10.937338
v 2.747334 4.616758 10.937338
v 2.747334 4.616758 10.952338
v -3.702492 4.616758 10.937338
v -3.702492 4.616758 10.952338
v 2.747334 3.795533 10.937338
v -3.702492 3.795533 10.937338
v -3.702492 4.556758 10.952338
v -3.702492 4.556758 10.937338
v -3.702492 3.855534 10.937338
v 3.864360 4.556760 2.421202
v 3.879359 4.556760 2.421202
v 3.864360 4.556760 3.897086
v 3.879359 4.556760 3.897086
v 3.864360 1.284130 2.946154
v 3.864360 0.582905 2.946154
v 3.864360 0.522905 3.006154
v 3.864360 1.344130 3.006154
v 3.864360 1.344129 4.462531
v 3.879359 1.344129 4.462531
v 3.879359 1.344129 3.897085
v 3.864360 1.344129 3.897085
v 3.864360 1.344130 3.271474
v 3.879359 1.344130 3.271474
v 3.879359 0.522904 3.271474
v 3.864360 0.522904 3.271474
v 3.864360 1.284129 3.329473
v 3.879359 1.284129 3.329473
v 3.879359 1.284129 3.836920
v 3.864360 1.284129 3.836920
v 3.864360 0.582904 3.329473
v 3.879359 0.582904 3.329473
v 3.879359 0.522905 3.006154
v 3.879359 1.344130 3.006154
v 3.879359 0.582905 2.358961
v 3.879359 0.522905 2.358961
v 3.879359 0.522905 1.774008
v 3.879359 0.582905 1.834008
v 3.879359 0.582904 4.404531
v 3.879359 0.522904 4.462531
v 3.879359 0.522904 3.897085
v 3.879359 0.582904 3.897085
v 3.879359 1.284130 2.946154
v 3.879359 0.582905 2.946154
v 3.864360 0.582904 4.404531
v 3.864360 0.582904 3.897085
v 3.864360 0.522904 3.897085
v 3.864360 0.522904 4.462531
v 3.864360 0.582905 2.421201
v 3.864360 0.522905 2.421201
v 3.864360 1.284129 4.404531
v 3.879359 1.284129 4.404531
v 3.864360 0.522904 3.836920
v 3.879359 0.522904 3.836920
v 3.864360 1.344129 3.836920
v 3.879359 1.344129 3.836920
v 3.879359 1.284129 3.897085
v 3.864360 1.284129 3.897085
v 3.864360 1.284130 1.834008
v 3.864360 1.284130 2.358961
v 3.864360 1.344130 2.358961
v 3.864360 1.344130 1.774008
v 3.864360 0.522905 1.774008
v 3.864360 0.522905 2.358961
v 3.879359 1.344130 2.358961
v 3.879359 1.344130 1.774008
v 3.864360 0.582905 1.834008
v 3.879359 0.582905 2.421201
v 3.864360 0.582905 2.358961
v 3.879359 1.284130 2.421201
v 3.864360 1.284130 2.421201
v 3.879359 0.522905 2.421201
v 3.864360 1.344130 2.421201
v 3.879359 1.344130 2.421201
v 3.879359 1.284130 1.834008
v 3.879359 1.284130 2.358961
v 3.879359 0.582904 3.836920
v 3.864360 0.582904 3.836920
v 3.864360 4.556759 8.717663
v 3.879359 4.556759 8.717663
v 3.864360 4.556759 10.163177
v 3.879359 4.556759 10.163177
v 3.864360 1.284128 9.226206
v 3.864360 0.582904 9.226206
v 3.864360 0.522904 9.284328
v 3.864360 1.344128 9.284328
v 3.864360 1.344128 10.728621
v 3.879359 1.344128 10.728621
v 3.879359 1.344128 10.163176
v 3.864360 1.344128 10.163176
v 3.864360 1.344128 9.537564
v 3.879359 1.344128 9.537564
v 3.879359 0.522903 9.537564
v 3.864360 0.522903 9.537564
v 3.864360 1.284128 9.595564
v 3.879359 1.284128 9.595564
v 3.879359 1.284128 10.103011
v 3.864360 1.284128 10.103011
v 3.864360 0.582903 9.595564
v 3.879359 0.582903 9.595564
v 3.879359 0.522904 9.284328
v 3.879359 1.344128 9.284328
v 3.879359 0.582904 8.657367
v 3.879359 0.522904 8.657367
v 3.879359 0.522904 8.090699
v 3.879359 0.582904 8.148825
v 3.879359 0.582903 10.670622
v 3.879359 0.522903 10.728621
v 3.879359 0.522903 10.163176
v 3.879359 0.582903 10.163176
v 3.879359 1.284128 9.226206
v 3.879359 0.582904 9.226206
v 3.864360 0.582903 10.670622
v 3.864360 0.582903 10.163176
v 3.864360 0.522903 10.163176
v 3.864360 0.522903 10.728621
v 3.864360 0.582904 8.717662
v 3.864360 0.522904 8.717662
v 3.864360 1.284128 10.670622
v 3.879359 1.284128 10.670622
v 3.864360 0.522903 10.103011
v 3.879359 0.522903 10.103011
v 3.864360 1.344128 10.103011
v 3.879359 1.344128 10.103011
v 3.879359 1.284128 10.163176
v 3.864360 1.284128 10.163176
v 3.864360 1.284129 8.148825
v 3.864360 1.284129 8.657367
v 3.864360 1.344129 8.657367
v 3.864360 1.344129 8.090699
v 3.864360 0.522904 8.090699
v 3.864360 0.522904 8.657367
v 3.879359 1.344129 8.657367
v 3.879359 1.344129 8.090699
v 3.864360 0.582904 8.148825
v 3.879359 0.582904 8.717662
v 3.864360 0.582904 8.657367
v 3.879359 1.284129 8.717662
v 3.864360 1.284129 8.717662
v 3.879359 0.522904 8.717662
v 3.864360 1.344129 8.717662
v 3.879359 1.344129 8.717662
v 3.879359 1.284129 8.148825
v 3.879359 1.284129 8.657367
v 3.879359 0.582903 10.103011
v 3.864360 0.582903 10.103011
v 2.687039 4.556758 10.937338
v 2.687039 4.556758 10.952338
v 1.160113 4.556758 10.937338
v 1.160113 4.556758 10.952338
v 2.178495 1.284128 10.937337
v 2.178495 0.582903 10.937337
v 2.120373 0.522903 10.937337
v 2.120373 1.344128 10.937337
v 0.594667 1.344128 10.937337
v 0.594667 1.344128 10.952337
v 1.160113 1.344128 10.952337
v 1.160113 1.344128 10.937337
v 1.785724 1.344128 10.937337
v 1.785724 1.344128 10.952337
v 1.785724 0.522903 10.952337
v 1.785724 0.522903 10.937337
v 1.727725 1.284128 10.937337
v 1.727725 1.284128 10.952337
v 1.220278 1.284128 10.952337
v 1.220278 1.284128 10.937337
v 1.727725 0.582903 10.937337
v 1.727725 0.582903 10.952337
v 2.120373 0.522903 10.952337
v 2.120373 1.344128 10.952337
v 2.747334 0.582903 10.952337
v 2.747334 0.522903 10.952337
v 3.314001 0.522903 10.952336
v 3.255877 0.582903 10.952336
v 0.652666 0.582903 10.952337
v 0.594667 0.522903 10.952337
v 1.160113 0.522903 10.952337
v 1.160113 0.582903 10.952337
v 2.178495 1.284128 10.952337
v 2.178495 0.582903 10.952337
v 0.652666 0.582903 10.937337
v 1.160113 0.582903 10.937337
v 1.160113 0.522903 10.937337
v 0.594667 0.522903 10.937337
v 2.687039 0.582903 10.937337
v 2.687039 0.522903 10.937337
v 0.652666 1.284128 10.937337
v 0.652666 1.284128 10.952337
v 1.220278 0.522903 10.937337
v 1.220278 0.522903 10.952337
v 1.220278 1.344128 10.937337
v 1.220278 1.344128 10.952337
v 1.160113 1.284128 10.952337
v 1.160113 1.284128 10.937337
v 3.255877 1.284128 10.937336
v 2.747334 1.284128 10.937337
v 2.747334 1.344128 10.937337
v 3.314001 1.344128 10.937336
v 3.314001 0.522903 10.937336
v 2.747334 0.522903 10.937337
v 2.747334 1.344128 10.952337
v 3.314001 1.344128 10.952336
v 3.255877 0.582903 10.937336
v 2.687039 0.582903 10.952337
v 2.747334 0.582903 10.937337
v 2.687039 1.284128 10.952337
v 2.687039 1.284128 10.937337
v 2.687039 0.522903 10.952337
v 2.687039 1.344128 10.937337
v 2.687039 1.344128 10.952337
v 3.255877 1.284128 10.952336
v 2.747334 1.284128 10.952337
v 1.220278 0.582903 10.952337
v 1.220278 0.582903 10.937337
v 3.125312 2.920701 1.231262
v 3.125312 2.219476 1.231262
v 3.125312 2.159476 1.291262
v 3.125312 2.980701 1.291263
v 3.140311 2.159476 1.291262
v 3.140311 2.980701 1.291263
v 3.140311 2.219476 0.644069
v 3.140311 2.159476 0.644069
v 3.140311 2.159476 0.059116
v 3.140311 2.219476 0.119116
v 3.140311 2.920701 1.231262
v 3.140311 2.219476 1.231262
v 3.125312 2.219476 0.706309
v 3.125312 2.159476 0.706309
v 3.125312 2.920701 0.119116
v 3.125312 2.920701 0.644069
v 3.125312 2.980701 0.644069
v 3.125312 2.980701 0.059116
v 3.125312 2.159476 0.059116
v 3.125312 2.159476 0.644069
v 3.140311 2.980701 0.644069
v 3.140311 2.980701 0.059116
v 3.125312 2.219476 0.119116
v 3.140311 2.219476 0.706309
v 3.125312 2.219476 0.644069
v 3.140311 2.920701 0.706309
v 3.125312 2.920701 0.706309
v 3.140311 2.159476 0.706309
v 3.125312 2.980701 0.706309
v 3.140311 2.980701 0.706309
v 3.140311 2.920701 0.119116
v 3.140311 2.920701 0.644069
v 3.125311 1.572611 0.726030
v 3.125311 0.441218 0.726030
v 3.125311 0.381218 0.786030
v 3.125311 1.632611 0.786030
v 3.140311 0.381218 0.786030
v 3.140311 1.632611 0.786030
v 3.140311 1.572611 0.726030
v 3.140311 0.441218 0.726030
v 3.125311 0.441218 0.067786
v 3.125311 0.381218 0.067786
v 3.140311 0.441218 0.067786
v 3.140311 1.572611 0.067786
v 3.125311 1.572611 0.067786
v 3.140311 0.381218 0.067786
v 3.125311 1.632611 0.067786
v 3.140311 1.632611 0.067786
v 3.125311 1.632611 0.005546
v 3.125311 1.572611 0.005546
v 3.140311 0.441218 0.005546
v 3.140311 1.572611 0.005546
v 3.140311 1.632611 0.005546
v 3.125311 0.441218 0.005546
v 3.125311 0.381218 0.005546
v 3.140311 0.381218 0.005546
v 3.140311 0.832471 0.018542
v 3.140311 0.832471 0.054790
v 3.140311 1.181358 0.054790
v 3.140311 1.181358 0.018542
v 3.161463 1.181358 0.043249
v 3.161463 1.181358 0.181945
v 3.174629 1.181358 0.181945
v 3.174629 1.181358 0.030083
v 3.174629 0.832471 0.030083
v 3.161463 0.832471 0.043249
v 3.174629 0.832471 0.181945
v 3.161463 0.832471 0.181945
v 0.257253 1.428960 0.726030
v 0.257253 1.488960 0.786030
v 0.257253 0.237567 0.786030
v 0.257253 0.297567 0.726030
v 0.242253 1.488960 0.786030
v 0.242253 0.237567 0.786030
v 0.242253 0.297567 0.726030
v 0.242253 1.428960 0.726030
v 0.257253 0.237567 0.067787
v 0.257253 0.297567 0.067787
v 0.242253 0.297567 0.067787
v 0.257253 1.428960 0.067787
v 0.242253 1.428960 0.067787
v 0.242253 0.237567 0.067787
v 0.257253 1.488960 0.067787
v 0.242253 1.488960 0.067787
v 0.257253 1.428960 0.005546
v 0.257253 1.488960 0.005546
v 0.242253 0.297567 0.005546
v 0.242253 1.428960 0.005546
v 0.242253 1.488960 0.005546
v 0.257253 0.297567 0.005546
v 0.257253 0.237567 0.005546
v 0.242253 0.237567 0.005546
v 0.242253 0.688820 0.018543
v 0.242253 1.037707 0.018543
v 0.242253 1.037707 0.054790
v 0.242253 0.688820 0.054790
v 0.221101 1.037707 0.043249
v 0.207934 1.037707 0.030083
v 0.207934 1.037707 0.181945
v 0.221101 1.037707 0.181945
v 0.221101 0.688820 0.043249
v 0.207934 0.688820 0.030083
v 0.207934 0.688820 0.181945
v 0.221101 0.688820 0.181945
v -2.224086 4.556758 10.937338
v -2.224086 4.556758 10.952338
v -3.766448 4.556758 10.937338
v -3.766448 4.556758 10.952338
v -2.765302 1.284128 10.937337
v -2.765302 0.582903 10.937337
v -2.827160 0.522903 10.937337
v -2.827160 1.344128 10.937337
v -4.367518 1.344128 10.937337
v -4.367518 1.344128 10.952337
v -3.766448 1.344128 10.952337
v -3.766448 1.344128 10.937337
v -3.101421 1.344128 10.937337
v -3.101421 1.344128 10.952337
v -3.101421 0.522903 10.952337
v -3.101421 0.522903 10.937337
v -3.163074 1.284128 10.937337
v -3.163074 1.284128 10.952337
v -3.702492 1.284128 10.952337
v -3.702492 1.284128 10.937337
v -3.163074 0.582903 10.937337
v -3.163074 0.582903 10.952337
v -2.827160 0.522903 10.952337
v -2.827160 1.344128 10.952337
v -2.159916 0.582903 10.952337
v -2.159916 0.522903 10.952337
v -1.556842 0.522903 10.952337
v -1.618701 0.582903 10.952337
v -4.305866 0.582903 10.952337
v -4.367518 0.522903 10.952337
v -3.766448 0.522903 10.952337
v -3.766448 0.582903 10.952337
v -2.765302 1.284128 10.952337
v -2.765302 0.582903 10.952337
v -4.305866 0.582903 10.937337
v -3.766448 0.582903 10.937337
v -3.766448 0.522903 10.937337
v -4.367518 0.522903 10.937337
v -2.224086 0.582903 10.937337
v -2.224086 0.522903 10.937337
v -4.305866 1.284128 10.937337
v -4.305866 1.284128 10.952337
v -3.702492 0.522903 10.937337
v -3.702492 0.522903 10.952337
v -3.702492 1.344128 10.937337
v -3.702492 1.344128 10.952337
v -3.766448 1.284128 10.952337
v -3.766448 1.284128 10.937337
v -1.618701 1.284128 10.937337
v -2.159916 1.284128 10.937337
v -2.159916 1.344128 10.937337
v -1.556842 1.344128 10.937337
v -1.556842 0.522903 10.937337
v -2.159916 0.522903 10.937337
v -2.159916 1.344128 10.952337
v -1.556842 1.344128 10.952337
v -1.618701 0.582903 10.937337
v -2.224086 0.582903 10.952337
v -2.159916 0.582903 10.937337
v -2.224086 1.284128 10.952337
v -2.224086 1.284128 10.937337
v -2.224086 0.522903 10.952337
v -2.224086 1.344128 10.937337
v -2.224086 1.344128 10.952337
v -1.618701 1.284128 10.952337
v -2.159916 1.284128 10.952337
v -3.702492 0.582903 10.952337
v -3.702492 0.582903 10.937337
v -0.959578 2.920701 2.920717
v -0.959578 2.980700 2.980717
v -0.959578 2.159476 2.980717
v -0.959578 2.219476 2.920717
v -0.959578 2.980700 4.524063
v -0.959578 2.980700 3.958616
v -0.974578 2.980700 3.958616
v -0.974578 2.980700 4.524063
v -0.959578 2.980700 3.333005
v -0.959578 2.159476 3.333005
v -0.974578 2.159476 3.333005
v -0.974578 2.980700 3.333005
v -0.959578 2.920701 3.391005
v -0.959578 2.920700 3.898453
v -0.974578 2.920700 3.898453
v -0.974578 2.920701 3.391005
v -0.959578 2.219476 3.391005
v -0.974578 2.219476 3.391005
v -0.974578 2.980700 2.980717
v -0.974578 2.159476 2.980717
v -0.974578 2.219476 2.333524
v -0.974578 2.219476 1.808571
v -0.974578 2.159476 1.748570
v -0.974578 2.159476 2.333524
v -0.974578 2.219475 4.466063
v -0.974578 2.219475 3.958616
v -0.974578 2.159475 3.958616
v -0.974578 2.159475 4.524063
v -0.974578 2.219476 2.920717
v -0.974578 2.920701 2.920717
v -0.959578 2.219475 4.466063
v -0.959578 2.159475 4.524063
v -0.959578 2.159475 3.958616
v -0.959578 2.219475 3.958616
v -0.959578 2.159476 2.395764
v -0.959578 2.219476 2.395765
v -0.959578 2.920700 4.466063
v -0.974578 2.920700 4.466063
v -0.974578 2.159475 3.898452
v -0.959578 2.159475 3.898452
v -0.959578 2.980700 3.898453
v -0.974578 2.980700 3.898453
v -0.974578 2.920700 3.958616
v -0.959578 2.920700 3.958616
v -0.959578 2.920701 1.808571
v -0.959578 2.980701 1.748570
v -0.959578 2.980700 2.333524
v -0.959578 2.920701 2.333524
v -0.959578 3.855536 1.808572
v -0.959578 3.795536 1.748571
v -0.959578 4.616761 1.748571
v -0.959578 4.556760 1.808572
v -0.959578 3.795536 2.333525
v -0.974578 3.795536 2.333525
v -0.974578 3.795536 1.748571
v -0.959578 4.616761 2.333525
v -0.974578 4.616761 1.748571
v -0.974578 4.616761 2.333525
v -0.959578 4.556760 2.920718
v -0.959578 4.616761 2.980718
v -0.959578 3.795536 2.980718
v -0.959578 3.855536 2.920718
v -0.959578 4.616760 4.524063
v -0.959578 4.616761 3.958617
v -0.974578 4.616761 3.958617
v -0.974578 4.616760 4.524063
v -0.959578 4.556760 3.391005
v -0.959578 4.556760 3.898453
v -0.974578 4.556760 3.898453
v -0.974578 4.556760 3.391005
v -0.959578 4.616761 3.333006
v -0.959578 3.795536 3.333006
v -0.974578 3.795536 3.333006
v -0.974578 4.616761 3.333006
v -0.959578 3.855536 3.391005
v -0.974578 3.855536 3.391005
v -0.959578 2.159476 1.748570
v -0.959578 2.159476 2.333524
v -0.974578 2.980701 1.748570
v -0.974578 2.980700 2.333524
v -0.959578 2.219476 1.808571
v -0.974578 2.219476 2.395765
v -0.959578 2.219476 2.333524
v -0.959578 2.920701 2.395765
v -0.974578 2.920701 2.395765
v -0.974578 2.159476 2.395764
v -0.959578 2.980700 2.395765
v -0.974578 2.980700 2.395765
v -0.974578 2.920701 1.808571
v -0.974578 2.920701 2.333524
v -0.974578 3.855536 1.808572
v -0.974578 4.556760 1.808572
v -0.974578 3.855536 2.920718
v -0.974578 3.855536 2.395765
v -0.974578 3.795536 2.395765
v -0.974578 3.795536 2.980718
v -0.959578 3.855536 2.333525
v -0.974578 3.855536 2.333525
v -0.974578 4.556760 2.920718
v -0.974578 4.616761 2.980718
v -0.959578 4.556760 4.466064
v -0.959578 3.795535 4.524063
v -0.959578 3.855535 4.466063
v -0.959578 3.795535 3.898453
v -0.974578 3.795535 3.898453
v -0.959578 4.616761 3.898453
v -0.974578 4.616761 3.898453
v -0.974578 3.855535 4.466063
v -0.974578 4.556760 4.466064
v -0.974578 3.855535 3.898453
v -0.959578 3.795535 3.958617
v -0.959578 3.855535 3.958617
v -0.974578 2.219475 3.898453
v -0.959578 2.219475 3.898453
v -0.959578 3.795536 2.395765
v -0.959578 3.855536 2.395765
v -0.959578 4.556760 2.333525
v -0.974578 4.556760 2.333525
v -0.974578 3.795535 4.524063
v -0.974578 3.855535 3.958617
v -0.974578 3.795535 3.958617
v -0.959578 3.855535 3.898453
v -0.959578 4.616761 2.395765
v -0.974578 4.616761 2.395765
v -0.959578 4.556760 2.395765
v -0.974578 4.556760 2.395765
v -0.959578 4.556760 3.958617
v -0.974578 4.556760 3.958617
v -0.959578 1.284130 2.920717
v -0.959578 1.344130 2.980717
v -0.959578 0.522905 2.980717
v -0.959578 0.582905 2.920717
v -0.959578 1.344129 4.524062
v -0.959578 1.344129 3.958616
v -0.974578 1.344129 3.958616
v -0.974578 1.344129 4.524062
v -0.959578 1.344129 3.333005
v -0.959578 0.522904 3.333005
v -0.974578 0.522904 3.333005
v -0.974578 1.344129 3.333005
v -0.959578 1.284129 3.391004
v -0.959578 1.284129 3.898452
v -0.974578 1.284129 3.898452
v -0.974578 1.284129 3.391004
v -0.959578 0.582904 3.391004
v -0.974578 0.582904 3.391004
v -0.974578 1.344130 2.980717
v -0.974578 0.522905 2.980717
v -0.974578 0.582905 2.333524
v -0.974578 0.582905 1.808571
v -0.974578 0.522905 1.748570
v -0.974578 0.522905 2.333524
v -0.974578 0.582904 4.466063
v -0.974578 0.582904 3.958616
v -0.974578 0.522904 3.958616
v -0.974578 0.522904 4.524062
v -0.974578 0.582905 2.920717
v -0.974578 1.284130 2.920717
v -0.959578 0.582904 4.466063
v -0.959578 0.522904 4.524062
v -0.959578 0.522904 3.958616
v -0.959578 0.582904 3.958616
v -0.959578 0.522905 2.395764
v -0.959578 0.582905 2.395764
v -0.959578 1.284129 4.466063
v -0.974578 1.284129 4.466063
v -0.974578 0.522904 3.898452
v -0.959578 0.522904 3.898452
v -0.959578 1.344129 3.898452
v -0.974578 1.344129 3.898452
v -0.974578 1.284129 3.958616
v -0.959578 1.284129 3.958616
v -0.959578 1.284130 1.808571
v -0.959578 1.344130 1.748570
v -0.959578 1.344130 2.333524
v -0.959578 1.284130 2.333524
v -0.959578 0.522905 1.748570
v -0.959578 0.522905 2.333524
v -0.974578 1.344130 1.748570
v -0.974578 1.344130 2.333524
v -0.959578 0.582905 1.808571
v -0.974578 0.582905 2.395764
v -0.959578 0.582905 2.333524
v -0.959578 1.284130 2.395764
v -0.974578 1.284130 2.395764
v -0.974578 0.522905 2.395764
v -0.959578 1.344130 2.395764
v -0.974578 1.344130 2.395764
v -0.974578 1.284130 1.808571
v -0.974578 1.284130 2.333524
v -0.974578 0.582904 3.898452
v -0.959578 0.582904 3.898452
v -0.268075 2.920701 0.783408
v -0.268075 2.980701 0.843408
v -0.268075 2.159476 0.843408
v -0.268075 2.219476 0.783408
v -0.283075 2.980701 0.843408
v -0.283075 2.159476 0.843408
v -0.283075 2.219476 0.393662
v -0.283075 2.219476 0.063614
v -0.283075 2.159476 0.003614
v -0.283075 2.159476 0.393662
v -0.283075 2.219476 0.783408
v -0.283075 2.920701 0.783408
v -0.268075 2.159476 0.455902
v -0.268075 2.219476 0.455902
v -0.268075 2.920701 0.063614
v -0.268075 2.980701 0.003614
v -0.268075 2.980701 0.393662
v -0.268075 2.920701 0.393662
v -0.268075 2.159476 0.003614
v -0.268075 2.159476 0.393662
v -0.283075 2.980701 0.003614
v -0.283075 2.980701 0.393662
v -0.268075 2.219476 0.063614
v -0.283075 2.219476 0.455902
v -0.268075 2.219476 0.393662
v -0.268075 2.920701 0.455902
v -0.283075 2.920701 0.455902
v -0.283075 2.159476 0.455902
v -0.268075 2.980701 0.455902
v -0.283075 2.980701 0.455902
v -0.283075 2.920701 0.063614
v -0.283075 2.920701 0.393662
v 0.027631 0.583240 -6.541462
v 0.027631 0.583240 -7.582596
v 0.027631 0.523240 -7.642596
v 0.027631 0.523240 -6.481462
v 0.027631 1.284465 -7.582596
v 0.027631 1.344464 -7.642596
v 0.027631 0.583240 -6.015901
v 0.027631 1.284465 -6.015901
v 0.027631 1.344464 -6.075901
v 0.027631 0.523240 -6.075901
v 0.027631 1.284465 -4.974767
v 0.027631 1.344464 -4.914767
v 0.027631 0.583240 -4.974767
v 0.027631 0.523240 -4.914767
v 0.042631 1.284465 -4.974767
v 0.042631 1.344464 -4.914767
v 0.042631 0.523240 -4.914767
v 0.042631 0.583240 -4.974767
v 0.042631 0.523240 -6.075901
v 0.042631 0.583240 -6.015901
v 0.042631 1.284465 -6.015901
v 0.042631 1.344464 -6.075901
v 0.042631 0.583240 -7.582596
v 0.042631 0.523240 -7.642596
v 0.042631 1.344464 -7.642596
v 0.042631 1.284465 -7.582596
v 0.042631 0.583240 -6.541462
v 0.042631 0.523240 -6.481462
v 0.042631 1.344464 -6.481462
v 0.042631 1.284465 -6.541462
v 0.042631 2.920613 -4.974767
v 0.042631 2.980613 -4.914766
v 0.042631 2.159388 -4.914766
v 0.042631 2.219388 -4.974767
v 0.042631 2.159388 -6.075901
v 0.042631 2.219388 -6.015901
v 0.042631 2.920613 -6.015901
v 0.042631 2.980613 -6.075901
v 0.042631 2.219388 -7.582595
v 0.042631 2.159388 -7.642595
v 0.042631 2.980613 -7.642595
v 0.042631 2.920613 -7.582595
v 0.042631 2.219388 -6.541461
v 0.042631 2.159388 -6.481462
v 0.042631 2.980613 -6.481462
v 0.042631 2.920613 -6.541461
v 0.042631 4.556762 -4.974766
v 0.042631 4.616762 -4.914766
v 0.042631 3.795537 -4.914766
v 0.042631 3.855537 -4.974767
v 0.042631 3.795537 -6.075901
v 0.042631 3.855537 -6.015901
v 0.042631 4.556762 -6.015900
v 0.042631 4.616762 -6.075900
v 0.042631 3.855537 -7.582595
v 0.042631 3.795537 -7.642595
v 0.042631 4.616763 -7.642595
v 0.042631 4.556762 -7.582595
v 0.042631 3.855537 -6.541461
v 0.042631 3.795537 -6.481462
v 0.042631 4.616762 -6.481461
v 0.042631 4.556762 -6.541461
v 0.027631 1.284465 -6.541462
v 0.027631 1.344464 -6.481462
v 0.027631 2.920613 -4.974767
v 0.027631 2.219388 -4.974767
v 0.027631 2.159388 -4.914766
v 0.027631 2.980613 -4.914766
v 0.027631 2.219388 -6.015901
v 0.027631 2.159388 -6.075901
v 0.027631 2.920613 -6.015901
v 0.027631 2.980613 -6.075901
v 0.027631 2.219388 -7.582595
v 0.027631 2.920613 -7.582595
v 0.027631 2.980613 -7.642595
v 0.027631 2.159388 -7.642595
v 0.027631 2.219388 -6.541461
v 0.027631 2.159388 -6.481462
v 0.027631 2.920613 -6.541461
v 0.027631 2.980613 -6.481462
v 0.027631 4.556762 -4.974766
v 0.027631 3.855537 -4.974767
v 0.027631 3.795537 -4.914766
v 0.027631 4.616762 -4.914766
v 0.027631 3.855537 -6.015901
v 0.027631 3.795537 -6.075901
v 0.027631 4.556762 -6.015900
v 0.027631 4.616762 -6.075900
v 0.027631 3.855537 -7.582595
v 0.027631 4.556762 -7.582595
v 0.027631 4.616763 -7.642595
v 0.027631 3.795537 -7.642595
v 0.027631 3.855537 -6.541461
v 0.027631 3.795537 -6.481462
v 0.027631 4.556762 -6.541461
v 0.027631 4.616762 -6.481461
v 0.027632 0.583238 6.541462
v 0.027632 0.523238 6.481462
v 0.027632 0.523238 7.642596
v 0.027632 0.583238 7.582596
v 0.027632 1.344462 7.642596
v 0.027632 1.284463 7.582596
v 0.027632 0.583238 6.015901
v 0.027632 0.523238 6.075901
v 0.027632 1.344462 6.075901
v 0.027632 1.284463 6.015901
v 0.027631 1.344462 4.914767
v 0.027631 1.284463 4.974767
v 0.027631 0.583238 4.974767
v 0.027631 0.523238 4.914767
v 0.042631 1.284463 4.974767
v 0.042631 0.583238 4.974767
v 0.042631 0.523238 4.914767
v 0.042631 1.344462 4.914767
v 0.042631 0.583238 6.015901
v 0.042631 0.523238 6.075901
v 0.042631 1.284463 6.015901
v 0.042631 1.344462 6.075901
v 0.042631 0.583238 7.582596
v 0.042631 1.284463 7.582596
v 0.042631 1.344462 7.642596
v 0.042631 0.523238 7.642596
v 0.042631 0.583238 6.541462
v 0.042631 0.523238 6.481462
v 0.042631 1.284463 6.541462
v 0.042631 1.344462 6.481462
v 0.042631 2.920611 4.974768
v 0.042631 2.219386 4.974768
v 0.042631 2.159386 4.914767
v 0.042631 2.980611 4.914767
v 0.042631 2.219386 6.015902
v 0.042631 2.159386 6.075902
v 0.042631 2.920611 6.015902
v 0.042631 2.980611 6.075902
v 0.042631 2.219386 7.582596
v 0.042631 2.920611 7.582596
v 0.042631 2.980611 7.642596
v 0.042631 2.159386 7.642596
v 0.042631 2.219386 6.541462
v 0.042631 2.159386 6.481462
v 0.042631 2.920611 6.541462
v 0.042631 2.980611 6.481462
v 0.042631 4.556760 4.974768
v 0.042631 3.855535 4.974768
v 0.042631 3.795535 4.914767
v 0.042631 4.616760 4.914768
v 0.042631 3.855535 6.015902
v 0.042631 3.795535 6.075902
v 0.042631 4.556760 6.015902
v 0.042631 4.616760 6.075902
v 0.042631 3.855535 7.582596
v 0.042631 4.556759 7.582597
v 0.042631 4.616760 7.642597
v 0.042631 3.795535 7.642596
v 0.042631 3.855535 6.541462
v 0.042631 3.795535 6.481462
v 0.042631 4.556760 6.541463
v 0.042631 4.616760 6.481463
v 0.027632 1.344462 6.481462
v 0.027632 1.284463 6.541462
v 0.027631 2.920611 4.974768
v 0.027631 2.980611 4.914767
v 0.027631 2.159386 4.914767
v 0.027631 2.219386 4.974768
v 0.027632 2.159386 6.075902
v 0.027632 2.219386 6.015902
v 0.027632 2.920611 6.015902
v 0.027632 2.980611 6.075902
v 0.027632 2.219386 7.582596
v 0.027632 2.159386 7.642596
v 0.027632 2.980611 7.642596
v 0.027632 2.920611 7.582596
v 0.027632 2.219386 6.541462
v 0.027632 2.159386 6.481462
v 0.027632 2.980611 6.481462
v 0.027632 2.920611 6.541462
v 0.027631 4.556760 4.974768
v 0.027631 4.616760 4.914768
v 0.027631 3.795535 4.914767
v 0.027631 3.855535 4.974768
v 0.027632 3.795535 6.075902
v 0.027632 3.855535 6.015902
v 0.027632 4.556760 6.015902
v 0.027632 4.616760 6.075902
v 0.027632 3.855535 7.582596
v 0.027632 3.795535 7.642596
v 0.027632 4.616760 7.642597
v 0.027632 4.556759 7.582597
v 0.027632 3.855535 6.541462
v 0.027632 3.795535 6.481462
v 0.027632 4.616760 6.481463
v 0.027632 4.556760 6.541463
v -0.710542 0.583240 -7.908612
v -1.753393 0.583240 -7.908612
v -1.813393 0.523240 -7.908612
v -0.650542 0.523240 -7.908612
v -1.753393 1.284465 -7.908612
v -1.813393 1.344464 -7.908612
v -0.710542 1.284465 -7.908612
v -0.650542 1.344464 -7.908612
v -0.710542 1.284465 -7.923612
v -0.650542 1.344464 -7.923612
v -0.650542 0.523240 -7.923612
v -0.710542 0.583240 -7.923612
v -1.753393 0.583240 -7.923612
v -1.813393 0.523240 -7.923612
v -1.813393 1.344464 -7.923612
v -1.753393 1.284465 -7.923612
v -0.710542 2.920613 -7.923612
v -0.650542 2.980613 -7.923612
v -0.650542 2.159388 -7.923612
v -0.710542 2.219388 -7.923612
v -1.753393 2.219388 -7.923612
v -1.813393 2.159388 -7.923612
v -1.813393 2.980613 -7.923612
v -1.753393 2.920613 -7.923612
v -0.710542 4.556762 -7.923611
v -0.650542 4.616763 -7.923611
v -0.650542 3.795537 -7.923612
v -0.710542 3.855537 -7.923612
v -1.753393 3.855537 -7.923612
v -1.813393 3.795537 -7.923612
v -1.813393 4.616763 -7.923611
v -1.753393 4.556762 -7.923611
v -0.710542 2.920613 -7.908611
v -0.710542 2.219388 -7.908611
v -0.650542 2.159388 -7.908611
v -0.650542 2.980613 -7.908611
v -1.753393 2.219388 -7.908611
v -1.753393 2.920613 -7.908611
v -1.813393 2.980613 -7.908611
v -1.813393 2.159388 -7.908611
v -0.710542 4.556762 -7.908611
v -0.710542 3.855537 -7.908611
v -0.650542 3.795537 -7.908611
v -0.650542 4.616763 -7.908611
v -1.753393 3.855537 -7.908611
v -1.753393 4.556762 -7.908611
v -1.813393 4.616763 -7.908611
v -1.813393 3.795537 -7.908611
v -0.710541 0.583238 7.908612
v -0.650541 0.523238 7.908612
v -1.813392 0.523238 7.908612
v -1.753392 0.583238 7.908612
v -1.813392 1.344462 7.908612
v -1.753392 1.284463 7.908612
v -0.710541 1.284463 7.908612
v -0.650541 1.344462 7.908612
v -0.710541 1.284463 7.923612
v -0.710541 0.583238 7.923612
v -0.650541 0.523238 7.923612
v -0.650541 1.344462 7.923612
v -1.753392 0.583238 7.923612
v -1.753392 1.284463 7.923612
v -1.813392 1.344462 7.923612
v -1.813392 0.523238 7.923612
v -0.710541 2.920611 7.923613
v -0.710541 2.219386 7.923613
v -0.650541 2.159386 7.923613
v -0.650541 2.980611 7.923613
v -1.753392 2.219386 7.923613
v -1.753392 2.920611 7.923613
v -1.813392 2.980611 7.923613
v -1.813392 2.159386 7.923613
v -0.710541 4.556759 7.923613
v -0.710541 3.855535 7.923613
v -0.650541 3.795535 7.923613
v -0.650541 4.616760 7.923613
v -1.753392 3.855535 7.923613
v -1.753392 4.556759 7.923613
v -1.813392 4.616760 7.923613
v -1.813392 3.795535 7.923613
v -0.710541 2.920611 7.908612
v -0.650541 2.980611 7.908612
v -0.650541 2.159386 7.908612
v -0.710541 2.219386 7.908612
v -1.753392 2.219386 7.908612
v -1.813392 2.159386 7.908612
v -1.813392 2.980611 7.908612
v -1.753392 2.920611 7.908612
v -0.710541 4.556759 7.908613
v -0.650541 4.616760 7.908613
v -0.650541 3.795535 7.908612
v -0.710541 3.855535 7.908612
v -1.753392 3.855535 7.908612
v -1.813392 3.795535 7.908612
v -1.813392 4.616760 7.908613
v -1.753392 4.556759 7.908613
v -11.486652 0.050890 2.667547
v -12.996495 0.050890 2.325256
v -12.996495 0.050889 3.259370
v -11.486652 0.050889 3.259370
v -9.196031 0.050889 3.259370
v -9.178653 0.050889 3.082923
v -9.272381 0.050889 3.064279
v -9.291595 0.050889 3.259370
v -9.127185 0.050890 2.913258
v -9.215475 0.050890 2.876686
v -9.043606 0.050890 2.756892
v -9.123065 0.050890 2.703800
v -8.931128 0.050890 2.619837
v -8.998702 0.050890 2.552263
v -8.794073 0.050890 2.507359
v -8.847165 0.050890 2.427900
v -8.637708 0.050890 2.423780
v -8.674278 0.050890 2.335490
v -8.468042 0.050890 2.372312
v -8.486686 0.050890 2.278584
v -8.291595 0.050890 2.359653
v -8.291595 0.050890 2.264090
v -8.339517 0.050890 2.264090
v -8.339517 0.050890 2.359653
v -8.339517 0.050890 0.822839
v -8.291595 0.050890 0.728614
v -13.090939 0.050890 0.728614
v -12.996495 0.050890 0.822839
v -13.090939 0.050890 2.325256
v -13.090939 0.050889 3.259370
v -8.339517 0.050889 3.259370
v -8.291595 0.050889 3.259370
v -11.220881 0.050890 2.708175
v -12.996495 0.050890 2.243516
v -13.090939 0.050890 2.243516
v -11.261611 0.050890 2.771394
v -11.134050 0.050890 2.889009
v -11.081615 0.050890 2.841772
v -11.424572 0.050889 3.259370
v -11.055522 0.050889 3.056140
v -11.385754 0.050890 2.628569
v -10.984616 0.050890 3.041472
v -10.952557 0.050889 3.259370
v -11.450573 0.050890 2.600497
v -11.424572 0.050890 2.693854
v -11.023462 0.050889 3.259370
v -11.486652 0.050889 3.851192
v -12.996495 0.050889 4.193483
v -9.272381 0.050889 3.454460
v -9.178653 0.050889 3.435817
v -9.215475 0.050889 3.642054
v -9.127185 0.050889 3.605482
v -9.123065 0.050889 3.814939
v -9.043606 0.050889 3.761847
v -8.998702 0.050889 3.966476
v -8.931128 0.050889 3.898903
v -8.847165 0.050889 4.090839
v -8.794073 0.050889 4.011381
v -8.674278 0.050889 4.183249
v -8.637708 0.050889 4.094959
v -8.486686 0.050889 4.240155
v -8.468042 0.050889 4.146427
v -8.291595 0.050889 4.159086
v -8.339517 0.050889 4.159086
v -8.339517 0.050889 4.254650
v -8.291595 0.050889 4.254650
v -8.339517 0.050889 5.695900
v -12.996494 0.050889 5.695900
v -13.090938 0.050889 5.790125
v -8.291595 0.050889 5.790125
v -13.090939 0.050889 4.193483
v -11.220881 0.050889 3.810565
v -12.996495 0.050889 4.275223
v -13.090939 0.050889 4.275223
v -11.081615 0.050889 3.676968
v -11.134050 0.050889 3.629731
v -11.261611 0.050889 3.747346
v -11.055522 0.050889 3.462600
v -11.385754 0.050889 3.890171
v -10.984616 0.050889 3.477268
v -11.450573 0.050889 3.918243
v -11.424572 0.050889 3.824887
v -5.096538 0.050890 2.667547
v -5.096538 0.050889 3.259369
v -3.586696 0.050889 3.259369
v -3.586696 0.050890 2.325256
v -7.387159 0.050889 3.259370
v -7.291595 0.050889 3.259370
v -7.310810 0.050889 3.064279
v -7.404538 0.050889 3.082923
v -7.367716 0.050890 2.876686
v -7.456005 0.050890 2.913258
v -7.460125 0.050890 2.703800
v -7.539584 0.050890 2.756892
v -7.584489 0.050890 2.552263
v -7.652062 0.050890 2.619837
v -7.736025 0.050890 2.427900
v -7.789117 0.050890 2.507359
v -7.908912 0.050890 2.335490
v -7.945482 0.050890 2.423780
v -8.096505 0.050890 2.278584
v -8.115149 0.050890 2.372312
v -8.243674 0.050890 2.359653
v -8.243674 0.050890 2.264090
v -8.243674 0.050890 0.822839
v -3.586696 0.050890 0.822838
v -3.492252 0.050890 0.728614
v -3.492252 0.050889 3.259369
v -3.492252 0.050890 2.325256
v -8.243674 0.050889 3.259370
v -5.362309 0.050890 2.708175
v -3.586696 0.050890 2.243516
v -3.492252 0.050890 2.243516
v -5.501575 0.050890 2.841772
v -5.449140 0.050890 2.889008
v -5.321579 0.050890 2.771394
v -5.158618 0.050889 3.259369
v -5.527668 0.050889 3.056140
v -5.197437 0.050890 2.628568
v -5.598574 0.050890 3.041471
v -5.630633 0.050889 3.259370
v -5.132618 0.050890 2.600496
v -5.158619 0.050890 2.693853
v -5.559728 0.050889 3.259370
v -5.096538 0.050889 3.851192
v -3.586696 0.050889 4.193483
v -7.404538 0.050889 3.435817
v -7.310810 0.050889 3.454460
v -7.456005 0.050889 3.605482
v -7.367715 0.050889 3.642054
v -7.539584 0.050889 3.761847
v -7.460125 0.050889 3.814939
v -7.652062 0.050889 3.898903
v -7.584488 0.050889 3.966476
v -7.789117 0.050889 4.011381
v -7.736025 0.050889 4.090839
v -7.945482 0.050889 4.094959
v -7.908912 0.050889 4.183249
v -8.115149 0.050889 4.146427
v -8.096505 0.050889 4.240155
v -8.243674 0.050889 4.254650
v -8.243674 0.050889 4.159086
v -8.243674 0.050889 5.695900
v -3.492252 0.050889 5.790125
v -3.586695 0.050889 5.695900
v -3.492252 0.050889 4.193483
v -5.362309 0.050889 3.810565
v -3.586696 0.050889 4.275223
v -3.492252 0.050889 4.275223
v -5.321579 0.050889 3.747346
v -5.449140 0.050889 3.629731
v -5.501575 0.050889 3.676967
v -5.527668 0.050889 3.462600
v -5.197436 0.050889 3.890171
v -5.598574 0.050889 3.477268
v -5.132617 0.050889 3.918243
v -5.158618 0.050889 3.824886
v -9.196032 0.050891 -3.259368
v -9.178653 0.050891 -3.435815
v -9.272381 0.050891 -3.454458
v -9.291595 0.050891 -3.259368
v -9.127185 0.050891 -3.605481
v -9.215475 0.050891 -3.642052
v -9.043606 0.050891 -3.761845
v -9.123065 0.050891 -3.814938
v -8.931128 0.050891 -3.898900
v -8.998702 0.050891 -3.966474
v -8.794073 0.050891 -4.011379
v -8.847165 0.050891 -4.090837
v -8.637709 0.050891 -4.094958
v -8.674278 0.050891 -4.183248
v -8.468042 0.050891 -4.146425
v -8.486686 0.050891 -4.240153
v -8.291595 0.050891 -4.159084
v -8.291595 0.050891 -4.254648
v -8.339517 0.050891 -4.254648
v -8.339517 0.050891 -4.159084
v -8.339517 0.050891 -5.695899
v -8.291595 0.050891 -5.790123
v -13.090939 0.050891 -5.790123
v -12.996496 0.050891 -5.695899
v -12.996495 0.050891 -3.259367
v -12.996495 0.050891 -4.365372
v -13.090939 0.050891 -4.365372
v -13.090939 0.050891 -3.259367
v -8.339517 0.050891 -3.259368
v -8.291595 0.050891 -3.259368
v -12.996495 0.050891 -4.462154
v -12.052327 0.050891 -4.365372
v -11.963745 0.050891 -4.462154
v -13.090939 0.050891 -4.462154
v -12.052327 0.050891 -3.259367
v -11.963745 0.050891 -3.259367
v -13.022203 0.050891 -3.885596
v -13.022203 0.712327 -3.885596
v -13.065229 0.712327 -3.885596
v -13.065229 0.050891 -3.885596
v -13.065229 0.050891 -3.885596
v -13.065229 0.712327 -3.885596
v -13.065229 0.744510 -3.928621
v -13.065229 0.050891 -3.928621
v -13.065229 0.050891 -3.928621
v -13.065229 0.744510 -3.928621
v -13.022203 0.744510 -3.928621
v -13.022203 0.050891 -3.928621
v -13.022203 0.050891 -3.928621
v -13.022203 0.744510 -3.928621
v -13.022203 0.712327 -3.885596
v -13.022203 0.050891 -3.885596
v -13.065229 0.050891 -3.885596
v -13.065229 0.050891 -3.928621
v -13.022203 0.050891 -3.928621
v -13.022203 0.050891 -3.885596
v -13.065229 0.712327 -3.885596
v -13.022203 0.712327 -3.885596
v -13.022203 0.712327 -3.259367
v -13.065229 0.712327 -3.259367
v -13.022203 0.744510 -3.259367
v -13.022203 0.712327 -3.259367
v -13.022203 0.744510 -3.928621
v -13.065229 0.744510 -3.928621
v -13.065229 0.744510 -3.259367
v -13.022203 0.744510 -3.259367
v -13.065229 0.712327 -3.259367
v -13.065229 0.744510 -3.259367
v -9.272381 0.050890 -3.064278
v -9.178653 0.050891 -3.082921
v -9.215475 0.050890 -2.876684
v -9.127185 0.050890 -2.913255
v -9.123065 0.050890 -2.703798
v -9.043606 0.050890 -2.756890
v -8.998702 0.050890 -2.552261
v -8.931128 0.050890 -2.619835
v -8.847165 0.050890 -2.427898
v -8.794073 0.050890 -2.507357
v -8.674278 0.050890 -2.335488
v -8.637708 0.050890 -2.423778
v -8.486686 0.050890 -2.278582
v -8.468042 0.050890 -2.372310
v -8.291595 0.050890 -2.359651
v -8.339517 0.050890 -2.359651
v -8.339517 0.050890 -2.264087
v -8.291595 0.050890 -2.264087
v -8.339517 0.050890 -0.822837
v -12.996495 0.050890 -0.822837
v -13.090939 0.050890 -0.728612
v -8.291595 0.050890 -0.728613
v -13.090939 0.050890 -2.153363
v -12.996495 0.050890 -2.153363
v -12.996495 0.050890 -2.056581
v -11.963745 0.050890 -2.056581
v -12.052327 0.050890 -2.153363
v -13.090939 0.050890 -2.056581
v -13.022203 0.050890 -2.633139
v -13.065229 0.050890 -2.633139
v -13.065229 0.712326 -2.633139
v -13.022203 0.712326 -2.633139
v -13.065229 0.050890 -2.633139
v -13.065229 0.050890 -2.590113
v -13.065229 0.744509 -2.590113
v -13.065229 0.712326 -2.633139
v -13.065229 0.050890 -2.590113
v -13.022203 0.050890 -2.590113
v -13.022203 0.744509 -2.590113
v -13.065229 0.744509 -2.590113
v -13.022203 0.050890 -2.590113
v -13.022203 0.050890 -2.633139
v -13.022203 0.712326 -2.633139
v -13.022203 0.744509 -2.590113
v -13.065229 0.050890 -2.633139
v -13.022203 0.050890 -2.633139
v -13.022203 0.050890 -2.590113
v -13.065229 0.050890 -2.590113
v -13.065229 0.712326 -2.633139
v -13.022203 0.712326 -2.633139
v -13.022203 0.744509 -2.590113
v -13.065229 0.744509 -2.590113
v -7.387159 0.050891 -3.259368
v -7.291595 0.050891 -3.259368
v -7.310810 0.050891 -3.454458
v -7.404538 0.050891 -3.435815
v -7.367716 0.050891 -3.642052
v -7.456006 0.050891 -3.605481
v -7.460126 0.050891 -3.814938
v -7.539585 0.050891 -3.761845
v -7.584489 0.050891 -3.966474
v -7.652063 0.050891 -3.898900
v -7.736025 0.050891 -4.090837
v -7.789118 0.050891 -4.011379
v -7.908912 0.050891 -4.183248
v -7.945483 0.050891 -4.094958
v -8.096505 0.050891 -4.240153
v -8.115149 0.050891 -4.146425
v -8.243674 0.050891 -4.159084
v -8.243674 0.050891 -4.254648
v -8.243674 0.050891 -5.695899
v -3.586696 0.050891 -5.695899
v -3.492253 0.050891 -5.790123
v -3.586696 0.050891 -3.259368
v -3.492252 0.050891 -3.259368
v -3.492252 0.050891 -4.365372
v -3.586696 0.050891 -4.365372
v -8.243674 0.050891 -3.259368
v -3.586696 0.050891 -4.462154
v -4.619446 0.050891 -4.462154
v -4.530864 0.050891 -4.365372
v -3.492252 0.050891 -4.462154
v -4.619446 0.050891 -3.259368
v -4.530864 0.050891 -3.259368
v -3.560987 0.050891 -3.885596
v -3.517961 0.050891 -3.885596
v -3.517961 0.712327 -3.885596
v -3.560987 0.712327 -3.885596
v -3.517961 0.050891 -3.885596
v -3.517961 0.050891 -3.928622
v -3.517961 0.744510 -3.928622
v -3.517961 0.712327 -3.885596
v -3.517961 0.050891 -3.928622
v -3.560987 0.050891 -3.928622
v -3.560987 0.744510 -3.928622
v -3.517961 0.744510 -3.928622
v -3.560987 0.050891 -3.928622
v -3.560987 0.050891 -3.885596
v -3.560987 0.712327 -3.885596
v -3.560987 0.744510 -3.928622
v -3.517961 0.050891 -3.885596
v -3.560987 0.050891 -3.885596
v -3.560987 0.050891 -3.928622
v -3.517961 0.050891 -3.928622
v -3.517961 0.712327 -3.885596
v -3.517961 0.712327 -3.259368
v -3.560987 0.712327 -3.259368
v -3.560987 0.712327 -3.885596
v -3.560987 0.712327 -3.259368
v -3.560987 0.744510 -3.259368
v -3.560987 0.744510 -3.928622
v -3.560987 0.744510 -3.259368
v -3.517961 0.744510 -3.259368
v -3.517961 0.744510 -3.928622
v -3.517961 0.744510 -3.259368
v -3.517961 0.712327 -3.259368
v -7.404538 0.050891 -3.082921
v -7.310810 0.050890 -3.064278
v -7.456006 0.050890 -2.913255
v -7.367716 0.050890 -2.876684
v -7.539585 0.050890 -2.756890
v -7.460126 0.050890 -2.703798
v -7.652063 0.050890 -2.619835
v -7.584489 0.050890 -2.552261
v -7.789118 0.050890 -2.507357
v -7.736025 0.050890 -2.427898
v -7.945483 0.050890 -2.423778
v -7.908912 0.050890 -2.335488
v -8.115149 0.050890 -2.372310
v -8.096505 0.050890 -2.278582
v -8.243674 0.050890 -2.264087
v -8.243674 0.050890 -2.359651
v -8.243674 0.050890 -0.822837
v -3.492252 0.050890 -0.728613
v -3.586696 0.050890 -0.822837
v -3.586696 0.050890 -2.153364
v -3.492252 0.050890 -2.153364
v -3.586696 0.050890 -2.056582
v -4.530864 0.050890 -2.153364
v -4.619446 0.050890 -2.056582
v -3.492252 0.050890 -2.056582
v -3.560987 0.050890 -2.633139
v -3.560987 0.712326 -2.633139
v -3.517961 0.712326 -2.633139
v -3.517961 0.050890 -2.633139
v -3.517961 0.050890 -2.633139
v -3.517961 0.712326 -2.633139
v -3.517961 0.744509 -2.590114
v -3.517961 0.050890 -2.590114
v -3.517961 0.050890 -2.590114
v -3.517961 0.744509 -2.590114
v -3.560987 0.744509 -2.590114
v -3.560987 0.050890 -2.590114
v -3.560987 0.050890 -2.590114
v -3.560987 0.744509 -2.590114
v -3.560987 0.712326 -2.633139
v -3.560987 0.050890 -2.633139
v -3.517961 0.050890 -2.633139
v -3.517961 0.050890 -2.590114
v -3.560987 0.050890 -2.590114
v -3.560987 0.050890 -2.633139
v -3.517961 0.712326 -2.633139
v -3.560987 0.712326 -2.633139
v -3.560987 0.744509 -2.590114
v -3.517961 0.744509 -2.590114
v 3.149378 5.509760 0.000001
v 3.268646 5.509760 0.000001
v 3.268646 5.494317 -0.117303
v 3.149378 5.494317 -0.117303
v 3.268646 5.449039 -0.226614
v 3.149378 5.449039 -0.226614
v 3.268646 5.377012 -0.320480
v 3.149378 5.377012 -0.320480
v 3.268646 5.283145 -0.392507
v 3.149378 5.283145 -0.392507
v 3.268646 5.173835 -0.437785
v 3.149378 5.173835 -0.437785
v 3.268646 5.056531 -0.453228
v 3.149378 5.056531 -0.453228
v 3.268646 4.939227 -0.437785
v 3.149378 4.939227 -0.437785
v 3.268646 4.829916 -0.392507
v 3.149378 4.829916 -0.392507
v 3.268646 4.736049 -0.320480
v 3.149378 4.736049 -0.320480
v 3.268646 4.664022 -0.226614
v 3.149378 4.664022 -0.226614
v 3.268646 4.618745 -0.117303
v 3.149378 4.618745 -0.117303
v 3.268646 4.603302 0.000001
v 3.149378 4.603302 0.000001
v 3.268646 4.618745 0.117306
v 3.149378 4.618745 0.117306
v 3.268646 4.664022 0.226616
v 3.149378 4.664022 0.226616
v 3.268646 4.736049 0.320483
v 3.149378 4.736049 0.320483
v 3.268646 4.829916 0.392510
v 3.149378 4.829916 0.392510
v 3.268646 4.939227 0.437787
v 3.149378 4.939227 0.437787
v 3.268646 5.056531 0.453231
v 3.149378 5.056531 0.453231
v 3.268646 5.173835 0.437787
v 3.149378 5.173835 0.437787
v 3.268646 5.283145 0.392510
v 3.149378 5.283145 0.392510
v 3.268646 5.377012 0.320483
v 3.149378 5.377012 0.320483
v 3.268646 5.449039 0.226616
v 3.149378 5.449039 0.226616
v 3.268646 5.408148 0.094217
v 3.268646 5.371782 0.182012
v 3.240726 5.371782 0.182012
v 3.240726 5.408148 0.094217
v 3.268646 5.494317 0.117306
v 3.149378 5.494317 0.117306
v 3.268646 5.420552 0.000001
v 3.268646 5.408148 -0.094214
v 3.268646 5.371782 -0.182009
v 3.268646 5.313932 -0.257400
v 3.268646 5.238541 -0.315250
v 3.268646 5.150746 -0.351616
v 3.268646 5.056531 -0.364020
v 3.268646 4.962315 -0.351616
v 3.268646 4.874520 -0.315250
v 3.268646 4.799129 -0.257400
v 3.268646 4.741280 -0.182009
v 3.268646 4.704914 -0.094214
v 3.268646 4.692510 0.000001
v 3.268646 4.704914 0.094217
v 3.268646 4.741280 0.182012
v 3.268646 4.799129 0.257403
v 3.268646 4.874520 0.315253
v 3.268646 4.962315 0.351618
v 3.268646 5.056531 0.364022
v 3.268646 5.150746 0.351618
v 3.268646 5.238541 0.315253
v 3.268646 5.313932 0.257403
v 3.240726 5.408148 -0.094214
v 3.240726 5.420552 0.000001
v 3.240726 5.313932 0.257403
v 3.240726 5.238541 0.315253
v 3.240726 5.150746 0.351618
v 3.240726 5.056531 0.364022
v 3.240726 4.962315 0.351618
v 3.240726 4.874520 0.315253
v 3.240726 4.799129 0.257403
v 3.240726 4.741280 0.182012
v 3.240726 4.704914 0.094217
v 3.240726 4.692510 0.000001
v 3.240726 4.704914 -0.094214
v 3.240726 4.741280 -0.182009
v 3.240726 4.799129 -0.257400
v 3.240726 4.874520 -0.315250
v 3.240726 4.962315 -0.351616
v 3.240726 5.056531 -0.364020
v 3.240726 5.150746 -0.351616
v 3.240726 5.238541 -0.315250
v 3.240726 5.313932 -0.257400
v 3.240726 5.371782 -0.182009
v 3.285736 3.700564 -0.995764
v 3.285736 4.183365 -1.067005
v 3.285736 4.183365 -0.995764
v 3.285736 3.769734 -1.064653
v 3.285736 3.772332 -1.259964
v 3.285736 3.700564 -1.259964
v 3.285736 4.177548 -0.614083
v 3.285736 4.186429 -0.748084
v 3.285736 4.191013 -0.678379
v 3.285736 4.164836 -0.808346
v 3.285736 4.148285 -0.559214
v 3.285736 4.128749 -0.858018
v 3.285736 4.116980 -0.525333
v 3.285736 4.115447 -0.696216
v 3.285736 4.110626 -0.651893
v 3.285736 4.110619 -0.740827
v 3.285736 4.093127 -0.887405
v 3.285736 4.092772 -0.506160
v 3.285736 4.087250 -0.788253
v 3.285736 4.087258 -0.604662
v 3.285736 4.052762 -0.910356
v 3.285736 4.052414 -0.483005
v 3.285736 4.058573 -0.818646
v 3.285736 4.058578 -0.574355
v 3.285736 4.021890 -0.841086
v 3.285736 4.021889 -0.551955
v 3.285736 3.991714 -0.928577
v 3.285736 3.991373 -0.464503
v 3.285736 3.978449 -0.854317
v 3.285736 3.978444 -0.538736
v 3.285736 3.941964 -0.932317
v 3.285736 3.925631 -0.460677
v 3.285736 3.929476 -0.857099
v 3.285736 3.929480 -0.535956
v 3.285736 3.893461 -0.928673
v 3.285736 3.883285 -0.544116
v 3.285736 3.883281 -0.848932
v 3.285736 3.862284 -0.471737
v 3.285736 3.832908 -0.910752
v 3.285736 3.843082 -0.830939
v 3.285736 3.843079 -0.562086
v 3.285736 3.804888 -0.496692
v 3.285736 3.810155 -0.804329
v 3.285736 3.810148 -0.588636
v 3.285736 3.779589 -0.879344
v 3.285736 3.785825 -0.770288
v 3.285736 3.785818 -0.622559
v 3.285736 3.756387 -0.534439
v 3.285736 3.771463 -0.729930
v 3.285736 3.771458 -0.662722
v 3.285736 3.736562 -0.835381
v 3.285736 3.768529 -0.696215
v 3.285736 3.719691 -0.583809
v 3.285736 3.706735 -0.779816
v 3.285736 3.697611 -0.643600
v 3.285736 3.692882 -0.713304
v 3.285736 4.177548 -0.098484
v 3.285736 4.186429 -0.232485
v 3.285736 4.191013 -0.162780
v 3.285736 4.164836 -0.292747
v 3.285736 4.148285 -0.043615
v 3.285736 4.128749 -0.342419
v 3.285736 4.116980 -0.009734
v 3.285736 4.115399 -0.180738
v 3.285736 4.110626 -0.136294
v 3.285736 4.113877 -0.203252
v 3.285736 4.106677 -0.235213
v 3.285736 4.093127 -0.371806
v 3.285736 4.092772 0.009439
v 3.285736 4.087265 -0.272587
v 3.285736 4.087258 -0.089063
v 3.285736 4.052762 -0.394757
v 3.285736 4.052414 0.032594
v 3.285736 4.058573 -0.303047
v 3.285736 4.058578 -0.058756
v 3.285736 4.021890 -0.325487
v 3.285736 4.021889 -0.036356
v 3.285736 3.991714 -0.412978
v 3.285736 3.991372 0.051096
v 3.285736 3.978449 -0.338718
v 3.285736 3.978444 -0.023137
v 3.285736 3.941964 -0.416718
v 3.285736 3.925630 0.054922
v 3.285736 3.929476 -0.341500
v 3.285736 3.929480 -0.020357
v 3.285736 3.893461 -0.413074
v 3.285736 3.883285 -0.028517
v 3.285736 3.883281 -0.333333
v 3.285736 3.862285 0.043862
v 3.285736 3.832908 -0.395153
v 3.285736 3.843082 -0.315340
v 3.285736 3.843079 -0.046487
v 3.285736 3.804888 0.018908
v 3.285736 3.810155 -0.288730
v 3.285736 3.810148 -0.073037
v 3.285736 3.779589 -0.363745
v 3.285736 3.785825 -0.254689
v 3.285736 3.785818 -0.106960
v 3.285736 3.756387 -0.018840
v 3.285736 3.771463 -0.214331
v 3.285736 3.771458 -0.147123
v 3.285736 3.736562 -0.319782
v 3.285736 3.768529 -0.180616
v 3.285736 3.719691 -0.068210
v 3.285736 3.706735 -0.264217
v 3.285736 3.697611 -0.128001
v 3.285736 3.692882 -0.197705
v 3.285736 3.700564 0.491517
v 3.285736 4.183365 0.420275
v 3.285736 4.183365 0.491517
v 3.285736 3.975251 0.422627
v 3.285736 3.975251 0.188451
v 3.285736 4.183365 0.119561
v 3.285736 4.183365 0.190803
v 3.285736 3.700564 0.119561
v 3.285736 3.908677 0.422627
v 3.285736 3.908677 0.188451
v 3.285736 3.700564 0.420275
v 3.285736 3.700564 0.190803
v 3.285736 4.178110 0.794480
v 3.285736 4.185187 0.656399
v 3.285736 4.191891 0.721763
v 3.285736 4.167526 0.600313
v 3.285736 4.149493 0.850372
v 3.285736 4.149646 0.560517
v 3.285736 4.114348 0.689339
v 3.285736 4.106256 0.648848
v 3.285736 4.086539 0.601634
v 3.285736 4.066021 0.562527
v 3.285736 4.107081 0.895984
v 3.285736 4.115103 0.728221
v 3.285736 4.106593 0.769207
v 3.285736 4.087011 0.807418
v 3.285736 4.052807 0.929508
v 3.285736 4.058119 0.838627
v 3.285736 4.021262 0.861625
v 3.285736 3.988711 0.949168
v 3.285736 3.977654 0.875172
v 3.285736 3.922359 0.953308
v 3.285736 3.941261 0.877929
v 3.285736 3.904053 0.875185
v 3.285736 3.867591 0.944015
v 3.285736 3.871084 0.865825
v 3.285736 3.841480 0.851761
v 3.285736 3.812783 0.921820
v 3.285736 3.809038 0.824696
v 3.285736 3.801149 0.595031
v 3.285736 3.737308 0.556019
v 3.285736 3.822141 0.558255
v 3.285736 3.763110 0.886352
v 3.285736 3.785328 0.789568
v 3.285736 3.779196 0.644549
v 3.285736 3.771389 0.747232
v 3.285736 3.768552 0.695395
v 3.285736 3.723408 0.837230
v 3.285736 3.719897 0.587701
v 3.285736 3.698431 0.774098
v 3.285736 3.702515 0.634995
v 3.285736 3.692780 0.697343
v 3.285736 4.188879 1.138784
v 3.285736 4.184077 1.063084
v 3.285736 4.190928 1.097945
v 3.285736 4.178652 1.173148
v 3.285736 4.169776 1.030459
v 3.285736 4.160848 1.201820
v 3.285736 4.154604 1.008220
v 3.285736 4.115670 1.095963
v 3.285736 4.105465 1.064827
v 3.285736 4.089324 1.039938
v 3.285736 4.067420 1.011071
v 3.285736 4.135997 1.224005
v 3.285736 4.116486 1.128720
v 3.285736 4.096683 1.241581
v 3.285736 4.105134 1.157723
v 3.285736 4.089999 1.170662
v 3.285736 4.073039 1.176797
v 3.285736 4.038054 1.244566
v 3.285736 4.041591 1.171072
v 3.285736 4.011296 1.142571
v 3.285736 3.988863 1.225623
v 3.285736 3.963557 1.068149
v 3.285736 3.946136 1.184979
v 3.285736 3.929217 1.027967
v 3.285736 3.884105 1.095327
v 3.285736 3.894654 1.005364
v 3.285736 3.863846 0.994694
v 3.285736 3.848687 1.065318
v 3.285736 3.811327 0.990805
v 3.285736 3.815672 1.059416
v 3.285736 3.738745 1.242203
v 3.285736 3.808052 1.211930
v 3.285736 3.836553 1.239035
v 3.285736 3.792873 1.067585
v 3.285736 3.765827 1.003427
v 3.285736 3.780433 1.176567
v 3.285736 3.772987 1.090449
v 3.285736 3.769908 1.148285
v 3.285736 3.766584 1.122543
v 3.285736 3.737102 1.021160
v 3.285736 3.714734 1.045135
v 3.285736 3.707206 1.192776
v 3.285736 3.699692 1.074353
v 3.285736 3.694477 1.146199
v 3.285736 3.693184 1.105489
v 3.235159 3.699341 0.118455
v 3.235159 4.184587 0.118455
v 3.235159 4.086913 1.041445
v 3.235159 4.066020 1.010468
v 3.235159 4.130662 -0.343897
v 3.235159 4.167087 -0.293725
v 3.235159 4.167087 -0.809324
v 3.235159 4.188895 -0.748505
v 3.235159 4.155571 1.006671
v 3.235159 4.150401 -0.042380
v 3.235159 4.118840 -0.008088
v 3.235159 4.179925 -0.613374
v 3.235159 4.150401 -0.557979
v 3.235159 4.162824 1.203187
v 3.235159 4.137417 1.225814
v 3.235159 3.979070 0.191910
v 3.235159 3.979070 0.419169
v 3.235159 3.904857 0.419169
v 3.235159 3.904857 0.191910
v 3.235159 4.130662 -0.859496
v 3.235159 4.113338 1.128248
v 3.235159 4.112637 1.096386
v 3.235159 4.107601 -0.137026
v 3.235159 4.112461 -0.180793
v 3.235159 4.118840 -0.523687
v 3.235159 4.110984 -0.202903
v 3.235159 4.097290 1.243667
v 3.235159 3.699341 0.492623
v 3.235159 3.699341 0.419169
v 3.235159 4.103806 -0.234344
v 3.235159 4.102348 1.156081
v 3.235159 3.699341 0.191910
v 3.235159 4.107601 -0.652625
v 3.235159 4.112459 -0.696216
v 3.235159 4.107594 -0.740099
v 3.235159 4.088272 1.168180
v 3.235159 4.187716 0.655972
v 3.235159 4.194392 0.721852
v 3.235159 4.180498 0.795153
v 3.235159 4.094688 -0.373664
v 3.235159 4.072760 1.173667
v 3.235159 4.094328 0.011327
v 3.235159 4.170043 0.599543
v 3.235159 4.094688 -0.889263
v 3.235159 4.037651 1.246651
v 3.235159 4.084690 -0.271082
v 3.235159 4.094328 -0.504272
v 3.235159 4.151602 0.851587
v 3.235159 4.084645 -0.090559
v 3.235159 4.084635 -0.786760
v 3.235159 4.043257 1.168277
v 3.235159 4.150705 0.559109
v 3.235159 4.084645 -0.606158
v 3.235159 4.013709 1.140889
v 3.235159 4.053834 -0.396823
v 3.235159 3.987509 1.227394
v 3.235159 4.111421 0.689599
v 3.235159 4.103402 0.649563
v 3.235159 4.053496 0.034657
v 3.235159 4.053834 -0.912422
v 3.235159 4.083893 0.602727
v 3.235159 4.056527 -0.300974
v 3.235159 4.053496 -0.480943
v 3.235159 3.965732 1.066815
v 3.235159 4.056536 -0.060830
v 3.235159 3.944118 1.186407
v 3.235159 4.064658 0.561791
v 3.235159 4.056527 -0.816573
v 3.235159 4.056536 -0.576429
v 3.235159 3.930942 1.026351
v 3.235159 4.108753 0.897659
v 3.235159 4.020528 -0.322996
v 3.235159 3.881755 1.097108
v 3.235159 4.112125 0.727990
v 3.235159 4.020528 -0.838595
v 3.235159 4.020530 -0.038846
v 3.235159 3.895844 1.003369
v 3.235159 4.103696 0.768364
v 3.235159 3.992219 -0.415220
v 3.235159 4.020530 -0.554445
v 3.235159 3.991854 0.053323
v 3.235159 3.864396 0.992502
v 3.235159 4.084428 0.805931
v 3.235159 3.992219 -0.930819
v 3.235159 3.847135 1.068104
v 3.235159 3.977860 -0.335999
v 3.235159 3.991854 -0.462277
v 3.235159 4.053921 0.931528
v 3.235159 3.977855 -0.025855
v 3.235159 3.977860 -0.851598
v 3.235159 3.811068 0.988643
v 3.235159 4.056054 0.836572
v 3.235159 3.815984 1.062550
v 3.235159 3.977855 -0.541454
v 3.235159 3.837978 1.239525
v 3.235159 3.737762 1.243731
v 3.235159 3.941964 -0.419063
v 3.235159 3.810305 1.210103
v 3.235159 4.019878 0.859142
v 3.235159 3.925472 0.057189
v 3.235159 3.989203 0.951393
v 3.235159 3.941964 -0.934662
v 3.235159 3.794905 1.070072
v 3.235159 3.929675 -0.338742
v 3.235159 3.925473 -0.458410
v 3.235159 3.977023 0.872481
v 3.235159 3.929675 -0.854341
v 3.235159 3.922213 0.955577
v 3.235159 3.929678 -0.023115
v 3.235159 3.764760 1.001412
v 3.235159 3.783186 1.175297
v 3.235159 3.892958 -0.415318
v 3.235159 3.929678 -0.538714
v 3.235159 3.776035 1.091712
v 3.235159 3.941256 0.875260
v 3.235159 3.904630 0.872513
v 3.235159 3.884266 -0.031146
v 3.235159 3.892958 -0.930917
v 3.235159 3.884263 -0.330705
v 3.235159 3.772840 1.147691
v 3.235159 3.866837 0.946199
v 3.235159 3.884266 -0.546745
v 3.235159 3.861498 0.046017
v 3.235159 3.884263 -0.846304
v 3.235159 3.769689 1.122651
v 3.235159 3.872224 0.863346
v 3.235159 3.861498 -0.469582
v 3.235159 3.831827 -0.397197
v 3.235159 3.843246 0.849503
v 3.235159 3.844800 -0.313038
v 3.235159 3.735431 1.019483
v 3.235159 3.811481 0.923768
v 3.235159 3.831827 -0.912796
v 3.235159 3.844794 -0.048790
v 3.235159 3.844800 -0.828637
v 3.235159 3.811417 0.822928
v 3.235159 3.823513 0.557546
v 3.235159 3.803777 0.596201
v 3.235159 3.803518 0.020804
v 3.235159 3.844794 -0.564389
v 3.235159 3.712628 1.043916
v 3.235159 3.704893 1.193614
v 3.235159 3.736289 0.554548
v 3.235159 3.812484 -0.286923
v 3.235159 3.803519 -0.494795
v 3.235159 3.761314 0.887920
v 3.235159 3.812484 -0.802522
v 3.235159 3.697298 1.073655
v 3.235159 3.812474 -0.074846
v 3.235159 3.691954 1.146511
v 3.235159 3.788119 0.788440
v 3.235159 3.782055 0.645303
v 3.235159 3.777959 -0.365457
v 3.235159 3.812474 -0.590445
v 3.235159 3.690648 1.105306
v 3.235159 3.788589 -0.253500
v 3.235159 3.777959 -0.881056
v 3.235159 3.774379 0.746768
v 3.235159 3.788579 -0.108153
v 3.235159 3.788589 -0.769099
v 3.235159 3.771572 0.695582
v 3.235159 3.754521 -0.017338
v 3.235159 3.788579 -0.623752
v 3.235159 3.774426 -0.213795
v 3.235159 3.754521 -0.532937
v 3.235159 3.774426 -0.729394
v 3.235159 3.721218 0.838282
v 3.235159 3.774423 -0.147661
v 3.235159 3.734488 -0.321036
v 3.235159 3.774423 -0.663260
v 3.235159 3.717464 0.586807
v 3.235159 3.771469 -0.180617
v 3.235159 3.695995 0.774558
v 3.235159 3.734488 -0.836635
v 3.235159 3.771469 -0.696216
v 3.235159 3.700005 0.634462
v 3.235159 3.690229 0.697259
v 3.235159 3.717452 -0.067212
v 3.235159 4.193461 1.097795
v 3.235159 4.191391 1.139138
v 3.235159 3.704362 -0.264928
v 3.235159 3.717452 -0.582810
v 3.235159 4.186538 1.062452
v 3.235159 3.695153 -0.127568
v 3.235159 3.704362 -0.780527
v 3.235159 4.180979 1.174010
v 3.235159 4.184587 -0.994657
v 3.235159 3.699341 -0.994657
v 3.235159 3.690371 -0.197847
v 3.235159 3.695153 -0.643167
v 3.235159 4.172099 1.029418
v 3.235159 4.184587 -1.068112
v 3.235159 4.184587 0.492623
v 3.235159 3.690371 -0.713446
v 3.235159 3.773555 -1.068112
v 3.235159 4.184587 0.419169
v 3.235159 4.188895 -0.232906
v 3.235159 4.193524 -0.162634
v 3.235159 4.179925 -0.097775
v 3.235159 3.773555 -1.261070
v 3.235159 3.699341 -1.261070
v 3.235159 4.184587 0.191910
v 3.235159 4.102680 1.065913
v 3.235159 4.193524 -0.678233
v 3.261198 5.028403 0.006863
v 3.261198 5.063394 0.028130
v 3.220250 5.063394 0.028130
v 3.220250 5.028403 0.006863
v 3.220250 5.084660 -0.006861
v 3.220250 5.049669 -0.028128
v 3.261198 5.084660 -0.006861
v 3.261198 5.156163 -0.124506
v 3.220250 5.156163 -0.124506
v 3.261198 5.049669 -0.028128
v 3.220250 5.288713 0.165076
v 3.220250 5.309980 0.130085
v 3.261198 5.288713 0.165076
v 3.261198 5.309980 0.130085
v 3.220252 5.121172 -0.145772
v 3.261198 5.121172 -0.145772
v -0.263216 5.509760 0.000001
v -0.382485 5.509760 0.000001
v -0.382485 5.494317 0.117306
v -0.263216 5.494317 0.117306
v -0.382485 5.449039 0.226616
v -0.263216 5.449039 0.226616
v -0.382485 5.377012 0.320483
v -0.263216 5.377012 0.320483
v -0.382485 5.283145 0.392510
v -0.263216 5.283145 0.392510
v -0.382485 5.173835 0.437787
v -0.263216 5.173835 0.437787
v -0.382485 5.056531 0.453231
v -0.263216 5.056531 0.453231
v -0.382485 4.939227 0.437787
v -0.263216 4.939227 0.437787
v -0.382485 4.829916 0.392510
v -0.263216 4.829916 0.392510
v -0.382485 4.736049 0.320483
v -0.263216 4.736049 0.320483
v -0.382485 4.664022 0.226616
v -0.263216 4.664022 0.226616
v -0.382485 4.618745 0.117306
v -0.263216 4.618745 0.117306
v -0.382485 4.603302 0.000001
v -0.263216 4.603302 0.000001
v -0.382485 4.618745 -0.117303
v -0.263216 4.618745 -0.117303
v -0.382485 4.664022 -0.226613
v -0.263216 4.664022 -0.226613
v -0.382485 4.736049 -0.320480
v -0.263216 4.736049 -0.320480
v -0.382485 4.829916 -0.392507
v -0.263216 4.829916 -0.392507
v -0.382485 4.939227 -0.437785
v -0.263216 4.939227 -0.437785
v -0.382485 5.056531 -0.453228
v -0.263216 5.056531 -0.453228
v -0.382485 5.173835 -0.437785
v -0.263216 5.173835 -0.437785
v -0.382485 5.283145 -0.392507
v -0.263216 5.283145 -0.392507
v -0.382485 5.377012 -0.320480
v -0.263216 5.377012 -0.320480
v -0.382485 5.449039 -0.226614
v -0.263216 5.449039 -0.226614
v -0.382485 5.408148 -0.094214
v -0.382485 5.371782 -0.182009
v -0.354564 5.371782 -0.182009
v -0.354564 5.408148 -0.094214
v -0.382485 5.494317 -0.117303
v -0.263216 5.494317 -0.117303
v -0.382485 5.420552 0.000001
v -0.382485 5.408148 0.094217
v -0.382485 5.371782 0.182012
v -0.382485 5.313932 0.257403
v -0.382485 5.238541 0.315253
v -0.382485 5.150746 0.351619
v -0.382485 5.056531 0.364022
v -0.382485 4.962315 0.351619
v -0.382485 4.874520 0.315253
v -0.382485 4.799129 0.257403
v -0.382485 4.741280 0.182012
v -0.382485 4.704914 0.094217
v -0.382485 4.692510 0.000001
v -0.382485 4.704914 -0.094214
v -0.382485 4.741280 -0.182009
v -0.382485 4.799129 -0.257400
v -0.382485 4.874520 -0.315250
v -0.382485 4.962315 -0.351616
v -0.382485 5.056531 -0.364020
v -0.382485 5.150746 -0.351616
v -0.382485 5.238541 -0.315250
v -0.382485 5.313932 -0.257400
v -0.354564 5.408148 0.094217
v -0.354564 5.420552 0.000001
v -0.354564 5.313932 -0.257400
v -0.354564 5.238541 -0.315250
v -0.354564 5.150746 -0.351616
v -0.354564 5.056531 -0.364020
v -0.354564 4.962315 -0.351616
v -0.354564 4.874520 -0.315250
v -0.354564 4.799129 -0.257400
v -0.354564 4.741280 -0.182009
v -0.354564 4.704914 -0.094214
v -0.354564 4.692510 0.000001
v -0.354564 4.704914 0.094217
v -0.354564 4.741280 0.182012
v -0.354565 4.799129 0.257403
v -0.354565 4.874520 0.315253
v -0.354565 4.962315 0.351619
v -0.354565 5.056531 0.364022
v -0.354565 5.150746 0.351619
v -0.354565 5.238541 0.315253
v -0.354565 5.313932 0.257403
v -0.354565 5.371782 0.182012
v -0.375037 5.028403 -0.006861
v -0.375037 5.063394 -0.028127
v -0.334091 5.063394 -0.028127
v -0.334091 5.028403 -0.006861
v -0.334091 5.084660 0.006863
v -0.334091 5.049669 0.028130
v -0.375037 5.084660 0.006863
v -0.375037 5.156163 0.124508
v -0.334091 5.156163 0.124508
v -0.375037 5.049669 0.028130
v -0.334091 5.288713 -0.165073
v -0.334091 5.309980 -0.130083
v -0.375037 5.288713 -0.165073
v -0.375037 5.309980 -0.130083
v -0.334091 5.121172 0.145775
v -0.375037 5.121172 0.145775
v -13.089357 0.050889 3.305010
v -13.089357 0.050889 3.213730
v -12.998077 0.050889 3.213730
v -12.998077 0.050889 3.305010
v -3.493834 0.050889 3.305009
v -3.585114 0.050889 3.305009
v -3.585114 0.050889 3.213729
v -3.493834 0.050889 3.213729
v -12.998077 0.050889 3.305010
v -12.998077 1.046619 3.305010
v -13.089357 1.046619 3.305010
v -13.089357 0.050889 3.305010
v -13.089357 0.050889 3.305010
v -13.089357 1.046619 3.305010
v -13.089357 1.046620 3.213730
v -13.089357 0.050889 3.213730
v -13.089357 0.050889 3.213730
v -13.089357 1.046620 3.213730
v -12.998077 1.046620 3.213730
v -12.998077 0.050889 3.213730
v -12.998077 0.050889 3.213730
v -12.998077 1.046620 3.213730
v -12.998077 1.046619 3.305010
v -12.998077 0.050889 3.305010
v -12.968235 1.196643 3.305010
v -13.052567 1.231574 3.305010
v -12.968235 1.196643 3.213730
v -13.052567 1.231575 3.213730
v -12.947799 1.388371 3.213730
v -12.883254 1.323828 3.213730
v -12.968235 1.196643 3.213730
v -12.968235 1.196643 3.305010
v -13.052567 1.231574 3.305010
v -13.052567 1.231575 3.213730
v -12.883254 1.323827 3.305010
v -12.883254 1.323828 3.213730
v -12.756070 1.408808 3.213730
v -12.756070 1.408808 3.305010
v -12.883254 1.323827 3.305010
v -12.947799 1.388371 3.305010
v -12.947799 1.388371 3.305010
v -12.947799 1.388371 3.213730
v -12.756070 1.408808 3.213730
v -12.791001 1.493141 3.213730
v -12.606047 1.529930 3.213730
v -12.606047 1.438650 3.213730
v -12.791001 1.493140 3.305010
v -12.791001 1.493141 3.213730
v -12.756070 1.408808 3.305010
v -12.791001 1.493140 3.305010
v -12.606047 1.438650 3.305010
v -12.606047 1.438650 3.213730
v -12.606047 1.379042 2.874772
v -12.606047 1.379041 3.643968
v -12.606047 1.438650 3.305010
v -12.606047 1.529930 3.305010
v -12.606047 1.438650 3.213730
v -12.606047 1.438650 3.305010
v -12.606047 1.529930 3.305010
v -12.606047 1.529930 3.213730
v -12.606047 1.529930 3.305010
v -12.606047 2.011562 3.643968
v -12.606047 1.529930 3.213730
v -12.606047 2.011562 2.874772
v -12.606047 1.379042 2.874772
v -12.606047 2.011562 2.874772
v -12.575846 2.011562 2.874772
v -12.575846 1.379042 2.874772
v -12.606047 2.011562 3.643968
v -12.606047 1.379041 3.643968
v -12.575846 1.379041 3.643968
v -12.575846 2.011562 3.643968
v -12.606047 1.379041 3.643968
v -12.606047 1.379042 2.874772
v -12.575846 1.379042 2.874772
v -12.575846 1.379041 3.643968
v -12.606047 2.011562 2.874772
v -12.606047 2.011562 3.643968
v -12.575846 2.011562 3.643968
v -12.575846 2.011562 2.874772
v -12.575846 1.848919 3.481325
v -12.575846 1.541683 3.481325
v -12.575846 1.541684 3.037415
v -12.575846 1.848920 3.037415
v -12.575846 1.512443 3.510565
v -12.575846 1.878159 3.510565
v -12.575846 2.011562 3.643968
v -12.575846 1.379041 3.643968
v -12.575846 1.878160 3.008175
v -12.575846 2.011562 2.874772
v -12.575846 1.512444 3.008175
v -12.575846 1.379042 2.874772
v -12.370439 1.484290 3.111742
v -12.424707 1.484290 3.134170
v -12.419415 1.500118 3.142106
v -12.368585 1.500118 3.121099
v -12.365105 1.499367 3.138671
v -12.409473 1.499367 3.157008
v -12.404906 1.484290 3.163855
v -12.363504 1.484290 3.146744
v -12.363504 1.484290 3.146744
v -12.404906 1.484290 3.163855
v -12.409473 1.469213 3.157008
v -12.365105 1.469213 3.138671
v -12.368585 1.468462 3.121099
v -12.419415 1.468462 3.142106
v -12.424707 1.484290 3.134170
v -12.370439 1.484290 3.111742
v -12.466226 1.484290 3.175603
v -12.458321 1.500113 3.180925
v -12.443451 1.499369 3.190929
v -12.436609 1.484290 3.195507
v -12.436609 1.484290 3.195507
v -12.443451 1.469213 3.190929
v -12.458321 1.468467 3.180925
v -12.466226 1.484290 3.175603
v -12.490271 1.484290 3.237958
v -12.480473 1.499794 3.243736
v -12.461859 1.499369 3.235265
v -12.453785 1.484290 3.236881
v -12.453785 1.484290 3.236881
v -12.461859 1.469212 3.235265
v -12.480473 1.468786 3.243736
v -12.490271 1.484290 3.237958
v -12.461897 1.499369 3.283282
v -12.453821 1.484290 3.281679
v -12.453821 1.484290 3.281679
v -12.461897 1.469212 3.283282
v -12.480516 1.468786 3.274779
v -12.490317 1.484290 3.280543
v -12.576300 1.484290 3.280823
v -12.576388 1.467890 3.274143
v -12.490317 1.484290 3.280543
v -12.466360 1.484290 3.342937
v -12.458447 1.500112 3.337627
v -12.480516 1.499794 3.274779
v -12.443561 1.499368 3.327647
v -12.436710 1.484290 3.323081
v -12.436710 1.484290 3.323081
v -12.443561 1.469212 3.327647
v -12.480516 1.468786 3.274779
v -12.458447 1.468467 3.337627
v -12.466360 1.484290 3.342937
v -12.490317 1.484290 3.280543
v -12.424908 1.484290 3.384436
v -12.419601 1.500118 3.376509
v -12.409637 1.499366 3.361622
v -12.405060 1.484290 3.354783
v -12.405060 1.484290 3.354783
v -12.409637 1.469213 3.361622
v -12.419601 1.468461 3.376509
v -12.424908 1.484290 3.384436
v -12.370674 1.484290 3.406951
v -12.368806 1.500118 3.397597
v -12.365297 1.499366 3.380030
v -12.363686 1.484290 3.371959
v -12.363686 1.484290 3.371959
v -12.365297 1.469213 3.380030
v -12.368806 1.468461 3.397597
v -12.370674 1.484290 3.406951
v -12.311953 1.484290 3.406998
v -12.313807 1.500118 3.397641
v -12.317287 1.499366 3.380068
v -12.318887 1.484290 3.371995
v -12.318887 1.484290 3.371995
v -12.317287 1.469213 3.380068
v -12.313807 1.468461 3.397641
v -12.311953 1.484290 3.406998
v -12.257685 1.484290 3.384570
v -12.262978 1.500118 3.376634
v -12.272919 1.499366 3.361732
v -12.277485 1.484290 3.354885
v -12.277485 1.484290 3.354885
v -12.272919 1.469213 3.361732
v -12.262978 1.468461 3.376634
v -12.257685 1.484290 3.384570
v -12.216129 1.484290 3.343081
v -12.224056 1.500118 3.337775
v -12.238943 1.499366 3.327811
v -12.245783 1.484290 3.323233
v -12.245783 1.484290 3.323233
v -12.238943 1.469213 3.327811
v -12.224056 1.468461 3.337775
v -12.216129 1.484290 3.343081
v -12.193615 1.484290 3.288848
v -12.202969 1.500118 3.286980
v -12.220536 1.499367 3.283471
v -12.228606 1.484290 3.281859
v -12.228606 1.484290 3.281859
v -12.220536 1.469213 3.283471
v -12.202969 1.468462 3.286980
v -12.193615 1.484290 3.288848
v -12.193567 1.484290 3.230128
v -12.202925 1.500118 3.231981
v -12.220497 1.499367 3.235462
v -12.228571 1.484290 3.237061
v -12.228571 1.484290 3.237061
v -12.220497 1.469213 3.235462
v -12.202925 1.468462 3.231981
v -12.193567 1.484290 3.230128
v -12.215996 1.484290 3.175858
v -12.223932 1.500118 3.181152
v -12.238834 1.499367 3.191092
v -12.245681 1.484290 3.195659
v -12.245681 1.484290 3.195659
v -12.238834 1.469213 3.191092
v -12.223932 1.468462 3.181152
v -12.215996 1.484290 3.175858
v -12.257484 1.484290 3.134304
v -12.262791 1.500118 3.142231
v -12.272755 1.499367 3.157118
v -12.277332 1.484290 3.163957
v -12.277332 1.484290 3.163957
v -12.272755 1.469213 3.157118
v -12.262791 1.468462 3.142231
v -12.257484 1.484290 3.134304
v -12.311718 1.484290 3.111789
v -12.313586 1.500118 3.121143
v -12.317095 1.499367 3.138710
v -12.318707 1.484290 3.146781
v -12.318707 1.484290 3.146781
v -12.317095 1.469213 3.138710
v -12.313586 1.468462 3.121143
v -12.311718 1.484290 3.111789
v -12.576300 1.484290 3.237677
v -12.576300 1.484290 3.280823
v -12.576388 1.500691 3.274143
v -12.576387 1.500691 3.244370
v -12.576387 1.467890 3.244370
v -12.576388 1.467890 3.274143
v -12.480473 1.499794 3.243736
v -12.490271 1.484290 3.237958
v -12.576300 1.484290 3.237677
v -12.576387 1.500691 3.244370
v -12.490271 1.484290 3.237958
v -12.480473 1.468786 3.243736
v -12.576387 1.467890 3.244370
v -12.576300 1.484290 3.237677
v -12.490317 1.484290 3.280543
v -12.480516 1.499794 3.274779
v -12.576388 1.500691 3.274143
v -12.576300 1.484290 3.280823
v -12.370439 1.484290 3.406998
v -12.368585 1.500118 3.397641
v -12.419415 1.500118 3.376634
v -12.424707 1.484290 3.384570
v -12.368585 1.500118 3.397641
v -12.365105 1.499366 3.380068
v -12.409473 1.499366 3.361732
v -12.419415 1.500118 3.376634
v -12.365105 1.469213 3.380068
v -12.368585 1.468461 3.397641
v -12.419415 1.468461 3.376634
v -12.409473 1.469213 3.361732
v -12.458321 1.500112 3.337815
v -12.466226 1.484290 3.343137
v -12.443451 1.499368 3.327811
v -12.458321 1.500112 3.337815
v -12.458321 1.468467 3.337815
v -12.443451 1.469212 3.327811
v -12.480473 1.499794 3.275004
v -12.490271 1.484290 3.280782
v -12.461859 1.499369 3.283475
v -12.480473 1.499794 3.275004
v -12.480473 1.468786 3.275004
v -12.461859 1.469212 3.283475
v -12.576387 1.467890 3.274369
v -12.576388 1.467890 3.244596
v -12.480516 1.468786 3.243961
v -12.461897 1.499369 3.235458
v -12.480516 1.499794 3.243961
v -12.461897 1.469212 3.235458
v -12.480516 1.468786 3.243961
v -12.576388 1.467890 3.244596
v -12.576300 1.484290 3.237916
v -12.490317 1.484290 3.238197
v -12.490317 1.484290 3.238197
v -12.480516 1.499794 3.243961
v -12.458447 1.500113 3.181113
v -12.466360 1.484290 3.175803
v -12.443561 1.499369 3.191093
v -12.458447 1.500113 3.181113
v -12.458447 1.468467 3.181113
v -12.443561 1.469213 3.191093
v -12.419601 1.500118 3.142231
v -12.424908 1.484290 3.134304
v -12.409637 1.499367 3.157118
v -12.419601 1.500118 3.142231
v -12.419601 1.468462 3.142231
v -12.409637 1.469213 3.157118
v -12.368806 1.500118 3.121143
v -12.370674 1.484290 3.111789
v -12.365297 1.499367 3.138710
v -12.368806 1.500118 3.121143
v -12.368806 1.468462 3.121143
v -12.365297 1.469213 3.138710
v -12.313807 1.500118 3.121099
v -12.311953 1.484290 3.111742
v -12.317287 1.499367 3.138671
v -12.313807 1.500118 3.121099
v -12.313807 1.468462 3.121099
v -12.317287 1.469213 3.138671
v -12.262978 1.500118 3.142106
v -12.257685 1.484290 3.134170
v -12.272919 1.499367 3.157008
v -12.262978 1.500118 3.142106
v -12.262978 1.468462 3.142106
v -12.272919 1.469213 3.157008
v -12.224056 1.500118 3.180965
v -12.216129 1.484290 3.175658
v -12.238943 1.499367 3.190929
v -12.224056 1.500118 3.180965
v -12.224056 1.468462 3.180965
v -12.238943 1.469213 3.190929
v -12.202969 1.500118 3.231760
v -12.193615 1.484290 3.229892
v -12.220536 1.499367 3.235269
v -12.202969 1.500118 3.231760
v -12.202969 1.468462 3.231760
v -12.220536 1.469213 3.235269
v -12.202925 1.500118 3.286759
v -12.193567 1.484290 3.288612
v -12.220497 1.499367 3.283278
v -12.202925 1.500118 3.286759
v -12.202925 1.468462 3.286759
v -12.220497 1.469213 3.283278
v -12.223932 1.500118 3.337588
v -12.215996 1.484290 3.342881
v -12.238834 1.499366 3.327647
v -12.223932 1.500118 3.337588
v -12.223932 1.468461 3.337588
v -12.238834 1.469213 3.327647
v -12.262791 1.500118 3.376509
v -12.257484 1.484290 3.384436
v -12.272755 1.499366 3.361622
v -12.262791 1.500118 3.376509
v -12.262791 1.468461 3.376509
v -12.272755 1.469213 3.361622
v -12.313586 1.500118 3.397597
v -12.311718 1.484290 3.406951
v -12.317095 1.499366 3.380030
v -12.313586 1.500118 3.397597
v -12.313586 1.468461 3.397597
v -12.317095 1.469213 3.380030
v -12.576300 1.484290 3.281062
v -12.576387 1.500691 3.274369
v -12.576388 1.500691 3.244596
v -12.576300 1.484290 3.237916
v -12.576387 1.467890 3.274369
v -12.576388 1.467890 3.244596
v -12.480473 1.499794 3.275004
v -12.576387 1.500691 3.274369
v -12.576300 1.484290 3.281062
v -12.490271 1.484290 3.280782
v -12.490271 1.484290 3.280782
v -12.576300 1.484290 3.281062
v -12.576387 1.467890 3.274369
v -12.480473 1.468786 3.275004
v -12.576388 1.500691 3.244596
v -12.576387 1.500691 3.274369
v -12.490317 1.484290 3.238197
v -12.576300 1.484290 3.237916
v -12.576388 1.500691 3.244596
v -12.480516 1.499794 3.243961
v -3.585114 0.050889 3.305009
v -3.493834 0.050889 3.305009
v -3.493834 1.046619 3.305009
v -3.585114 1.046619 3.305009
v -3.493834 0.050889 3.305009
v -3.493834 0.050889 3.213729
v -3.493834 1.046620 3.213729
v -3.493834 1.046619 3.305009
v -3.493834 0.050889 3.213729
v -3.585114 0.050889 3.213729
v -3.585114 1.046620 3.213729
v -3.493834 1.046620 3.213729
v -3.585114 0.050889 3.213729
v -3.585114 0.050889 3.305009
v -3.585114 1.046619 3.305009
v -3.585114 1.046620 3.213729
v -3.530623 1.231574 3.305009
v -3.614955 1.196643 3.305009
v -3.614955 1.196643 3.213729
v -3.699936 1.323828 3.213729
v -3.635392 1.388371 3.213729
v -3.530623 1.231575 3.213729
v -3.614955 1.196643 3.305009
v -3.614955 1.196643 3.213729
v -3.530623 1.231575 3.213729
v -3.530623 1.231574 3.305009
v -3.699936 1.323827 3.305009
v -3.827120 1.408808 3.305009
v -3.827120 1.408808 3.213729
v -3.699936 1.323828 3.213729
v -3.635392 1.388371 3.305009
v -3.699936 1.323827 3.305009
v -3.635392 1.388371 3.213729
v -3.635392 1.388371 3.305009
v -3.827120 1.408808 3.213729
v -3.977144 1.438650 3.213729
v -3.977144 1.529930 3.213729
v -3.792189 1.493141 3.213729
v -3.792189 1.493141 3.213729
v -3.792189 1.493140 3.305009
v -3.792189 1.493140 3.305009
v -3.827120 1.408808 3.305009
v -3.977144 1.529930 3.305009
v -3.977144 1.438650 3.305009
v -3.977144 1.438650 3.305009
v -3.977144 1.438650 3.213729
v -3.977144 1.529930 3.213729
v -3.977144 1.529930 3.305009
v -3.977144 1.379042 2.874772
v -4.007344 1.379042 2.874772
v -4.007344 2.011562 2.874772
v -3.977144 2.011562 2.874772
v -3.977144 1.379041 3.643967
v -4.007344 1.379041 3.643967
v -4.007344 1.379042 2.874772
v -3.977144 1.379042 2.874772
v -3.977144 2.011562 2.874772
v -4.007344 2.011562 2.874772
v -4.007344 2.011562 3.643967
v -3.977144 2.011562 3.643967
v -4.007344 1.848919 3.481325
v -4.007344 1.848920 3.037414
v -4.007344 1.541684 3.037414
v -4.007344 1.541683 3.481325
v -4.007344 1.512443 3.510565
v -4.007344 1.379041 3.643967
v -4.007344 2.011562 3.643967
v -4.007344 1.878159 3.510565
v -4.007344 2.011562 2.874772
v -4.007344 1.878160 3.008174
v -4.007344 1.512444 3.008174
v -4.007344 1.379042 2.874772
v -4.218086 1.499367 3.138671
v -4.219686 1.484290 3.146744
v -4.178284 1.484290 3.163855
v -4.173717 1.499367 3.157008
v -4.219686 1.484290 3.146744
v -4.218086 1.469213 3.138671
v -4.173717 1.469213 3.157008
v -4.178284 1.484290 3.163855
v -4.218086 1.469213 3.138671
v -4.214605 1.468462 3.121099
v -4.163776 1.468462 3.142105
v -4.173717 1.469213 3.157008
v -4.214605 1.468462 3.121099
v -4.212752 1.484290 3.111742
v -4.158484 1.484290 3.134169
v -4.163776 1.468462 3.142105
v -4.146582 1.484290 3.195506
v -4.139739 1.499369 3.190929
v -4.139739 1.469213 3.190929
v -4.146582 1.484290 3.195506
v -4.124869 1.468467 3.180924
v -4.139739 1.469213 3.190929
v -4.116964 1.484290 3.175602
v -4.124869 1.468467 3.180924
v -4.129405 1.484290 3.236880
v -4.121331 1.499369 3.235265
v -4.121331 1.469212 3.235265
v -4.129405 1.484290 3.236880
v -4.102718 1.468786 3.243736
v -4.121331 1.469212 3.235265
v -4.092919 1.484290 3.237958
v -4.102718 1.468786 3.243736
v -4.006803 1.467890 3.244370
v -4.006802 1.467890 3.274143
v -4.102674 1.468786 3.274779
v -4.129369 1.484290 3.281678
v -4.121294 1.499369 3.283281
v -4.121294 1.469212 3.283281
v -4.129369 1.484290 3.281678
v -4.121294 1.469212 3.283281
v -4.146480 1.484290 3.323080
v -4.139629 1.499368 3.327647
v -4.139629 1.469212 3.327647
v -4.146480 1.484290 3.323080
v -4.124744 1.468467 3.337627
v -4.139629 1.469212 3.327647
v -4.102674 1.468786 3.274779
v -4.092873 1.484290 3.280543
v -4.116831 1.484290 3.342937
v -4.124744 1.468467 3.337627
v -4.178131 1.484290 3.354782
v -4.173553 1.499366 3.361622
v -4.173553 1.469213 3.361622
v -4.178131 1.484290 3.354782
v -4.163589 1.468461 3.376508
v -4.173553 1.469213 3.361622
v -4.158283 1.484290 3.384436
v -4.163589 1.468461 3.376508
v -4.219505 1.484290 3.371959
v -4.217894 1.499366 3.380029
v -4.217894 1.469213 3.380029
v -4.219505 1.484290 3.371959
v -4.214385 1.468461 3.397596
v -4.217894 1.469213 3.380029
v -4.212516 1.484290 3.406951
v -4.214385 1.468461 3.397596
v -4.264303 1.484290 3.371995
v -4.265903 1.499366 3.380068
v -4.265903 1.469213 3.380068
v -4.264303 1.484290 3.371995
v -4.269383 1.468461 3.397640
v -4.265903 1.469213 3.380068
v -4.271237 1.484290 3.406997
v -4.269383 1.468461 3.397640
v -4.305705 1.484290 3.354884
v -4.310272 1.499366 3.361731
v -4.310272 1.469213 3.361731
v -4.305705 1.484290 3.354884
v -4.320212 1.468461 3.376634
v -4.310272 1.469213 3.361731
v -4.325506 1.484290 3.384569
v -4.320212 1.468461 3.376634
v -4.337407 1.484290 3.323233
v -4.344247 1.499366 3.327811
v -4.344247 1.469213 3.327811
v -4.337407 1.484290 3.323233
v -4.359134 1.468461 3.337775
v -4.344247 1.469213 3.327811
v -4.367061 1.484290 3.343081
v -4.359134 1.468461 3.337775
v -4.354584 1.484290 3.281858
v -4.362654 1.499367 3.283470
v -4.362654 1.469213 3.283470
v -4.354584 1.484290 3.281858
v -4.380221 1.468462 3.286979
v -4.362654 1.469213 3.283470
v -4.389575 1.484290 3.288848
v -4.380221 1.468462 3.286979
v -4.354620 1.484290 3.237061
v -4.362693 1.499367 3.235461
v -4.362693 1.469213 3.235461
v -4.354620 1.484290 3.237061
v -4.380265 1.468462 3.231981
v -4.362693 1.469213 3.235461
v -4.389623 1.484290 3.230127
v -4.380265 1.468462 3.231981
v -4.337509 1.484290 3.195659
v -4.344356 1.499367 3.191092
v -4.344356 1.469213 3.191092
v -4.337509 1.484290 3.195659
v -4.359259 1.468462 3.181152
v -4.344356 1.469213 3.191092
v -4.367194 1.484290 3.175858
v -4.359259 1.468462 3.181152
v -4.305858 1.484290 3.163957
v -4.310435 1.499367 3.157117
v -4.310435 1.469213 3.157117
v -4.305858 1.484290 3.163957
v -4.320399 1.468462 3.142231
v -4.310435 1.469213 3.157117
v -4.325706 1.484290 3.134303
v -4.320399 1.468462 3.142231
v -4.264483 1.484290 3.146780
v -4.266096 1.499367 3.138709
v -4.266096 1.469213 3.138709
v -4.264483 1.484290 3.146780
v -4.269604 1.468462 3.121143
v -4.266096 1.469213 3.138709
v -4.271473 1.484290 3.111788
v -4.269604 1.468462 3.121143
v -4.006890 1.484290 3.237677
v -4.006803 1.500691 3.244370
v -4.006802 1.500691 3.274143
v -4.006891 1.484290 3.280823
v -4.006803 1.467890 3.244370
v -4.006802 1.467890 3.274143
v -4.092873 1.484290 3.280543
v -4.006891 1.484290 3.280823
v -4.006802 1.500691 3.274143
v -4.102674 1.499794 3.274779
v -3.977144 1.438650 3.213729
v -3.977144 1.438650 3.305009
v -3.977144 1.379041 3.643967
v -3.977144 1.379042 2.874772
v -3.977144 1.529930 3.213729
v -3.977144 2.011562 2.874772
v -3.977144 1.529930 3.305009
v -3.977144 2.011562 3.643967
v -3.977144 1.379041 3.643967
v -3.977144 2.011562 3.643967
v -4.007344 2.011562 3.643967
v -4.007344 1.379041 3.643967
v -4.212752 1.484290 3.406997
v -4.158484 1.484290 3.384569
v -4.163776 1.500118 3.376634
v -4.214605 1.500118 3.397640
v -4.214605 1.500118 3.397640
v -4.163776 1.500118 3.376634
v -4.173717 1.499366 3.361731
v -4.218086 1.499366 3.380068
v -4.116964 1.484290 3.343137
v -4.124869 1.500112 3.337814
v -4.124869 1.500112 3.337814
v -4.139739 1.499368 3.327810
v -4.092919 1.484290 3.280781
v -4.102718 1.499794 3.275003
v -4.102718 1.499794 3.275003
v -4.121331 1.499369 3.283474
v -4.102674 1.499794 3.243960
v -4.121294 1.499369 3.235458
v -4.102674 1.468786 3.243960
v -4.092873 1.484290 3.238196
v -4.006891 1.484290 3.237916
v -4.006802 1.467890 3.244596
v -4.092873 1.484290 3.238196
v -4.116831 1.484290 3.175802
v -4.124744 1.500113 3.181112
v -4.102674 1.499794 3.243960
v -4.124744 1.500113 3.181112
v -4.139629 1.499369 3.191092
v -4.158283 1.484290 3.134303
v -4.163589 1.500118 3.142231
v -4.163589 1.500118 3.142231
v -4.173553 1.499367 3.157117
v -4.212516 1.484290 3.111788
v -4.214385 1.500118 3.121143
v -4.214385 1.500118 3.121143
v -4.217894 1.499367 3.138709
v -4.271237 1.484290 3.111742
v -4.269383 1.500118 3.121099
v -4.269383 1.500118 3.121099
v -4.265903 1.499367 3.138671
v -4.325506 1.484290 3.134169
v -4.320212 1.500118 3.142105
v -4.320212 1.500118 3.142105
v -4.310272 1.499367 3.157008
v -4.367061 1.484290 3.175658
v -4.359134 1.500118 3.180964
v -4.359134 1.500118 3.180964
v -4.344247 1.499367 3.190928
v -4.389575 1.484290 3.229891
v -4.380221 1.500118 3.231760
v -4.380221 1.500118 3.231760
v -4.362654 1.499367 3.235268
v -4.389623 1.484290 3.288612
v -4.380265 1.500118 3.286758
v -4.380265 1.500118 3.286758
v -4.362693 1.499367 3.283278
v -4.367194 1.484290 3.342881
v -4.359259 1.500118 3.337587
v -4.359259 1.500118 3.337587
v -4.344356 1.499366 3.327647
v -4.325706 1.484290 3.384436
v -4.320399 1.500118 3.376508
v -4.320399 1.500118 3.376508
v -4.310435 1.499366 3.361622
v -4.271473 1.484290 3.406951
v -4.269604 1.500118 3.397596
v -4.269604 1.500118 3.397596
v -4.266096 1.499366 3.380029
v -4.006890 1.484290 3.281062
v -4.006891 1.484290 3.237916
v -4.006802 1.500691 3.244596
v -4.006803 1.500691 3.274369
v -4.006803 1.467890 3.274369
v -4.006802 1.467890 3.244596
v -4.092919 1.484290 3.280781
v -4.102718 1.468786 3.275003
v -4.006803 1.467890 3.274369
v -4.006890 1.484290 3.281062
v -4.006803 1.500691 3.274369
v -4.006802 1.500691 3.244596
v -4.092873 1.484290 3.238196
v -4.102674 1.499794 3.243960
v -4.006802 1.500691 3.244596
v -4.006891 1.484290 3.237916
vt 0.844413 0.657940
vt 0.844413 0.657940
vt 0.844413 0.657940
vt 0.844413 0.657940
vt 0.844413 0.657940
vt 0.844413 0.657940
vt 0.844413 0.657940
vt 0.844413 0.657940
vt 0.844413 0.657940
vt 0.844413 0.657940
vt 0.844413 0.657940
vt 0.844413 0.657940
vt 0.844413 0.657940
vt 0.844413 0.657940
vt 0.844413 0.657940
vt 0.844413 0.657940
vt 0.032547 0.657981
vt 0.032547 0.657981
vt 0.032547 0.657981
vt 0.032547 0.657981
vt 0.533344 0.657956
vt 0.533344 0.657956
vt 0.533344 0.657956
vt 0.533344 0.657956
vt 0.032547 0.657982
vt 0.032547 0.657982
vt 0.032547 0.657982
vt 0.032547 0.657982
vt 0.094106 0.656007
vt 0.094106 0.656007
vt 0.094106 0.656007
vt 0.094106 0.656007
vt 0.032547 0.657981
vt 0.032547 0.657981
vt 0.032547 0.657982
vt 0.032547 0.657982
vt 0.094106 0.656007
vt 0.094106 0.656007
vt 0.094106 0.656007
vt 0.094106 0.656007
vt 0.533344 0.657956
vt 0.533344 0.657956
vt 0.533344 0.657956
vt 0.533344 0.657956
vt 0.032547 0.657982
vt 0.032547 0.657982
vt 0.032547 0.657982
vt 0.032547 0.657982
vt 0.094106 0.656007
vt 0.094106 0.656007
vt 0.094106 0.656007
vt 0.094106 0.656007
vt 0.032547 0.657982
vt 0.032547 0.657982
vt 0.032547 0.657982
vt 0.032547 0.657982
vt 0.094106 0.656007
vt 0.094106 0.656007
vt 0.094106 0.656007
vt 0.094106 0.656007
vt 0.533344 0.657956
vt 0.533344 0.657956
vt 0.094106 0.656007
vt 0.094106 0.656007
vt 0.533344 0.657956
vt 0.533344 0.657956
vt 0.533344 0.657956
vt 0.533344 0.657956
vt 0.032547 0.657981
vt 0.032547 0.657981
vt 0.032547 0.657982
vt 0.032547 0.657982
vt 0.094106 0.656007
vt 0.094106 0.656007
vt 0.094106 0.656007
vt 0.094106 0.656007
vt 0.094106 0.656007
vt 0.094106 0.656007
vt 0.032547 0.657981
vt 0.032547 0.657982
vt 0.032547 0.657982
vt 0.032547 0.657981
vt 0.032547 0.657981
vt 0.094106 0.656007
vt 0.094106 0.656007
vt 0.094106 0.656007
vt 0.094106 0.656007
vt 0.094106 0.656007
vt 0.094106 0.656007
vt 0.094106 0.656007
vt 0.032547 0.657982
vt 0.032547 0.657982
vt 0.032547 0.657982
vt 0.032547 0.657982
vt 0.032547 0.657982
vt 0.533344 0.657956
vt 0.533344 0.657956
vt 0.533344 0.657956
vt 0.032547 0.657981
vt 0.032547 0.657981
vt 0.032547 0.657982
vt 0.032547 0.657981
vt 0.032547 0.657981
vt 0.032547 0.657981
vt 0.032547 0.657981
vt 0.032547 0.657981
vt 0.032547 0.657981
vt 0.032547 0.657981
vt 0.032547 0.657981
vt 0.094106 0.656007
vt 0.094106 0.656007
vt 0.032547 0.657981
vt 0.032547 0.657981
vt 0.032547 0.657981
vt 0.094106 0.656007
vt 0.094106 0.656007
vt 0.094106 0.656007
vt 0.032547 0.657981
vt 0.533344 0.657956
vt 0.533344 0.657956
vt 0.094106 0.656007
vt 0.094106 0.656007
vt 0.094106 0.656007
vt 0.533344 0.657956
vt 0.533344 0.657956
vt 0.533344 0.657956
vt 0.094106 0.656007
vt 0.094106 0.656007
vt 0.032547 0.657982
vt 0.032547 0.657982
vt 0.032547 0.657982
vt 0.032547 0.657982
vt 0.032547 0.657981
vt 0.032547 0.657981
vt 0.032547 0.657981
vt 0.032547 0.657982
vt 0.032547 0.657982
vt 0.032547 0.657982
vt 0.032547 0.657982
vt 0.094106 0.656007
vt 0.094106 0.656007
vt 0.032547 0.657982
vt 0.032547 0.657982
vt 0.032547 0.657982
vt 0.032547 0.657982
vt 0.094106 0.656007
vt 0.094106 0.656007
vt 0.094106 0.656007
vt 0.094106 0.656007
vt 0.032547 0.657982
vt 0.032547 0.657982
vt 0.032547 0.657982
vt 0.533344 0.657956
vt 0.533344 0.657956
vt 0.094106 0.656007
vt 0.032547 0.657981
vt 0.032547 0.657981
vt 0.032547 0.657981
vt 0.032547 0.657981
vt 0.094106 0.656007
vt 0.094106 0.656007
vt 0.094106 0.656007
vt 0.094106 0.656007
vt 0.533344 0.657956
vt 0.533344 0.657956
vt 0.533344 0.657956
vt 0.533344 0.657956
vt 0.533344 0.657956
vt 0.032547 0.657981
vt 0.032547 0.657981
vt 0.533344 0.657956
vt 0.533344 0.657956
vt 0.533344 0.657956
vt 0.032547 0.657982
vt 0.533344 0.657956
vt 0.533344 0.657956
vt 0.533344 0.657956
vt 0.533344 0.657956
vt 0.032547 0.657981
vt 0.032547 0.657981
vt 0.094106 0.656007
vt 0.094106 0.656007
vt 0.094106 0.656007
vt 0.094106 0.656007
vt 0.094106 0.656007
vt 0.533344 0.657956
vt 0.533344 0.657956
vt 0.533344 0.657956
vt 0.533344 0.657956
vt 0.533344 0.657956
vt 0.094106 0.656007
vt 0.094106 0.656007
vt 0.032547 0.657981
vt 0.032547 0.657981
vt 0.032547 0.657981
vt 0.032547 0.657981
vt 0.533344 0.657956
vt 0.533344 0.657956
vt 0.533344 0.657956
vt 0.533344 0.657956
vt 0.032547 0.657982
vt 0.032547 0.657982
vt 0.533344 0.657956
vt 0.533344 0.657956
vt 0.533344 0.657956
vt 0.533344 0.657956
vt 0.533344 0.657956
vt 0.036697 0.031275
vt 0.036697 0.031275
vt 0.036697 0.031275
vt 0.036697 0.031275
vt 0.036697 0.031275
vt 0.036697 0.031275
vt 0.094106 0.656007
vt 0.094106 0.656007
vt 0.094106 0.656007
vt 0.032547 0.657981
vt 0.032547 0.657981
vt 0.094106 0.656007
vt 0.094106 0.656007
vt 0.032547 0.657981
vt 0.032547 0.657981
vt 0.032547 0.657981
vt 0.032547 0.657981
vt 0.032547 0.657981
vt 0.032547 0.657981
vt 0.032547 0.657981
vt 0.094106 0.656007
vt 0.094106 0.656007
vt 0.032547 0.657981
vt 0.032547 0.657981
vt 0.032547 0.657981
vt 0.032547 0.657981
vt 0.032547 0.657981
vt 0.094106 0.656007
vt 0.094106 0.656007
vt 0.094106 0.656007
vt 0.094106 0.656007
vt 0.533344 0.657956
vt 0.533344 0.657956
vt 0.533344 0.657956
vt 0.533344 0.657956
vt 0.533344 0.657956
vt 0.533344 0.657956
vt 0.032547 0.657981
vt 0.032547 0.657981
vt 0.032547 0.657981
vt 0.032547 0.657981
vt 0.094106 0.656007
vt 0.094106 0.656007
vt 0.032547 0.657982
vt 0.032547 0.657982
vt 0.032547 0.657981
vt 0.032547 0.657981
vt 0.032547 0.657981
vt 0.032547 0.657981
vt 0.094106 0.656007
vt 0.094106 0.656007
vt 0.094106 0.656007
vt 0.094106 0.656007
vt 0.032546 0.657982
vt 0.032546 0.657982
vt 0.533344 0.657956
vt 0.533344 0.657956
vt 0.533344 0.657956
vt 0.533344 0.657956
vt 0.533344 0.657956
vt 0.533344 0.657956
vt 0.032547 0.657982
vt 0.032547 0.657982
vt 0.533344 0.657956
vt 0.533344 0.657956
vt 0.032546 0.657981
vt 0.032546 0.657981
vt 0.032546 0.657981
vt 0.032546 0.657981
vt 0.533344 0.657956
vt 0.533344 0.657956
vt 0.032547 0.657982
vt 0.032547 0.657982
vt 0.032547 0.657982
vt 0.032547 0.657982
vt 0.032547 0.657982
vt 0.032547 0.657982
vt 0.094106 0.656007
vt 0.094106 0.656007
vt 0.533344 0.657956
vt 0.533344 0.657956
vt 0.533344 0.657956
vt 0.032547 0.657982
vt 0.032547 0.657982
vt 0.032547 0.657982
vt 0.032547 0.657982
vt 0.533344 0.657956
vt 0.533344 0.657956
vt 0.533344 0.657956
vt 0.032547 0.657982
vt 0.032547 0.657982
vt 0.032547 0.657982
vt 0.533344 0.657956
vt 0.533344 0.657956
vt 0.533344 0.657956
vt 0.032547 0.657982
vt 0.032547 0.657982
vt 0.032547 0.657982
vt 0.032547 0.657982
vt 0.036697 0.031275
vt 0.036697 0.031275
vt 0.036697 0.031275
vt 0.036697 0.031275
vt 0.036697 0.031275
vt 0.036697 0.031275
vt 0.036697 0.031275
vt 0.036697 0.031275
vt 0.036697 0.031275
vt 0.036697 0.031275
vt 0.036697 0.031275
vt 0.036697 0.031275
vt 0.036697 0.031275
vt 0.036697 0.031275
vt 0.036697 0.031275
vt 0.036697 0.031275
vt 0.036697 0.031275
vt 0.036697 0.031275
vt 0.036697 0.031275
vt 0.036697 0.031275
vt 0.036697 0.031275
vt 0.036697 0.031275
vt 0.036697 0.031275
vt 0.036697 0.031275
vt 0.032547 0.657982
vt 0.533344 0.657956
vt 0.533344 0.657956
vt 0.533344 0.657956
vt 0.533344 0.657956
vt 0.533344 0.657956
vt 0.533344 0.657956
vt 0.032547 0.657982
vt 0.032547 0.657982
vt 0.032547 0.657982
vt 0.032547 0.657982
vt 0.032547 0.657982
vt 0.032547 0.657982
vt 0.032547 0.657982
vt 0.094106 0.656007
vt 0.094106 0.656007
vt 0.094106 0.656007
vt 0.094106 0.656007
vt 0.094106 0.656007
vt 0.094106 0.656007
vt 0.094106 0.656007
vt 0.094106 0.656007
vt 0.094106 0.656007
vt 0.094106 0.656007
vt 0.533344 0.657956
vt 0.094106 0.656007
vt 0.094106 0.656007
vt 0.094106 0.656007
vt 0.094106 0.656007
vt 0.094106 0.656007
vt 0.094106 0.656007
vt 0.094106 0.656007
vt 0.094106 0.656007
vt 0.094106 0.656007
vt 0.094106 0.656007
vt 0.094106 0.656007
vt 0.094106 0.656007
vt 0.094106 0.656007
vt 0.094106 0.656007
vt 0.094106 0.656007
vt 0.533344 0.657956
vt 0.533344 0.657956
vt 0.533344 0.657956
vt 0.533344 0.657956
vt 0.533344 0.657956
vt 0.032547 0.657981
vt 0.032547 0.657981
vt 0.032547 0.657981
vt 0.032547 0.657981
vt 0.032547 0.657981
vt 0.533344 0.657956
vt 0.533344 0.657956
vt 0.533344 0.657956
vt 0.533344 0.657956
vt 0.032547 0.657981
vt 0.032547 0.657981
vt 0.036697 0.031275
vt 0.036697 0.031275
vt 0.036697 0.031275
vt 0.036697 0.031275
vt 0.036697 0.031275
vt 0.036697 0.031275
vt 0.036697 0.031275
vt 0.036697 0.031275
vt 0.036697 0.031275
vt 0.036697 0.031275
vt 0.036697 0.031275
vt 0.036697 0.031275
vt 0.036697 0.031275
vt 0.036697 0.031275
vt 0.036697 0.031275
vt 0.036697 0.031275
vt 0.032547 0.657981
vt 0.032547 0.657981
vt 0.533344 0.657956
vt 0.533344 0.657956
vt 0.032547 0.657981
vt 0.032547 0.657981
vt 0.032547 0.657981
vt 0.032547 0.657981
vt 0.032547 0.657982
vt 0.032547 0.657982
vt 0.032547 0.657981
vt 0.032547 0.657981
vt 0.032547 0.657981
vt 0.032547 0.657981
vt 0.036697 0.031275
vt 0.036697 0.031275
vt 0.036697 0.031275
vt 0.036697 0.031275
vt 0.036697 0.031275
vt 0.036697 0.031275
vt 0.036697 0.031275
vt 0.036697 0.031275
vt 0.032547 0.657981
vt 0.032547 0.657982
vt 0.032547 0.657981
vt 0.032547 0.657982
vt 0.032547 0.657981
vt 0.032547 0.657981
vt 0.032547 0.657981
vt 0.032547 0.657981
vt 0.032547 0.657981
vt 0.032547 0.657981
vt 0.032547 0.657981
vt 0.032547 0.657981
vt 0.032547 0.657981
vt 0.032547 0.657981
vt 0.036697 0.031275
vt 0.036697 0.031275
vt 0.036697 0.031275
vt 0.036697 0.031275
vt 0.036697 0.031275
vt 0.036697 0.031275
vt 0.036697 0.031275
vt 0.036697 0.031275
vt 0.032547 0.657981
vt 0.032547 0.657981
vt 0.032547 0.657981
vt 0.032547 0.657981
vt 0.533344 0.657956
vt 0.533344 0.657956
vt 0.533344 0.657956
vt 0.036697 0.031275
vt 0.036697 0.031275
vt 0.036697 0.031275
vt 0.036697 0.031275
vt 0.533344 0.657956
vt 0.533344 0.657956
vt 0.032547 0.657981
vt 0.032547 0.657981
vt 0.032547 0.657981
vt 0.032547 0.657981
vt 0.533344 0.657956
vt 0.533344 0.657956
vt 0.533344 0.657956
vt 0.533344 0.657956
vt 0.032547 0.657982
vt 0.094106 0.656007
vt 0.094106 0.656007
vt 0.094106 0.656007
vt 0.094106 0.656007
vt 0.032547 0.657981
vt 0.032547 0.657981
vt 0.032547 0.657982
vt 0.032547 0.657982
vt 0.094106 0.656007
vt 0.094106 0.656007
vt 0.094106 0.656007
vt 0.094106 0.656007
vt 0.533344 0.657956
vt 0.533344 0.657956
vt 0.533344 0.657956
vt 0.533344 0.657956
vt 0.032547 0.657982
vt 0.032547 0.657982
vt 0.032547 0.657982
vt 0.032547 0.657982
vt 0.094106 0.656007
vt 0.094106 0.656007
vt 0.094106 0.656007
vt 0.094106 0.656007
vt 0.032547 0.657982
vt 0.032547 0.657982
vt 0.032547 0.657982
vt 0.032547 0.657982
vt 0.094106 0.656007
vt 0.094106 0.656007
vt 0.094106 0.656007
vt 0.094106 0.656007
vt 0.533344 0.657956
vt 0.533344 0.657956
vt 0.094106 0.656007
vt 0.094106 0.656007
vt 0.032547 0.657981
vt 0.032547 0.657981
vt 0.032547 0.657982
vt 0.032547 0.657982
vt 0.094106 0.656007
vt 0.094106 0.656007
vt 0.094106 0.656007
vt 0.094106 0.656007
vt 0.094106 0.656007
vt 0.094106 0.656007
vt 0.032547 0.657981
vt 0.032547 0.657982
vt 0.032547 0.657982
vt 0.032547 0.657981
vt 0.032547 0.657981
vt 0.094106 0.656007
vt 0.094106 0.656007
vt 0.094106 0.656007
vt 0.094106 0.656007
vt 0.094106 0.656007
vt 0.094106 0.656007
vt 0.094106 0.656007
vt 0.032547 0.657982
vt 0.032547 0.657982
vt 0.032547 0.657982
vt 0.032547 0.657981
vt 0.032547 0.657981
vt 0.032547 0.657982
vt 0.032547 0.657981
vt 0.032547 0.657981
vt 0.032547 0.657981
vt 0.032547 0.657981
vt 0.032547 0.657981
vt 0.032547 0.657981
vt 0.032547 0.657981
vt 0.032547 0.657981
vt 0.094106 0.656007
vt 0.094106 0.656007
vt 0.032547 0.657981
vt 0.032547 0.657981
vt 0.032547 0.657981
vt 0.094106 0.656007
vt 0.094106 0.656007
vt 0.094106 0.656007
vt 0.032547 0.657981
vt 0.533344 0.657956
vt 0.533344 0.657956
vt 0.094106 0.656007
vt 0.094106 0.656007
vt 0.094106 0.656007
vt 0.094106 0.656007
vt 0.094106 0.656007
vt 0.094106 0.656007
vt 0.032547 0.657982
vt 0.032547 0.657982
vt 0.032547 0.657982
vt 0.032547 0.657982
vt 0.032547 0.657981
vt 0.032547 0.657981
vt 0.032547 0.657981
vt 0.032547 0.657982
vt 0.032547 0.657982
vt 0.032547 0.657982
vt 0.032547 0.657982
vt 0.094106 0.656007
vt 0.094106 0.656007
vt 0.032547 0.657982
vt 0.032547 0.657982
vt 0.032547 0.657982
vt 0.032547 0.657982
vt 0.094106 0.656007
vt 0.094106 0.656007
vt 0.094106 0.656007
vt 0.094106 0.656007
vt 0.094106 0.656007
vt 0.094106 0.656007
vt 0.094106 0.656007
vt 0.094106 0.656007
vt 0.032547 0.657981
vt 0.032547 0.657981
vt 0.032547 0.657981
vt 0.032547 0.657981
vt 0.094106 0.656007
vt 0.094106 0.656007
vt 0.094106 0.656007
vt 0.094106 0.656007
vt 0.533344 0.657956
vt 0.533344 0.657956
vt 0.533344 0.657956
vt 0.533344 0.657956
vt 0.533344 0.657956
vt 0.533344 0.657956
vt 0.533344 0.657956
vt 0.533344 0.657956
vt 0.032547 0.657981
vt 0.032547 0.657981
vt 0.533344 0.657956
vt 0.533344 0.657956
vt 0.533344 0.657956
vt 0.533344 0.657956
vt 0.032547 0.657982
vt 0.533344 0.657956
vt 0.533344 0.657956
vt 0.032547 0.657982
vt 0.533344 0.657956
vt 0.533344 0.657956
vt 0.533344 0.657956
vt 0.533344 0.657956
vt 0.032547 0.657981
vt 0.032547 0.657981
vt 0.094106 0.656007
vt 0.094106 0.656007
vt 0.094106 0.656007
vt 0.094106 0.656007
vt 0.094106 0.656007
vt 0.533344 0.657956
vt 0.533344 0.657956
vt 0.533344 0.657956
vt 0.533344 0.657956
vt 0.094106 0.656007
vt 0.094106 0.656007
vt 0.032547 0.657981
vt 0.032547 0.657981
vt 0.032547 0.657981
vt 0.032547 0.657981
vt 0.533344 0.657956
vt 0.533344 0.657956
vt 0.533344 0.657956
vt 0.533344 0.657956
vt 0.032547 0.657982
vt 0.032547 0.657982
vt 0.533344 0.657956
vt 0.533344 0.657956
vt 0.533344 0.657956
vt 0.533344 0.657956
vt 0.533344 0.657956
vt 0.533344 0.657956
vt 0.032547 0.657982
vt 0.032547 0.657982
vt 0.032547 0.657982
vt 0.032547 0.657982
vt 0.032547 0.657981
vt 0.094106 0.656007
vt 0.094106 0.656007
vt 0.032547 0.657981
vt 0.032547 0.657981
vt 0.032547 0.657981
vt 0.032547 0.657981
vt 0.032547 0.657981
vt 0.032547 0.657981
vt 0.094106 0.656007
vt 0.094106 0.656007
vt 0.094106 0.656007
vt 0.094106 0.656007
vt 0.094106 0.656007
vt 0.094106 0.656007
vt 0.533344 0.657956
vt 0.533344 0.657956
vt 0.533344 0.657956
vt 0.533344 0.657956
vt 0.533344 0.657956
vt 0.533344 0.657956
vt 0.032547 0.657981
vt 0.032547 0.657981
vt 0.032547 0.657981
vt 0.032547 0.657981
vt 0.094106 0.656007
vt 0.094106 0.656007
vt 0.032547 0.657982
vt 0.032547 0.657982
vt 0.032547 0.657981
vt 0.032547 0.657981
vt 0.032547 0.657981
vt 0.032547 0.657981
vt 0.094106 0.656007
vt 0.094106 0.656007
vt 0.094106 0.656007
vt 0.094106 0.656007
vt 0.533344 0.657956
vt 0.533344 0.657956
vt 0.533344 0.657956
vt 0.533344 0.657956
vt 0.533344 0.657956
vt 0.533344 0.657956
vt 0.032547 0.657982
vt 0.032547 0.657982
vt 0.533344 0.657956
vt 0.533344 0.657956
vt 0.032547 0.657982
vt 0.032547 0.657982
vt 0.032547 0.657982
vt 0.032547 0.657982
vt 0.094106 0.656007
vt 0.094106 0.656007
vt 0.533344 0.657956
vt 0.533344 0.657956
vt 0.533344 0.657956
vt 0.032547 0.657982
vt 0.032547 0.657982
vt 0.032547 0.657982
vt 0.032547 0.657982
vt 0.032547 0.657982
vt 0.533344 0.657956
vt 0.533344 0.657956
vt 0.533344 0.657956
vt 0.032547 0.657982
vt 0.032547 0.657982
vt 0.032547 0.657982
vt 0.533344 0.657956
vt 0.533344 0.657956
vt 0.533344 0.657956
vt 0.032547 0.657982
vt 0.032547 0.657982
vt 0.032547 0.657982
vt 0.032547 0.657982
vt 0.036697 0.031275
vt 0.036697 0.031275
vt 0.036697 0.031275
vt 0.036697 0.031275
vt 0.036697 0.031275
vt 0.036697 0.031275
vt 0.036697 0.031275
vt 0.036697 0.031275
vt 0.036697 0.031275
vt 0.036697 0.031275
vt 0.036697 0.031275
vt 0.036697 0.031275
vt 0.036697 0.031275
vt 0.036697 0.031275
vt 0.036697 0.031275
vt 0.036697 0.031275
vt 0.036697 0.031275
vt 0.036697 0.031275
vt 0.036697 0.031275
vt 0.036697 0.031275
vt 0.036697 0.031275
vt 0.036697 0.031275
vt 0.036697 0.031275
vt 0.036697 0.031275
vt 0.032547 0.657982
vt 0.533344 0.657956
vt 0.533344 0.657956
vt 0.533344 0.657956
vt 0.533344 0.657956
vt 0.533344 0.657956
vt 0.533344 0.657956
vt 0.032547 0.657982
vt 0.032547 0.657982
vt 0.032547 0.657982
vt 0.032547 0.657982
vt 0.032547 0.657982
vt 0.032547 0.657982
vt 0.032547 0.657982
vt 0.094106 0.656007
vt 0.094106 0.656007
vt 0.094106 0.656007
vt 0.094106 0.656007
vt 0.094106 0.656007
vt 0.094106 0.656007
vt 0.094106 0.656007
vt 0.094106 0.656007
vt 0.094106 0.656007
vt 0.094106 0.656007
vt 0.094106 0.656007
vt 0.094106 0.656007
vt 0.094106 0.656007
vt 0.094106 0.656007
vt 0.094106 0.656007
vt 0.094106 0.656007
vt 0.094106 0.656007
vt 0.094106 0.656007
vt 0.094106 0.656007
vt 0.533344 0.657956
vt 0.533344 0.657956
vt 0.533344 0.657956
vt 0.533344 0.657956
vt 0.032546 0.657981
vt 0.032546 0.657981
vt 0.032546 0.657981
vt 0.032546 0.657981
vt 0.533344 0.657956
vt 0.032547 0.657981
vt 0.032547 0.657981
vt 0.032547 0.657981
vt 0.032547 0.657981
vt 0.032547 0.657981
vt 0.533344 0.657956
vt 0.533344 0.657956
vt 0.533344 0.657956
vt 0.533344 0.657956
vt 0.032547 0.657981
vt 0.032547 0.657981
vt 0.036697 0.031275
vt 0.036697 0.031275
vt 0.036697 0.031275
vt 0.036697 0.031275
vt 0.036697 0.031275
vt 0.036697 0.031275
vt 0.036697 0.031275
vt 0.036697 0.031275
vt 0.036697 0.031275
vt 0.036697 0.031275
vt 0.036697 0.031275
vt 0.036697 0.031275
vt 0.036697 0.031275
vt 0.036697 0.031275
vt 0.036697 0.031275
vt 0.036697 0.031275
vt 0.032547 0.657981
vt 0.032547 0.657981
vt 0.533344 0.657956
vt 0.533344 0.657956
vt 0.032547 0.657981
vt 0.032547 0.657981
vt 0.032547 0.657981
vt 0.032547 0.657981
vt 0.032547 0.657982
vt 0.032547 0.657982
vt 0.032547 0.657981
vt 0.032547 0.657981
vt 0.032547 0.657981
vt 0.032547 0.657981
vt 0.036697 0.031275
vt 0.036697 0.031275
vt 0.036697 0.031275
vt 0.036697 0.031275
vt 0.036697 0.031275
vt 0.036697 0.031275
vt 0.036697 0.031275
vt 0.036697 0.031275
vt 0.032547 0.657981
vt 0.032547 0.657982
vt 0.032547 0.657981
vt 0.032547 0.657982
vt 0.032547 0.657981
vt 0.032547 0.657981
vt 0.032547 0.657981
vt 0.032547 0.657981
vt 0.032547 0.657981
vt 0.032547 0.657981
vt 0.032547 0.657981
vt 0.032547 0.657981
vt 0.032547 0.657981
vt 0.032547 0.657981
vt 0.036697 0.031275
vt 0.036697 0.031275
vt 0.036697 0.031275
vt 0.036697 0.031275
vt 0.036697 0.031275
vt 0.036697 0.031275
vt 0.036697 0.031275
vt 0.036697 0.031275
vt 0.032547 0.657981
vt 0.032547 0.657981
vt 0.032547 0.657981
vt 0.032547 0.657981
vt 0.533344 0.657956
vt 0.533344 0.657956
vt 0.533344 0.657956
vt 0.036697 0.031275
vt 0.036697 0.031275
vt 0.036697 0.031275
vt 0.036697 0.031275
vt 0.533344 0.657956
vt 0.533344 0.657956
vt 0.032547 0.657981
vt 0.032547 0.657981
vt 0.032547 0.657981
vt 0.032547 0.657981
vt 0.533344 0.657956
vt 0.533344 0.657956
vt 0.533344 0.657956
vt 0.533344 0.657956
vt 0.032547 0.657982
vt 0.094106 0.656007
vt 0.094106 0.656007
vt 0.094106 0.656007
vt 0.094106 0.656007
vt 0.094106 0.656007
vt 0.094106 0.656007
vt 0.094106 0.656007
vt 0.094106 0.656007
vt 0.094106 0.656007
vt 0.094106 0.656007
vt 0.094106 0.656007
vt 0.094106 0.656007
vt 0.094106 0.656007
vt 0.094106 0.656007
vt 0.094106 0.656007
vt 0.094106 0.656007
vt 0.094106 0.656007
vt 0.094106 0.656007
vt 0.094106 0.656007
vt 0.094106 0.656007
vt 0.094106 0.656007
vt 0.094106 0.656007
vt 0.094106 0.656007
vt 0.094106 0.656007
vt 0.094106 0.656007
vt 0.094106 0.656007
vt 0.094106 0.656007
vt 0.094106 0.656007
vt 0.094106 0.656007
vt 0.094106 0.656007
vt 0.094106 0.656007
vt 0.094106 0.656007
vt 0.094106 0.656007
vt 0.094106 0.656007
vt 0.094106 0.656007
vt 0.094106 0.656007
vt 0.094106 0.656007
vt 0.094106 0.656007
vt 0.094106 0.656007
vt 0.094106 0.656007
vt 0.094106 0.656007
vt 0.032547 0.657982
vt 0.094106 0.656007
vt 0.094106 0.656007
vt 0.094106 0.656007
vt 0.094106 0.656007
vt 0.533344 0.657956
vt 0.533344 0.657956
vt 0.533344 0.657956
vt 0.094106 0.656007
vt 0.094106 0.656007
vt 0.094106 0.656007
vt 0.094106 0.656007
vt 0.094106 0.656007
vt 0.094106 0.656007
vt 0.094106 0.656007
vt 0.094106 0.656007
vt 0.094106 0.656007
vt 0.094106 0.656007
vt 0.094106 0.656007
vt 0.533344 0.657956
vt 0.533344 0.657956
vt 0.094106 0.656007
vt 0.094106 0.656007
vt 0.094106 0.656007
vt 0.094106 0.656007
vt 0.094106 0.656007
vt 0.094106 0.656007
vt 0.032547 0.657982
vt 0.032547 0.657982
vt 0.032547 0.657982
vt 0.032547 0.657982
vt 0.032547 0.657981
vt 0.032547 0.657981
vt 0.032547 0.657981
vt 0.032547 0.657981
vt 0.032547 0.657982
vt 0.032547 0.657982
vt 0.032547 0.657982
vt 0.032547 0.657982
vt 0.094106 0.656007
vt 0.094106 0.656007
vt 0.032547 0.657982
vt 0.032547 0.657982
vt 0.032547 0.657982
vt 0.032547 0.657982
vt 0.094106 0.656007
vt 0.094106 0.656007
vt 0.094106 0.656007
vt 0.094106 0.656007
vt 0.032547 0.657982
vt 0.032547 0.657982
vt 0.032547 0.657982
vt 0.032547 0.657982
vt 0.094106 0.656007
vt 0.094106 0.656007
vt 0.094106 0.656007
vt 0.094106 0.656007
vt 0.533344 0.657956
vt 0.533344 0.657956
vt 0.094106 0.656007
vt 0.094106 0.656007
vt 0.094106 0.656007
vt 0.094106 0.656007
vt 0.470187 0.658578
vt 0.470187 0.658578
vt 0.470187 0.658578
vt 0.470187 0.658578
vt 0.533344 0.657956
vt 0.533344 0.657956
vt 0.533344 0.657956
vt 0.533344 0.657956
vt 0.533344 0.657956
vt 0.470187 0.658578
vt 0.470187 0.658578
vt 0.470187 0.658578
vt 0.470187 0.658578
vt 0.533344 0.657956
vt 0.533344 0.657956
vt 0.533344 0.657956
vt 0.533344 0.657956
vt 0.533344 0.657956
vt 0.533344 0.657956
vt 0.533344 0.657956
vt 0.032547 0.657981
vt 0.032547 0.657981
vt 0.032547 0.657981
vt 0.032547 0.657981
vt 0.094106 0.656007
vt 0.094106 0.656007
vt 0.094106 0.656007
vt 0.094106 0.656007
vt 0.094106 0.656007
vt 0.533344 0.657956
vt 0.533344 0.657956
vt 0.533344 0.657956
vt 0.533344 0.657956
vt 0.094106 0.656007
vt 0.094106 0.656007
vt 0.032547 0.657981
vt 0.032547 0.657981
vt 0.032547 0.657981
vt 0.032547 0.657981
vt 0.533344 0.657956
vt 0.533344 0.657956
vt 0.533344 0.657956
vt 0.533344 0.657956
vt 0.032547 0.657982
vt 0.032547 0.657982
vt 0.032547 0.657982
vt 0.032547 0.657982
vt 0.533344 0.657956
vt 0.533344 0.657956
vt 0.533344 0.657956
vt 0.533344 0.657956
vt 0.533344 0.657956
vt 0.533344 0.657956
vt 0.032547 0.657982
vt 0.032547 0.657982
vt 0.032547 0.657982
vt 0.032547 0.657982
vt 0.094106 0.656007
vt 0.094106 0.656007
vt 0.032547 0.657981
vt 0.032547 0.657981
vt 0.032547 0.657981
vt 0.032547 0.657981
vt 0.032547 0.657981
vt 0.032547 0.657981
vt 0.032547 0.657981
vt 0.032547 0.657981
vt 0.094106 0.656007
vt 0.094106 0.656007
vt 0.032547 0.657981
vt 0.032547 0.657981
vt 0.032547 0.657981
vt 0.032547 0.657981
vt 0.094106 0.656007
vt 0.094106 0.656007
vt 0.094106 0.656007
vt 0.094106 0.656007
vt 0.533344 0.657956
vt 0.533344 0.657956
vt 0.032547 0.657981
vt 0.032547 0.657981
vt 0.032547 0.657981
vt 0.032547 0.657981
vt 0.032547 0.657981
vt 0.032547 0.657981
vt 0.094106 0.656007
vt 0.094106 0.656007
vt 0.032547 0.657982
vt 0.032547 0.657982
vt 0.032547 0.657981
vt 0.032547 0.657981
vt 0.032547 0.657981
vt 0.032547 0.657981
vt 0.094106 0.656007
vt 0.094106 0.656007
vt 0.094106 0.656007
vt 0.094106 0.656007
vt 0.094106 0.656007
vt 0.094106 0.656007
vt 0.094106 0.656007
vt 0.094106 0.656007
vt 0.094106 0.656007
vt 0.094106 0.656007
vt 0.094106 0.656007
vt 0.094106 0.656007
vt 0.094106 0.656007
vt 0.094106 0.656007
vt 0.533344 0.657956
vt 0.533344 0.657956
vt 0.533344 0.657956
vt 0.533344 0.657956
vt 0.032547 0.657982
vt 0.032547 0.657982
vt 0.533344 0.657956
vt 0.533344 0.657956
vt 0.032547 0.657982
vt 0.032547 0.657982
vt 0.032547 0.657982
vt 0.032547 0.657982
vt 0.094106 0.656007
vt 0.094106 0.656007
vt 0.094106 0.656007
vt 0.094106 0.656007
vt 0.094106 0.656007
vt 0.094106 0.656007
vt 0.533344 0.657956
vt 0.533344 0.657956
vt 0.533344 0.657956
vt 0.032547 0.657982
vt 0.032547 0.657982
vt 0.032547 0.657982
vt 0.032547 0.657982
vt 0.032547 0.657982
vt 0.533344 0.657956
vt 0.533344 0.657956
vt 0.533344 0.657956
vt 0.032547 0.657982
vt 0.032547 0.657982
vt 0.032547 0.657982
vt 0.032547 0.657982
vt 0.533344 0.657956
vt 0.533344 0.657956
vt 0.533344 0.657956
vt 0.032547 0.657982
vt 0.032547 0.657982
vt 0.032547 0.657982
vt 0.032547 0.657982
vt 0.032547 0.657982
vt 0.036697 0.031275
vt 0.036697 0.031275
vt 0.036697 0.031275
vt 0.036697 0.031275
vt 0.036697 0.031275
vt 0.036697 0.031275
vt 0.036697 0.031275
vt 0.036697 0.031275
vt 0.036697 0.031275
vt 0.036697 0.031275
vt 0.036697 0.031275
vt 0.036697 0.031275
vt 0.036697 0.031275
vt 0.036697 0.031275
vt 0.036697 0.031275
vt 0.036697 0.031275
vt 0.036697 0.031275
vt 0.036697 0.031275
vt 0.036697 0.031275
vt 0.036697 0.031275
vt 0.036697 0.031275
vt 0.036697 0.031275
vt 0.036697 0.031275
vt 0.036697 0.031275
vt 0.032547 0.657982
vt 0.533344 0.657956
vt 0.533344 0.657956
vt 0.533344 0.657956
vt 0.533344 0.657956
vt 0.533344 0.657956
vt 0.533344 0.657956
vt 0.032547 0.657982
vt 0.032547 0.657982
vt 0.032547 0.657982
vt 0.032547 0.657982
vt 0.032547 0.657982
vt 0.032547 0.657982
vt 0.032547 0.657982
vt 0.094106 0.656007
vt 0.094106 0.656007
vt 0.094106 0.656007
vt 0.094106 0.656007
vt 0.094106 0.656007
vt 0.094106 0.656007
vt 0.094106 0.656007
vt 0.094106 0.656007
vt 0.094106 0.656007
vt 0.094106 0.656007
vt 0.094106 0.656007
vt 0.094106 0.656007
vt 0.094106 0.656007
vt 0.094106 0.656007
vt 0.094106 0.656007
vt 0.094106 0.656007
vt 0.094106 0.656007
vt 0.094106 0.656007
vt 0.094106 0.656007
vt 0.094106 0.656007
vt 0.094106 0.656007
vt 0.094106 0.656007
vt 0.533344 0.657956
vt 0.533344 0.657956
vt 0.032546 0.657981
vt 0.032546 0.657981
vt 0.032546 0.657981
vt 0.032546 0.657981
vt 0.533344 0.657956
vt 0.032547 0.657981
vt 0.032547 0.657981
vt 0.032547 0.657981
vt 0.032547 0.657981
vt 0.032547 0.657981
vt 0.032547 0.657981
vt 0.533344 0.657956
vt 0.533344 0.657956
vt 0.533344 0.657956
vt 0.533344 0.657956
vt 0.032547 0.657981
vt 0.032547 0.657981
vt 0.036697 0.031275
vt 0.036697 0.031275
vt 0.036697 0.031275
vt 0.036697 0.031275
vt 0.036697 0.031275
vt 0.036697 0.031275
vt 0.036697 0.031275
vt 0.036697 0.031275
vt 0.036697 0.031275
vt 0.036697 0.031275
vt 0.036697 0.031275
vt 0.036697 0.031275
vt 0.036697 0.031275
vt 0.036697 0.031275
vt 0.036697 0.031275
vt 0.036697 0.031275
vt 0.032547 0.657981
vt 0.032547 0.657981
vt 0.533344 0.657956
vt 0.533344 0.657956
vt 0.032547 0.657981
vt 0.032547 0.657981
vt 0.032547 0.657981
vt 0.032547 0.657981
vt 0.032547 0.657982
vt 0.032547 0.657982
vt 0.032547 0.657981
vt 0.032547 0.657981
vt 0.032547 0.657981
vt 0.032547 0.657981
vt 0.032547 0.657981
vt 0.036697 0.031275
vt 0.036697 0.031275
vt 0.036697 0.031275
vt 0.036697 0.031275
vt 0.036697 0.031275
vt 0.036697 0.031275
vt 0.036697 0.031275
vt 0.036697 0.031275
vt 0.032547 0.657981
vt 0.032547 0.657982
vt 0.032547 0.657981
vt 0.032547 0.657982
vt 0.032547 0.657981
vt 0.032547 0.657981
vt 0.032547 0.657981
vt 0.032547 0.657981
vt 0.032547 0.657981
vt 0.032547 0.657981
vt 0.032547 0.657981
vt 0.032547 0.657981
vt 0.032547 0.657981
vt 0.032547 0.657981
vt 0.032547 0.657981
vt 0.036697 0.031275
vt 0.036697 0.031275
vt 0.036697 0.031275
vt 0.036697 0.031275
vt 0.036697 0.031275
vt 0.036697 0.031275
vt 0.036697 0.031275
vt 0.036697 0.031275
vt 0.032547 0.657981
vt 0.032547 0.657981
vt 0.032547 0.657981
vt 0.032547 0.657981
vt 0.533344 0.657956
vt 0.533344 0.657956
vt 0.533344 0.657956
vt 0.036697 0.031275
vt 0.036697 0.031275
vt 0.036697 0.031275
vt 0.036697 0.031275
vt 0.533344 0.657956
vt 0.533344 0.657956
vt 0.094106 0.656007
vt 0.094106 0.656007
vt 0.094106 0.656007
vt 0.094106 0.656007
vt 0.094106 0.656007
vt 0.094106 0.656007
vt 0.094106 0.656007
vt 0.094106 0.656007
vt 0.094106 0.656007
vt 0.094106 0.656007
vt 0.094106 0.656007
vt 0.094106 0.656007
vt 0.094106 0.656007
vt 0.094106 0.656007
vt 0.094106 0.656007
vt 0.094106 0.656007
vt 0.094106 0.656007
vt 0.094106 0.656007
vt 0.094106 0.656007
vt 0.094106 0.656007
vt 0.094106 0.656007
vt 0.094106 0.656007
vt 0.094106 0.656007
vt 0.094106 0.656007
vt 0.094106 0.656007
vt 0.094106 0.656007
vt 0.094106 0.656007
vt 0.094106 0.656007
vt 0.094106 0.656007
vt 0.094106 0.656007
vt 0.094106 0.656007
vt 0.094106 0.656007
vt 0.094106 0.656007
vt 0.094106 0.656007
vt 0.094106 0.656007
vt 0.094106 0.656007
vt 0.094106 0.656007
vt 0.094106 0.656007
vt 0.094106 0.656007
vt 0.094106 0.656007
vt 0.094106 0.656007
vt 0.094106 0.656007
vt 0.094106 0.656007
vt 0.094106 0.656007
vt 0.094106 0.656007
vt 0.094106 0.656007
vt 0.094106 0.656007
vt 0.094106 0.656007
vt 0.094106 0.656007
vt 0.094106 0.656007
vt 0.094106 0.656007
vt 0.094106 0.656007
vt 0.094106 0.656007
vt 0.094106 0.656007
vt 0.094106 0.656007
vt 0.094106 0.656007
vt 0.094106 0.656007
vt 0.094106 0.656007
vt 0.094106 0.656007
vt 0.094106 0.656007
vt 0.094106 0.656007
vt 0.094106 0.656007
vt 0.094106 0.656007
vt 0.094106 0.656007
vt 0.156488 0.658574
vt 0.156488 0.658574
vt 0.156488 0.658577
vt 0.156488 0.658577
vt 0.156488 0.658577
vt 0.156488 0.658577
vt 0.156488 0.658574
vt 0.156488 0.658577
vt 0.156488 0.658577
vt 0.156488 0.658576
vt 0.156488 0.658575
vt 0.156488 0.658574
vt 0.156488 0.658574
vt 0.156488 0.658577
vt 0.156488 0.658574
vt 0.156488 0.658574
vt 0.156488 0.658574
vt 0.156488 0.658574
vt 0.156488 0.658577
vt 0.156488 0.658577
vt 0.156488 0.658574
vt 0.156488 0.658574
vt 0.156488 0.658574
vt 0.156488 0.658574
vt 0.156488 0.658574
vt 0.156488 0.658574
vt 0.156488 0.658574
vt 0.156488 0.658574
vt 0.094106 0.656007
vt 0.094106 0.656007
vt 0.094106 0.656007
vt 0.094106 0.656007
vt 0.094106 0.656007
vt 0.094106 0.656007
vt 0.094106 0.656007
vt 0.094106 0.656007
vt 0.094106 0.656007
vt 0.094106 0.656007
vt 0.094106 0.656007
vt 0.094106 0.656007
vt 0.094106 0.656007
vt 0.094106 0.656007
vt 0.094106 0.656007
vt 0.094106 0.656007
vt 0.780832 0.655768
vt 0.780832 0.655768
vt 0.780832 0.655768
vt 0.780832 0.655768
vt 0.533344 0.657956
vt 0.036697 0.031275
vt 0.036697 0.031275
vt 0.036697 0.031275
vt 0.036697 0.031275
vt 0.533344 0.657956
vt 0.533344 0.657956
vt 0.533344 0.657956
vt 0.094106 0.656007
vt 0.094106 0.656007
vt 0.032547 0.657981
vt 0.032547 0.657981
vt 0.032547 0.657981
vt 0.094106 0.656007
vt 0.094106 0.656007
vt 0.094106 0.656007
vt 0.032547 0.657981
vt 0.032547 0.657981
vt 0.032547 0.657981
vt 0.470187 0.658578
vt 0.470187 0.658578
vt 0.470187 0.658578
vt 0.470187 0.658578
vt 0.470187 0.658578
vt 0.470187 0.658578
vt 0.470187 0.658578
vt 0.470187 0.658578
vt 0.094106 0.656007
vt 0.094106 0.656007
vt 0.470187 0.658578
vt 0.470187 0.658578
vt 0.470187 0.658578
vt 0.470187 0.658578
vt 0.094106 0.656007
vt 0.094106 0.656007
vt 0.470187 0.658578
vt 0.470187 0.658578
vt 0.470187 0.658578
vt 0.470187 0.658578
vt 0.470187 0.658578
vt 0.470187 0.658578
vt 0.470187 0.658578
vt 0.470187 0.658578
vt 0.470187 0.658578
vt 0.533344 0.657956
vt 0.533344 0.657956
vt 0.533344 0.657956
vt 0.533344 0.657956
vt 0.533344 0.657956
vt 0.533344 0.657956
vt 0.032547 0.657982
vt 0.533344 0.657956
vt 0.533344 0.657956
vt 0.533344 0.657956
vt 0.533344 0.657956
vt 0.036697 0.031275
vt 0.036697 0.031275
vt 0.036697 0.031275
vt 0.036697 0.031275
vt 0.533344 0.657956
vt 0.533344 0.657956
vt 0.094106 0.656007
vt 0.094106 0.656007
vt 0.780832 0.655768
vt 0.780832 0.655768
vt 0.780832 0.655768
vt 0.780832 0.655768
vt 0.780832 0.655768
vt 0.780832 0.655768
vt 0.094106 0.656007
vt 0.780832 0.655768
vt 0.780832 0.655768
vt 0.780832 0.655768
vt 0.780832 0.655768
vt 0.094106 0.656007
vt 0.094106 0.656007
vt 0.094106 0.656007
vt 0.094106 0.656007
vt 0.780832 0.655768
vt 0.780832 0.655768
vt 0.094106 0.656007
vt 0.094106 0.656007
vt 0.780832 0.655768
vt 0.780832 0.655768
vt 0.780832 0.655768
vt 0.780832 0.655768
vt 0.094106 0.656007
vt 0.094106 0.656007
vt 0.094106 0.656007
vt 0.094106 0.656007
vt 0.094106 0.656007
vt 0.780832 0.655768
vt 0.780832 0.655768
vt 0.780832 0.655768
vt 0.780832 0.655768
vt 0.094106 0.656007
vt 0.094106 0.656007
vt 0.094106 0.656007
vt 0.094106 0.656007
vt 0.094106 0.656007
vt 0.032547 0.657982
vt 0.032547 0.657982
vt 0.032547 0.657982
vt 0.032547 0.657982
vt 0.533344 0.657956
vt 0.533344 0.657956
vt 0.032547 0.657982
vt 0.032547 0.657982
vt 0.032547 0.657982
vt 0.094106 0.656007
vt 0.094106 0.656007
vt 0.094106 0.656007
vt 0.094106 0.656007
vt 0.036697 0.031275
vt 0.036697 0.031275
vt 0.094106 0.656007
vt 0.032546 0.657981
vt 0.032546 0.657981
vt 0.032546 0.657981
vt 0.032546 0.657981
vt 0.094106 0.656007
vt 0.094106 0.656007
vt 0.094106 0.656007
vt 0.094106 0.656007
vt 0.032546 0.657981
vt 0.032546 0.657981
vt 0.780832 0.655768
vt 0.780832 0.655768
vt 0.780832 0.655768
vt 0.780832 0.655768
vt 0.036697 0.031275
vt 0.036697 0.031275
vt 0.036697 0.031275
vt 0.036697 0.031275
vt 0.533344 0.657956
vt 0.533344 0.657956
vt 0.533344 0.657956
vt 0.533344 0.657956
vt 0.533344 0.657956
vt 0.533344 0.657956
vt 0.533344 0.657956
vt 0.032547 0.657981
vt 0.032547 0.657981
vt 0.032547 0.657981
vt 0.032547 0.657981
vt 0.533344 0.657956
vt 0.533344 0.657956
vt 0.533344 0.657956
vt 0.533344 0.657956
vt 0.032547 0.657982
vt 0.032547 0.657982
vt 0.032547 0.657982
vt 0.032547 0.657982
vt 0.094106 0.656007
vt 0.094106 0.656007
vt 0.094106 0.656007
vt 0.094106 0.656007
vt 0.032547 0.657981
vt 0.032547 0.657982
vt 0.032547 0.657982
vt 0.032547 0.657981
vt 0.094106 0.656007
vt 0.094106 0.656007
vt 0.094106 0.656007
vt 0.094106 0.656007
vt 0.533344 0.657956
vt 0.533344 0.657956
vt 0.533344 0.657956
vt 0.533344 0.657956
vt 0.032547 0.657982
vt 0.032547 0.657982
vt 0.032547 0.657982
vt 0.032547 0.657982
vt 0.094106 0.656007
vt 0.094106 0.656007
vt 0.094106 0.656007
vt 0.094106 0.656007
vt 0.032547 0.657982
vt 0.032547 0.657982
vt 0.032547 0.657982
vt 0.032547 0.657982
vt 0.094106 0.656007
vt 0.094106 0.656007
vt 0.094106 0.656007
vt 0.094106 0.656007
vt 0.533344 0.657956
vt 0.533344 0.657956
vt 0.094106 0.656007
vt 0.094106 0.656007
vt 0.533344 0.657956
vt 0.533344 0.657956
vt 0.533344 0.657956
vt 0.533344 0.657956
vt 0.032547 0.657981
vt 0.032547 0.657982
vt 0.032547 0.657982
vt 0.032547 0.657981
vt 0.094106 0.656007
vt 0.094106 0.656007
vt 0.094106 0.656007
vt 0.094106 0.656007
vt 0.094106 0.656007
vt 0.094106 0.656007
vt 0.032547 0.657981
vt 0.032547 0.657981
vt 0.032547 0.657981
vt 0.032547 0.657982
vt 0.032547 0.657982
vt 0.094106 0.656007
vt 0.094106 0.656007
vt 0.094106 0.656007
vt 0.094106 0.656007
vt 0.094106 0.656007
vt 0.094106 0.656007
vt 0.094106 0.656007
vt 0.032547 0.657982
vt 0.032547 0.657982
vt 0.032547 0.657982
vt 0.032547 0.657982
vt 0.032547 0.657982
vt 0.533344 0.657956
vt 0.032547 0.657981
vt 0.032547 0.657981
vt 0.032547 0.657981
vt 0.032547 0.657981
vt 0.032547 0.657981
vt 0.032547 0.657981
vt 0.032547 0.657981
vt 0.032547 0.657981
vt 0.032547 0.657981
vt 0.094106 0.656007
vt 0.094106 0.656007
vt 0.032547 0.657981
vt 0.032547 0.657981
vt 0.032547 0.657981
vt 0.094106 0.656007
vt 0.094106 0.656007
vt 0.094106 0.656007
vt 0.032547 0.657981
vt 0.533344 0.657956
vt 0.533344 0.657956
vt 0.094106 0.656007
vt 0.094106 0.656007
vt 0.094106 0.656007
vt 0.533344 0.657956
vt 0.533344 0.657956
vt 0.533344 0.657956
vt 0.094106 0.656007
vt 0.094106 0.656007
vt 0.032547 0.657982
vt 0.032547 0.657982
vt 0.032547 0.657982
vt 0.032547 0.657982
vt 0.032547 0.657981
vt 0.032547 0.657981
vt 0.032547 0.657981
vt 0.032547 0.657982
vt 0.032547 0.657982
vt 0.032547 0.657982
vt 0.032547 0.657982
vt 0.094106 0.656007
vt 0.094106 0.656007
vt 0.032547 0.657982
vt 0.032547 0.657982
vt 0.032547 0.657982
vt 0.032547 0.657982
vt 0.094106 0.656007
vt 0.094106 0.656007
vt 0.094106 0.656007
vt 0.094106 0.656007
vt 0.032547 0.657982
vt 0.032547 0.657982
vt 0.032547 0.657982
vt 0.533344 0.657956
vt 0.533344 0.657956
vt 0.094106 0.656007
vt 0.032547 0.657981
vt 0.032547 0.657981
vt 0.032547 0.657981
vt 0.032547 0.657981
vt 0.094106 0.656007
vt 0.094106 0.656007
vt 0.094106 0.656007
vt 0.094106 0.656007
vt 0.533344 0.657956
vt 0.533344 0.657956
vt 0.533344 0.657956
vt 0.533344 0.657956
vt 0.533344 0.657956
vt 0.032547 0.657981
vt 0.533344 0.657956
vt 0.533344 0.657956
vt 0.533344 0.657956
vt 0.032547 0.657982
vt 0.533344 0.657956
vt 0.533344 0.657956
vt 0.533344 0.657956
vt 0.533344 0.657956
vt 0.032547 0.657981
vt 0.032547 0.657981
vt 0.094106 0.656007
vt 0.094106 0.656007
vt 0.094106 0.656007
vt 0.094106 0.656007
vt 0.094106 0.656007
vt 0.533344 0.657956
vt 0.533344 0.657956
vt 0.533344 0.657956
vt 0.533344 0.657956
vt 0.094106 0.656007
vt 0.094106 0.656007
vt 0.032547 0.657981
vt 0.032547 0.657981
vt 0.032547 0.657981
vt 0.032547 0.657981
vt 0.533344 0.657956
vt 0.533344 0.657956
vt 0.533344 0.657956
vt 0.533344 0.657956
vt 0.032547 0.657982
vt 0.032547 0.657982
vt 0.533344 0.657956
vt 0.533344 0.657956
vt 0.533344 0.657956
vt 0.533344 0.657956
vt 0.533344 0.657956
vt 0.036697 0.031275
vt 0.036697 0.031275
vt 0.036697 0.031275
vt 0.094106 0.656007
vt 0.094106 0.656007
vt 0.094106 0.656007
vt 0.032547 0.657981
vt 0.032547 0.657981
vt 0.094106 0.656007
vt 0.094106 0.656007
vt 0.032547 0.657981
vt 0.032547 0.657981
vt 0.032547 0.657981
vt 0.032547 0.657981
vt 0.032547 0.657981
vt 0.032547 0.657981
vt 0.032547 0.657981
vt 0.094106 0.656007
vt 0.094106 0.656007
vt 0.032547 0.657981
vt 0.032547 0.657981
vt 0.032547 0.657981
vt 0.032547 0.657981
vt 0.032547 0.657981
vt 0.094106 0.656007
vt 0.094106 0.656007
vt 0.094106 0.656007
vt 0.094106 0.656007
vt 0.533344 0.657956
vt 0.533344 0.657956
vt 0.533344 0.657956
vt 0.533344 0.657956
vt 0.533344 0.657956
vt 0.533344 0.657956
vt 0.032547 0.657981
vt 0.032547 0.657981
vt 0.032547 0.657981
vt 0.032547 0.657981
vt 0.094106 0.656007
vt 0.094106 0.656007
vt 0.032547 0.657982
vt 0.032547 0.657982
vt 0.032547 0.657981
vt 0.032547 0.657981
vt 0.032547 0.657981
vt 0.032547 0.657981
vt 0.094106 0.656007
vt 0.094106 0.656007
vt 0.094106 0.656007
vt 0.094106 0.656007
vt 0.032546 0.657982
vt 0.032546 0.657982
vt 0.533344 0.657956
vt 0.533344 0.657956
vt 0.533344 0.657956
vt 0.533344 0.657956
vt 0.533344 0.657956
vt 0.533344 0.657956
vt 0.032547 0.657982
vt 0.032547 0.657982
vt 0.533344 0.657956
vt 0.533344 0.657956
vt 0.032546 0.657981
vt 0.032546 0.657981
vt 0.533344 0.657956
vt 0.533344 0.657956
vt 0.032547 0.657982
vt 0.032547 0.657982
vt 0.032547 0.657982
vt 0.032547 0.657982
vt 0.032547 0.657982
vt 0.032547 0.657982
vt 0.094106 0.656007
vt 0.094106 0.656007
vt 0.533344 0.657956
vt 0.533344 0.657956
vt 0.533344 0.657956
vt 0.032547 0.657982
vt 0.032547 0.657982
vt 0.032547 0.657982
vt 0.032547 0.657982
vt 0.533344 0.657956
vt 0.533344 0.657956
vt 0.533344 0.657956
vt 0.032547 0.657982
vt 0.032547 0.657982
vt 0.032547 0.657982
vt 0.533344 0.657956
vt 0.533344 0.657956
vt 0.533344 0.657956
vt 0.032547 0.657982
vt 0.032547 0.657982
vt 0.032547 0.657982
vt 0.032547 0.657982
vt 0.036697 0.031275
vt 0.036697 0.031275
vt 0.036697 0.031275
vt 0.036697 0.031275
vt 0.036697 0.031275
vt 0.036697 0.031275
vt 0.036697 0.031275
vt 0.036697 0.031275
vt 0.036697 0.031275
vt 0.036697 0.031275
vt 0.036697 0.031275
vt 0.036697 0.031275
vt 0.036697 0.031275
vt 0.036697 0.031275
vt 0.036697 0.031275
vt 0.036697 0.031275
vt 0.036697 0.031275
vt 0.036697 0.031275
vt 0.036697 0.031275
vt 0.036697 0.031275
vt 0.036697 0.031275
vt 0.036697 0.031275
vt 0.036697 0.031275
vt 0.036697 0.031275
vt 0.032547 0.657982
vt 0.533344 0.657956
vt 0.533344 0.657956
vt 0.533344 0.657956
vt 0.533344 0.657956
vt 0.533344 0.657956
vt 0.533344 0.657956
vt 0.032547 0.657982
vt 0.032547 0.657982
vt 0.032547 0.657982
vt 0.032547 0.657982
vt 0.032547 0.657982
vt 0.032547 0.657982
vt 0.032547 0.657982
vt 0.094106 0.656007
vt 0.094106 0.656007
vt 0.094106 0.656007
vt 0.094106 0.656007
vt 0.094106 0.656007
vt 0.094106 0.656007
vt 0.094106 0.656007
vt 0.094106 0.656007
vt 0.094106 0.656007
vt 0.094106 0.656007
vt 0.533344 0.657956
vt 0.094106 0.656007
vt 0.094106 0.656007
vt 0.094106 0.656007
vt 0.094106 0.656007
vt 0.094106 0.656007
vt 0.094106 0.656007
vt 0.094106 0.656007
vt 0.094106 0.656007
vt 0.094106 0.656007
vt 0.094106 0.656007
vt 0.094106 0.656007
vt 0.094106 0.656007
vt 0.094106 0.656007
vt 0.094106 0.656007
vt 0.094106 0.656007
vt 0.533344 0.657956
vt 0.533344 0.657956
vt 0.533344 0.657956
vt 0.032547 0.657981
vt 0.032547 0.657981
vt 0.032547 0.657981
vt 0.032547 0.657981
vt 0.032547 0.657981
vt 0.533344 0.657956
vt 0.533344 0.657956
vt 0.533344 0.657956
vt 0.533344 0.657956
vt 0.032547 0.657981
vt 0.032547 0.657981
vt 0.036697 0.031275
vt 0.036697 0.031275
vt 0.036697 0.031275
vt 0.036697 0.031275
vt 0.036697 0.031275
vt 0.036697 0.031275
vt 0.036697 0.031275
vt 0.036697 0.031275
vt 0.036697 0.031275
vt 0.036697 0.031275
vt 0.036697 0.031275
vt 0.036697 0.031275
vt 0.036697 0.031275
vt 0.036697 0.031275
vt 0.036697 0.031275
vt 0.036697 0.031275
vt 0.032547 0.657981
vt 0.032547 0.657981
vt 0.533344 0.657956
vt 0.533344 0.657956
vt 0.032547 0.657981
vt 0.032547 0.657981
vt 0.032547 0.657981
vt 0.032547 0.657981
vt 0.032547 0.657982
vt 0.032547 0.657982
vt 0.032547 0.657981
vt 0.032547 0.657981
vt 0.032547 0.657981
vt 0.032547 0.657981
vt 0.036697 0.031275
vt 0.036697 0.031275
vt 0.036697 0.031275
vt 0.036697 0.031275
vt 0.036697 0.031275
vt 0.036697 0.031275
vt 0.036697 0.031275
vt 0.036697 0.031275
vt 0.032547 0.657982
vt 0.032547 0.657981
vt 0.032547 0.657981
vt 0.032547 0.657982
vt 0.032547 0.657981
vt 0.032547 0.657981
vt 0.032547 0.657981
vt 0.032547 0.657981
vt 0.032547 0.657981
vt 0.032547 0.657981
vt 0.032547 0.657981
vt 0.032547 0.657981
vt 0.032547 0.657981
vt 0.032547 0.657981
vt 0.036697 0.031275
vt 0.036697 0.031275
vt 0.036697 0.031275
vt 0.036697 0.031275
vt 0.036697 0.031275
vt 0.036697 0.031275
vt 0.036697 0.031275
vt 0.036697 0.031275
vt 0.032547 0.657981
vt 0.032547 0.657981
vt 0.032547 0.657981
vt 0.032547 0.657981
vt 0.533344 0.657956
vt 0.533344 0.657956
vt 0.533344 0.657956
vt 0.036697 0.031275
vt 0.036697 0.031275
vt 0.036697 0.031275
vt 0.036697 0.031275
vt 0.533344 0.657956
vt 0.533344 0.657956
vt 0.032547 0.657981
vt 0.032547 0.657981
vt 0.032547 0.657981
vt 0.032547 0.657981
vt 0.533344 0.657956
vt 0.533344 0.657956
vt 0.533344 0.657956
vt 0.533344 0.657956
vt 0.032547 0.657982
vt 0.094106 0.656007
vt 0.094106 0.656007
vt 0.094106 0.656007
vt 0.094106 0.656007
vt 0.032547 0.657981
vt 0.032547 0.657982
vt 0.032547 0.657982
vt 0.032547 0.657981
vt 0.094106 0.656007
vt 0.094106 0.656007
vt 0.094106 0.656007
vt 0.533344 0.657956
vt 0.533344 0.657956
vt 0.533344 0.657956
vt 0.533344 0.657956
vt 0.032547 0.657982
vt 0.032547 0.657982
vt 0.032547 0.657982
vt 0.032547 0.657982
vt 0.094106 0.656007
vt 0.094106 0.656007
vt 0.094106 0.656007
vt 0.094106 0.656007
vt 0.032547 0.657982
vt 0.032547 0.657982
vt 0.032547 0.657982
vt 0.032547 0.657982
vt 0.094106 0.656007
vt 0.094106 0.656007
vt 0.094106 0.656007
vt 0.094106 0.656007
vt 0.533344 0.657956
vt 0.533344 0.657956
vt 0.094106 0.656007
vt 0.032547 0.657981
vt 0.032547 0.657982
vt 0.032547 0.657982
vt 0.032547 0.657981
vt 0.094106 0.656007
vt 0.094106 0.656007
vt 0.094106 0.656007
vt 0.094106 0.656007
vt 0.094106 0.656007
vt 0.094106 0.656007
vt 0.032547 0.657981
vt 0.032547 0.657981
vt 0.032547 0.657981
vt 0.032547 0.657982
vt 0.032547 0.657982
vt 0.094106 0.656007
vt 0.094106 0.656007
vt 0.094106 0.656007
vt 0.094106 0.656007
vt 0.094106 0.656007
vt 0.094106 0.656007
vt 0.094106 0.656007
vt 0.032547 0.657982
vt 0.032547 0.657982
vt 0.032547 0.657982
vt 0.032547 0.657981
vt 0.032547 0.657981
vt 0.032547 0.657981
vt 0.032547 0.657981
vt 0.032547 0.657981
vt 0.032547 0.657981
vt 0.032547 0.657981
vt 0.032547 0.657981
vt 0.032547 0.657981
vt 0.094106 0.656007
vt 0.094106 0.656007
vt 0.032547 0.657981
vt 0.032547 0.657981
vt 0.032547 0.657981
vt 0.094106 0.656007
vt 0.094106 0.656007
vt 0.094106 0.656007
vt 0.032547 0.657981
vt 0.533344 0.657956
vt 0.533344 0.657956
vt 0.094106 0.656007
vt 0.094106 0.656007
vt 0.094106 0.656007
vt 0.094106 0.656007
vt 0.094106 0.656007
vt 0.094106 0.656007
vt 0.032547 0.657982
vt 0.032547 0.657982
vt 0.032547 0.657982
vt 0.032547 0.657982
vt 0.032547 0.657981
vt 0.032547 0.657981
vt 0.032547 0.657981
vt 0.032547 0.657982
vt 0.032547 0.657982
vt 0.032547 0.657982
vt 0.032547 0.657982
vt 0.094106 0.656007
vt 0.094106 0.656007
vt 0.032547 0.657982
vt 0.032547 0.657982
vt 0.032547 0.657982
vt 0.032547 0.657982
vt 0.094106 0.656007
vt 0.094106 0.656007
vt 0.094106 0.656007
vt 0.094106 0.656007
vt 0.094106 0.656007
vt 0.094106 0.656007
vt 0.094106 0.656007
vt 0.094106 0.656007
vt 0.032547 0.657981
vt 0.032547 0.657981
vt 0.032547 0.657981
vt 0.032547 0.657981
vt 0.094106 0.656007
vt 0.094106 0.656007
vt 0.094106 0.656007
vt 0.094106 0.656007
vt 0.533344 0.657956
vt 0.533344 0.657956
vt 0.533344 0.657956
vt 0.533344 0.657956
vt 0.533344 0.657956
vt 0.032547 0.657981
vt 0.533344 0.657956
vt 0.533344 0.657956
vt 0.032547 0.657982
vt 0.533344 0.657956
vt 0.533344 0.657956
vt 0.032547 0.657982
vt 0.533344 0.657956
vt 0.533344 0.657956
vt 0.533344 0.657956
vt 0.533344 0.657956
vt 0.032547 0.657981
vt 0.032547 0.657981
vt 0.094106 0.656007
vt 0.094106 0.656007
vt 0.094106 0.656007
vt 0.094106 0.656007
vt 0.094106 0.656007
vt 0.533344 0.657956
vt 0.533344 0.657956
vt 0.533344 0.657956
vt 0.533344 0.657956
vt 0.094106 0.656007
vt 0.094106 0.656007
vt 0.032547 0.657981
vt 0.032547 0.657981
vt 0.032547 0.657981
vt 0.032547 0.657981
vt 0.533344 0.657956
vt 0.533344 0.657956
vt 0.533344 0.657956
vt 0.533344 0.657956
vt 0.032547 0.657982
vt 0.032547 0.657982
vt 0.533344 0.657956
vt 0.533344 0.657956
vt 0.533344 0.657956
vt 0.533344 0.657956
vt 0.533344 0.657956
vt 0.533344 0.657956
vt 0.032547 0.657982
vt 0.032547 0.657982
vt 0.032547 0.657981
vt 0.094106 0.656007
vt 0.094106 0.656007
vt 0.032547 0.657981
vt 0.032547 0.657981
vt 0.032547 0.657981
vt 0.032547 0.657981
vt 0.032547 0.657981
vt 0.032547 0.657981
vt 0.094106 0.656007
vt 0.094106 0.656007
vt 0.094106 0.656007
vt 0.094106 0.656007
vt 0.094106 0.656007
vt 0.094106 0.656007
vt 0.533344 0.657956
vt 0.533344 0.657956
vt 0.533344 0.657956
vt 0.533344 0.657956
vt 0.533344 0.657956
vt 0.533344 0.657956
vt 0.032547 0.657981
vt 0.032547 0.657981
vt 0.032547 0.657981
vt 0.032547 0.657981
vt 0.094106 0.656007
vt 0.094106 0.656007
vt 0.032547 0.657982
vt 0.032547 0.657982
vt 0.032547 0.657981
vt 0.032547 0.657981
vt 0.032547 0.657981
vt 0.032547 0.657981
vt 0.094106 0.656007
vt 0.094106 0.656007
vt 0.094106 0.656007
vt 0.094106 0.656007
vt 0.533344 0.657956
vt 0.533344 0.657956
vt 0.533344 0.657956
vt 0.533344 0.657956
vt 0.533344 0.657956
vt 0.533344 0.657956
vt 0.032547 0.657982
vt 0.032547 0.657982
vt 0.533344 0.657956
vt 0.533344 0.657956
vt 0.032547 0.657982
vt 0.032547 0.657982
vt 0.032547 0.657982
vt 0.032547 0.657982
vt 0.094106 0.656007
vt 0.094106 0.656007
vt 0.533344 0.657956
vt 0.533344 0.657956
vt 0.533344 0.657956
vt 0.032547 0.657982
vt 0.032547 0.657982
vt 0.032547 0.657982
vt 0.032547 0.657982
vt 0.032547 0.657982
vt 0.533344 0.657956
vt 0.533344 0.657956
vt 0.533344 0.657956
vt 0.032547 0.657982
vt 0.032547 0.657982
vt 0.032547 0.657982
vt 0.533344 0.657956
vt 0.533344 0.657956
vt 0.533344 0.657956
vt 0.032547 0.657982
vt 0.032547 0.657982
vt 0.032547 0.657982
vt 0.032547 0.657982
vt 0.036697 0.031275
vt 0.036697 0.031275
vt 0.036697 0.031275
vt 0.036697 0.031275
vt 0.036697 0.031275
vt 0.036697 0.031275
vt 0.036697 0.031275
vt 0.036697 0.031275
vt 0.036697 0.031275
vt 0.036697 0.031275
vt 0.036697 0.031275
vt 0.036697 0.031275
vt 0.036697 0.031275
vt 0.036697 0.031275
vt 0.036697 0.031275
vt 0.036697 0.031275
vt 0.036697 0.031275
vt 0.036697 0.031275
vt 0.036697 0.031275
vt 0.036697 0.031275
vt 0.036697 0.031275
vt 0.036697 0.031275
vt 0.036697 0.031275
vt 0.036697 0.031275
vt 0.032547 0.657982
vt 0.533344 0.657956
vt 0.533344 0.657956
vt 0.533344 0.657956
vt 0.533344 0.657956
vt 0.533344 0.657956
vt 0.533344 0.657956
vt 0.032547 0.657982
vt 0.032547 0.657982
vt 0.032547 0.657982
vt 0.032547 0.657982
vt 0.032547 0.657982
vt 0.032547 0.657982
vt 0.032547 0.657982
vt 0.094106 0.656007
vt 0.094106 0.656007
vt 0.094106 0.656007
vt 0.094106 0.656007
vt 0.094106 0.656007
vt 0.094106 0.656007
vt 0.094106 0.656007
vt 0.094106 0.656007
vt 0.094106 0.656007
vt 0.094106 0.656007
vt 0.094106 0.656007
vt 0.094106 0.656007
vt 0.094106 0.656007
vt 0.094106 0.656007
vt 0.094106 0.656007
vt 0.533344 0.657956
vt 0.533344 0.657956
vt 0.533344 0.657956
vt 0.032546 0.657981
vt 0.032546 0.657981
vt 0.533344 0.657956
vt 0.032547 0.657981
vt 0.032547 0.657981
vt 0.032547 0.657981
vt 0.032547 0.657981
vt 0.032547 0.657981
vt 0.533344 0.657956
vt 0.533344 0.657956
vt 0.533344 0.657956
vt 0.533344 0.657956
vt 0.032547 0.657981
vt 0.032547 0.657981
vt 0.036697 0.031275
vt 0.036697 0.031275
vt 0.036697 0.031275
vt 0.036697 0.031275
vt 0.036697 0.031275
vt 0.036697 0.031275
vt 0.036697 0.031275
vt 0.036697 0.031275
vt 0.036697 0.031275
vt 0.036697 0.031275
vt 0.036697 0.031275
vt 0.036697 0.031275
vt 0.036697 0.031275
vt 0.036697 0.031275
vt 0.036697 0.031275
vt 0.036697 0.031275
vt 0.032547 0.657981
vt 0.032547 0.657981
vt 0.533344 0.657956
vt 0.533344 0.657956
vt 0.032547 0.657981
vt 0.032547 0.657981
vt 0.032547 0.657981
vt 0.032547 0.657981
vt 0.032547 0.657982
vt 0.032547 0.657982
vt 0.032547 0.657981
vt 0.032547 0.657981
vt 0.032547 0.657981
vt 0.032547 0.657981
vt 0.036697 0.031275
vt 0.036697 0.031275
vt 0.036697 0.031275
vt 0.036697 0.031275
vt 0.036697 0.031275
vt 0.036697 0.031275
vt 0.036697 0.031275
vt 0.036697 0.031275
vt 0.032547 0.657982
vt 0.032547 0.657981
vt 0.032547 0.657981
vt 0.032547 0.657982
vt 0.032547 0.657981
vt 0.032547 0.657981
vt 0.032547 0.657981
vt 0.032547 0.657981
vt 0.032547 0.657981
vt 0.032547 0.657981
vt 0.032547 0.657981
vt 0.032547 0.657981
vt 0.032547 0.657981
vt 0.032547 0.657981
vt 0.036697 0.031275
vt 0.036697 0.031275
vt 0.036697 0.031275
vt 0.036697 0.031275
vt 0.036697 0.031275
vt 0.036697 0.031275
vt 0.036697 0.031275
vt 0.036697 0.031275
vt 0.032547 0.657981
vt 0.032547 0.657981
vt 0.032547 0.657981
vt 0.032547 0.657981
vt 0.533344 0.657956
vt 0.533344 0.657956
vt 0.533344 0.657956
vt 0.036697 0.031275
vt 0.036697 0.031275
vt 0.036697 0.031275
vt 0.036697 0.031275
vt 0.533344 0.657956
vt 0.533344 0.657956
vt 0.032547 0.657981
vt 0.032547 0.657981
vt 0.032547 0.657981
vt 0.032547 0.657981
vt 0.533344 0.657956
vt 0.533344 0.657956
vt 0.533344 0.657956
vt 0.533344 0.657956
vt 0.032547 0.657982
vt 0.094106 0.656007
vt 0.094106 0.656007
vt 0.094106 0.656007
vt 0.094106 0.656007
vt 0.094106 0.656007
vt 0.094106 0.656007
vt 0.094106 0.656007
vt 0.094106 0.656007
vt 0.094106 0.656007
vt 0.094106 0.656007
vt 0.094106 0.656007
vt 0.094106 0.656007
vt 0.094106 0.656007
vt 0.094106 0.656007
vt 0.094106 0.656007
vt 0.094106 0.656007
vt 0.094106 0.656007
vt 0.094106 0.656007
vt 0.094106 0.656007
vt 0.094106 0.656007
vt 0.094106 0.656007
vt 0.094106 0.656007
vt 0.094106 0.656007
vt 0.094106 0.656007
vt 0.094106 0.656007
vt 0.094106 0.656007
vt 0.094106 0.656007
vt 0.094106 0.656007
vt 0.094106 0.656007
vt 0.094106 0.656007
vt 0.094106 0.656007
vt 0.094106 0.656007
vt 0.094106 0.656007
vt 0.094106 0.656007
vt 0.094106 0.656007
vt 0.094106 0.656007
vt 0.094106 0.656007
vt 0.094106 0.656007
vt 0.094106 0.656007
vt 0.032547 0.657982
vt 0.094106 0.656007
vt 0.094106 0.656007
vt 0.094106 0.656007
vt 0.094106 0.656007
vt 0.533344 0.657956
vt 0.094106 0.656007
vt 0.094106 0.656007
vt 0.094106 0.656007
vt 0.094106 0.656007
vt 0.094106 0.656007
vt 0.094106 0.656007
vt 0.094106 0.656007
vt 0.094106 0.656007
vt 0.094106 0.656007
vt 0.094106 0.656007
vt 0.094106 0.656007
vt 0.533344 0.657956
vt 0.533344 0.657956
vt 0.094106 0.656007
vt 0.094106 0.656007
vt 0.094106 0.656007
vt 0.094106 0.656007
vt 0.094106 0.656007
vt 0.094106 0.656007
vt 0.032547 0.657982
vt 0.032547 0.657982
vt 0.032547 0.657982
vt 0.032547 0.657982
vt 0.032547 0.657981
vt 0.032547 0.657981
vt 0.032547 0.657981
vt 0.032547 0.657981
vt 0.032547 0.657982
vt 0.032547 0.657982
vt 0.032547 0.657982
vt 0.032547 0.657982
vt 0.094106 0.656007
vt 0.094106 0.656007
vt 0.032547 0.657982
vt 0.032547 0.657982
vt 0.032547 0.657982
vt 0.032547 0.657982
vt 0.094106 0.656007
vt 0.094106 0.656007
vt 0.094106 0.656007
vt 0.094106 0.656007
vt 0.032547 0.657982
vt 0.032547 0.657982
vt 0.032547 0.657982
vt 0.032547 0.657982
vt 0.094106 0.656007
vt 0.094106 0.656007
vt 0.094106 0.656007
vt 0.094106 0.656007
vt 0.533344 0.657956
vt 0.533344 0.657956
vt 0.094106 0.656007
vt 0.094106 0.656007
vt 0.094106 0.656007
vt 0.094106 0.656007
vt 0.470187 0.658578
vt 0.470187 0.658578
vt 0.470187 0.658578
vt 0.470187 0.658578
vt 0.533344 0.657956
vt 0.533344 0.657956
vt 0.533344 0.657956
vt 0.533344 0.657956
vt 0.533344 0.657956
vt 0.470187 0.658578
vt 0.470187 0.658578
vt 0.470187 0.658578
vt 0.470187 0.658578
vt 0.533344 0.657956
vt 0.533344 0.657956
vt 0.533344 0.657956
vt 0.533344 0.657956
vt 0.533344 0.657956
vt 0.533344 0.657956
vt 0.032547 0.657981
vt 0.032547 0.657981
vt 0.032547 0.657981
vt 0.032547 0.657981
vt 0.094106 0.656007
vt 0.094106 0.656007
vt 0.094106 0.656007
vt 0.094106 0.656007
vt 0.094106 0.656007
vt 0.533344 0.657956
vt 0.533344 0.657956
vt 0.533344 0.657956
vt 0.533344 0.657956
vt 0.094106 0.656007
vt 0.094106 0.656007
vt 0.032547 0.657981
vt 0.032547 0.657981
vt 0.032547 0.657981
vt 0.032547 0.657981
vt 0.533344 0.657956
vt 0.533344 0.657956
vt 0.533344 0.657956
vt 0.533344 0.657956
vt 0.032547 0.657982
vt 0.032547 0.657982
vt 0.032547 0.657982
vt 0.032547 0.657982
vt 0.533344 0.657956
vt 0.533344 0.657956
vt 0.533344 0.657956
vt 0.533344 0.657956
vt 0.533344 0.657956
vt 0.533344 0.657956
vt 0.032547 0.657982
vt 0.032547 0.657982
vt 0.094106 0.656007
vt 0.094106 0.656007
vt 0.032547 0.657981
vt 0.032547 0.657981
vt 0.032547 0.657981
vt 0.032547 0.657981
vt 0.032547 0.657981
vt 0.032547 0.657981
vt 0.032547 0.657981
vt 0.032547 0.657981
vt 0.094106 0.656007
vt 0.094106 0.656007
vt 0.032547 0.657981
vt 0.032547 0.657981
vt 0.032547 0.657981
vt 0.032547 0.657981
vt 0.094106 0.656007
vt 0.094106 0.656007
vt 0.094106 0.656007
vt 0.094106 0.656007
vt 0.533344 0.657956
vt 0.533344 0.657956
vt 0.032547 0.657981
vt 0.032547 0.657981
vt 0.032547 0.657981
vt 0.032547 0.657981
vt 0.032547 0.657981
vt 0.032547 0.657981
vt 0.094106 0.656007
vt 0.094106 0.656007
vt 0.032547 0.657982
vt 0.032547 0.657982
vt 0.032547 0.657981
vt 0.032547 0.657981
vt 0.032547 0.657981
vt 0.032547 0.657981
vt 0.094106 0.656007
vt 0.094106 0.656007
vt 0.094106 0.656007
vt 0.094106 0.656007
vt 0.094106 0.656007
vt 0.094106 0.656007
vt 0.094106 0.656007
vt 0.094106 0.656007
vt 0.094106 0.656007
vt 0.094106 0.656007
vt 0.094106 0.656007
vt 0.094106 0.656007
vt 0.094106 0.656007
vt 0.094106 0.656007
vt 0.533344 0.657956
vt 0.533344 0.657956
vt 0.533344 0.657956
vt 0.533344 0.657956
vt 0.032547 0.657982
vt 0.032547 0.657982
vt 0.533344 0.657956
vt 0.533344 0.657956
vt 0.032547 0.657982
vt 0.032547 0.657982
vt 0.032547 0.657982
vt 0.032547 0.657982
vt 0.094106 0.656007
vt 0.094106 0.656007
vt 0.094106 0.656007
vt 0.094106 0.656007
vt 0.094106 0.656007
vt 0.094106 0.656007
vt 0.533344 0.657956
vt 0.533344 0.657956
vt 0.533344 0.657956
vt 0.032547 0.657982
vt 0.032547 0.657982
vt 0.032547 0.657982
vt 0.032547 0.657982
vt 0.032547 0.657982
vt 0.533344 0.657956
vt 0.533344 0.657956
vt 0.533344 0.657956
vt 0.032547 0.657982
vt 0.032547 0.657982
vt 0.032547 0.657982
vt 0.032547 0.657982
vt 0.533344 0.657956
vt 0.533344 0.657956
vt 0.533344 0.657956
vt 0.032547 0.657982
vt 0.032547 0.657982
vt 0.032547 0.657982
vt 0.032547 0.657982
vt 0.032547 0.657982
vt 0.036697 0.031275
vt 0.036697 0.031275
vt 0.036697 0.031275
vt 0.036697 0.031275
vt 0.036697 0.031275
vt 0.036697 0.031275
vt 0.036697 0.031275
vt 0.036697 0.031275
vt 0.036697 0.031275
vt 0.036697 0.031275
vt 0.036697 0.031275
vt 0.036697 0.031275
vt 0.036697 0.031275
vt 0.036697 0.031275
vt 0.036697 0.031275
vt 0.036697 0.031275
vt 0.036697 0.031275
vt 0.036697 0.031275
vt 0.036697 0.031275
vt 0.036697 0.031275
vt 0.036697 0.031275
vt 0.036697 0.031275
vt 0.036697 0.031275
vt 0.036697 0.031275
vt 0.032547 0.657982
vt 0.533344 0.657956
vt 0.533344 0.657956
vt 0.533344 0.657956
vt 0.533344 0.657956
vt 0.533344 0.657956
vt 0.533344 0.657956
vt 0.032547 0.657982
vt 0.032547 0.657982
vt 0.032547 0.657982
vt 0.032547 0.657982
vt 0.032547 0.657982
vt 0.032547 0.657982
vt 0.032547 0.657982
vt 0.094106 0.656007
vt 0.094106 0.656007
vt 0.094106 0.656007
vt 0.094106 0.656007
vt 0.094106 0.656007
vt 0.094106 0.656007
vt 0.094106 0.656007
vt 0.094106 0.656007
vt 0.094106 0.656007
vt 0.094106 0.656007
vt 0.094106 0.656007
vt 0.094106 0.656007
vt 0.094106 0.656007
vt 0.094106 0.656007
vt 0.094106 0.656007
vt 0.094106 0.656007
vt 0.094106 0.656007
vt 0.094106 0.656007
vt 0.094106 0.656007
vt 0.032546 0.657981
vt 0.032546 0.657981
vt 0.533344 0.657956
vt 0.032547 0.657981
vt 0.032547 0.657981
vt 0.032547 0.657981
vt 0.032547 0.657981
vt 0.032547 0.657981
vt 0.032547 0.657981
vt 0.533344 0.657956
vt 0.533344 0.657956
vt 0.533344 0.657956
vt 0.533344 0.657956
vt 0.032547 0.657981
vt 0.032547 0.657981
vt 0.036697 0.031275
vt 0.036697 0.031275
vt 0.036697 0.031275
vt 0.036697 0.031275
vt 0.036697 0.031275
vt 0.036697 0.031275
vt 0.036697 0.031275
vt 0.036697 0.031275
vt 0.036697 0.031275
vt 0.036697 0.031275
vt 0.036697 0.031275
vt 0.036697 0.031275
vt 0.036697 0.031275
vt 0.036697 0.031275
vt 0.036697 0.031275
vt 0.036697 0.031275
vt 0.032547 0.657981
vt 0.032547 0.657981
vt 0.533344 0.657956
vt 0.533344 0.657956
vt 0.032547 0.657981
vt 0.032547 0.657981
vt 0.032547 0.657981
vt 0.032547 0.657981
vt 0.032547 0.657982
vt 0.032547 0.657982
vt 0.032547 0.657981
vt 0.032547 0.657981
vt 0.032547 0.657981
vt 0.032547 0.657981
vt 0.032547 0.657981
vt 0.036697 0.031275
vt 0.036697 0.031275
vt 0.036697 0.031275
vt 0.036697 0.031275
vt 0.036697 0.031275
vt 0.036697 0.031275
vt 0.036697 0.031275
vt 0.036697 0.031275
vt 0.032547 0.657982
vt 0.032547 0.657981
vt 0.032547 0.657981
vt 0.032547 0.657982
vt 0.032547 0.657981
vt 0.032547 0.657981
vt 0.032547 0.657981
vt 0.032547 0.657981
vt 0.032547 0.657981
vt 0.032547 0.657981
vt 0.032547 0.657981
vt 0.032547 0.657981
vt 0.032547 0.657981
vt 0.032547 0.657981
vt 0.032547 0.657981
vt 0.036697 0.031275
vt 0.036697 0.031275
vt 0.036697 0.031275
vt 0.036697 0.031275
vt 0.036697 0.031275
vt 0.036697 0.031275
vt 0.036697 0.031275
vt 0.036697 0.031275
vt 0.032547 0.657981
vt 0.032547 0.657981
vt 0.032547 0.657981
vt 0.032547 0.657981
vt 0.533344 0.657956
vt 0.533344 0.657956
vt 0.533344 0.657956
vt 0.036697 0.031275
vt 0.036697 0.031275
vt 0.036697 0.031275
vt 0.036697 0.031275
vt 0.533344 0.657956
vt 0.533344 0.657956
vt 0.094106 0.656007
vt 0.094106 0.656007
vt 0.094106 0.656007
vt 0.094106 0.656007
vt 0.094106 0.656007
vt 0.094106 0.656007
vt 0.094106 0.656007
vt 0.094106 0.656007
vt 0.094106 0.656007
vt 0.094106 0.656007
vt 0.094106 0.656007
vt 0.094106 0.656007
vt 0.094106 0.656007
vt 0.094106 0.656007
vt 0.094106 0.656007
vt 0.094106 0.656007
vt 0.094106 0.656007
vt 0.094106 0.656007
vt 0.094106 0.656007
vt 0.094106 0.656007
vt 0.094106 0.656007
vt 0.094106 0.656007
vt 0.094106 0.656007
vt 0.094106 0.656007
vt 0.094106 0.656007
vt 0.094106 0.656007
vt 0.094106 0.656007
vt 0.094106 0.656007
vt 0.094106 0.656007
vt 0.094106 0.656007
vt 0.094106 0.656007
vt 0.094106 0.656007
vt 0.094106 0.656007
vt 0.094106 0.656007
vt 0.094106 0.656007
vt 0.094106 0.656007
vt 0.094106 0.656007
vt 0.094106 0.656007
vt 0.094106 0.656007
vt 0.094106 0.656007
vt 0.094106 0.656007
vt 0.094106 0.656007
vt 0.094106 0.656007
vt 0.094106 0.656007
vt 0.094106 0.656007
vt 0.094106 0.656007
vt 0.094106 0.656007
vt 0.094106 0.656007
vt 0.094106 0.656007
vt 0.094106 0.656007
vt 0.094106 0.656007
vt 0.094106 0.656007
vt 0.094106 0.656007
vt 0.094106 0.656007
vt 0.094106 0.656007
vt 0.094106 0.656007
vt 0.094106 0.656007
vt 0.094106 0.656007
vt 0.094106 0.656007
vt 0.094106 0.656007
vt 0.094106 0.656007
vt 0.094106 0.656007
vt 0.094106 0.656007
vt 0.094106 0.656007
vt 0.156488 0.658574
vt 0.156488 0.658577
vt 0.156488 0.658577
vt 0.156488 0.658574
vt 0.156488 0.658577
vt 0.156488 0.658577
vt 0.156488 0.658574
vt 0.156488 0.658574
vt 0.156488 0.658574
vt 0.156488 0.658575
vt 0.156488 0.658576
vt 0.156488 0.658577
vt 0.156488 0.658577
vt 0.156488 0.658577
vt 0.156488 0.658574
vt 0.156488 0.658574
vt 0.156488 0.658574
vt 0.156488 0.658574
vt 0.156488 0.658577
vt 0.156488 0.658577
vt 0.156488 0.658574
vt 0.156488 0.658574
vt 0.156488 0.658574
vt 0.156488 0.658574
vt 0.156488 0.658574
vt 0.156488 0.658574
vt 0.156488 0.658574
vt 0.156488 0.658574
vt 0.094106 0.656007
vt 0.094106 0.656007
vt 0.094106 0.656007
vt 0.094106 0.656007
vt 0.094106 0.656007
vt 0.094106 0.656007
vt 0.094106 0.656007
vt 0.094106 0.656007
vt 0.094106 0.656007
vt 0.094106 0.656007
vt 0.094106 0.656007
vt 0.094106 0.656007
vt 0.094106 0.656007
vt 0.780832 0.655768
vt 0.780832 0.655768
vt 0.533344 0.657956
vt 0.036697 0.031275
vt 0.036697 0.031275
vt 0.533344 0.657956
vt 0.533344 0.657956
vt 0.094106 0.656007
vt 0.094106 0.656007
vt 0.032547 0.657981
vt 0.032547 0.657981
vt 0.032547 0.657981
vt 0.094106 0.656007
vt 0.094106 0.656007
vt 0.094106 0.656007
vt 0.032547 0.657981
vt 0.032547 0.657981
vt 0.032547 0.657981
vt 0.470187 0.658578
vt 0.470187 0.658578
vt 0.470187 0.658578
vt 0.470187 0.658578
vt 0.470187 0.658578
vt 0.094106 0.656007
vt 0.094106 0.656007
vt 0.470187 0.658578
vt 0.470187 0.658578
vt 0.094106 0.656007
vt 0.094106 0.656007
vt 0.470187 0.658578
vt 0.470187 0.658578
vt 0.470187 0.658578
vt 0.470187 0.658578
vt 0.470187 0.658578
vt 0.533344 0.657956
vt 0.533344 0.657956
vt 0.533344 0.657956
vt 0.032547 0.657982
vt 0.533344 0.657956
vt 0.533344 0.657956
vt 0.533344 0.657956
vt 0.533344 0.657956
vt 0.036697 0.031275
vt 0.036697 0.031275
vt 0.036697 0.031275
vt 0.036697 0.031275
vt 0.533344 0.657956
vt 0.533344 0.657956
vt 0.780832 0.655768
vt 0.780832 0.655768
vt 0.780832 0.655768
vt 0.780832 0.655768
vt 0.780832 0.655768
vt 0.094106 0.656007
vt 0.094106 0.656007
vt 0.780832 0.655768
vt 0.094106 0.656007
vt 0.094106 0.656007
vt 0.780832 0.655768
vt 0.780832 0.655768
vt 0.780832 0.655768
vt 0.780832 0.655768
vt 0.094106 0.656007
vt 0.094106 0.656007
vt 0.032547 0.657982
vt 0.032547 0.657982
vt 0.533344 0.657956
vt 0.032547 0.657982
vt 0.032547 0.657982
vt 0.094106 0.656007
vt 0.094106 0.656007
vt 0.094106 0.656007
vt 0.094106 0.656007
vt 0.036697 0.031275
vt 0.094106 0.656007
vt 0.032546 0.657981
vt 0.032546 0.657981
vt 0.032546 0.657981
vt 0.780832 0.655768
vt 0.780832 0.655768
vt 0.036697 0.031275
vt 0.036697 0.031275
vt 0.533344 0.657956
vt 0.533344 0.657956
vt 0.533344 0.657956
vt 0.658025 0.658227
vt 0.658025 0.658227
vt 0.658025 0.658227
vt 0.658025 0.658227
vt 0.658025 0.658227
vt 0.658025 0.658227
vt 0.658025 0.658227
vt 0.658025 0.658227
vt 0.658025 0.658227
vt 0.658025 0.658227
vt 0.658025 0.658227
vt 0.658025 0.658227
vt 0.658025 0.658227
vt 0.658025 0.658227
vt 0.658025 0.658227
vt 0.658025 0.658227
vt 0.658025 0.658227
vt 0.658025 0.658227
vt 0.658025 0.658227
vt 0.658025 0.658227
vt 0.658025 0.658227
vt 0.658025 0.658227
vt 0.345461 0.656917
vt 0.345461 0.656917
vt 0.345461 0.656917
vt 0.345461 0.656917
vt 0.658025 0.658227
vt 0.658025 0.658227
vt 0.658025 0.658227
vt 0.658025 0.658227
vt 0.658025 0.658227
vt 0.345461 0.656917
vt 0.345461 0.656917
vt 0.345461 0.656917
vt 0.345461 0.656917
vt 0.658025 0.658227
vt 0.658025 0.658227
vt 0.658025 0.658227
vt 0.345461 0.656917
vt 0.345461 0.656917
vt 0.345461 0.656917
vt 0.345461 0.656917
vt 0.658025 0.658227
vt 0.658025 0.658227
vt 0.345461 0.656917
vt 0.345461 0.656917
vt 0.345461 0.656917
vt 0.345461 0.656917
vt 0.345461 0.656917
vt 0.345461 0.656917
vt 0.345461 0.656917
vt 0.345461 0.656917
vt 0.658025 0.658227
vt 0.658025 0.658227
vt 0.658025 0.658227
vt 0.658025 0.658227
vt 0.345461 0.656917
vt 0.345461 0.656917
vt 0.345461 0.656917
vt 0.345461 0.656917
vt 0.345461 0.656917
vt 0.345461 0.656917
vt 0.345461 0.656917
vt 0.345461 0.656917
vt 0.658025 0.658227
vt 0.658025 0.658227
vt 0.658025 0.658227
vt 0.658025 0.658227
vt 0.658025 0.658227
vt 0.658025 0.658227
vt 0.345461 0.656917
vt 0.345461 0.656917
vt 0.345461 0.656917
vt 0.345461 0.656917
vt 0.658025 0.658227
vt 0.658025 0.658227
vt 0.658025 0.658227
vt 0.658025 0.658227
vt 0.345461 0.656917
vt 0.345461 0.656917
vt 0.345461 0.656917
vt 0.345461 0.656917
vt 0.658025 0.658227
vt 0.658025 0.658227
vt 0.658025 0.658227
vt 0.658025 0.658227
vt 0.658025 0.658227
vt 0.658025 0.658227
vt 0.658025 0.658227
vt 0.658025 0.658227
vt 0.658025 0.658227
vt 0.658025 0.658227
vt 0.658025 0.658227
vt 0.658025 0.658227
vt 0.345461 0.656917
vt 0.345461 0.656917
vt 0.345461 0.656917
vt 0.345461 0.656917
vt 0.345461 0.656917
vt 0.345461 0.656917
vt 0.345461 0.656917
vt 0.345461 0.656917
vt 0.658025 0.658227
vt 0.658025 0.658227
vt 0.658025 0.658227
vt 0.658025 0.658227
vt 0.658025 0.658227
vt 0.658025 0.658227
vt 0.658025 0.658227
vt 0.658025 0.658227
vt 0.658025 0.658227
vt 0.658025 0.658227
vt 0.658025 0.658227
vt 0.658025 0.658227
vt 0.658025 0.658227
vt 0.658025 0.658227
vt 0.658025 0.658227
vt 0.658025 0.658227
vt 0.345461 0.656917
vt 0.345461 0.656917
vt 0.345461 0.656917
vt 0.345461 0.656917
vt 0.658025 0.658227
vt 0.658025 0.658227
vt 0.658025 0.658227
vt 0.658025 0.658227
vt 0.345461 0.656917
vt 0.345461 0.656917
vt 0.345461 0.656917
vt 0.345461 0.656917
vt 0.345461 0.656917
vt 0.345461 0.656917
vt 0.345461 0.656917
vt 0.345461 0.656917
vt 0.345461 0.656917
vt 0.345461 0.656917
vt 0.345461 0.656917
vt 0.345461 0.656917
vt 0.658025 0.658227
vt 0.658025 0.658227
vt 0.658025 0.658227
vt 0.658025 0.658227
vt 0.345461 0.656917
vt 0.345461 0.656917
vt 0.345461 0.656917
vt 0.345461 0.656917
vt 0.094106 0.656007
vt 0.094106 0.656007
vt 0.094106 0.656007
vt 0.094106 0.656007
vt 0.094106 0.656007
vt 0.094106 0.656007
vt 0.094106 0.656007
vt 0.094106 0.656007
vt 0.658025 0.658227
vt 0.658025 0.658227
vt 0.658025 0.658227
vt 0.658025 0.658227
vt 0.658025 0.658227
vt 0.094106 0.656007
vt 0.094106 0.656007
vt 0.094106 0.656007
vt 0.094106 0.656007
vt 0.094106 0.656007
vt 0.094106 0.656007
vt 0.345461 0.656917
vt 0.345461 0.656917
vt 0.345461 0.656917
vt 0.345461 0.656917
vt 0.094106 0.656007
vt 0.094106 0.656007
vt 0.345461 0.656917
vt 0.345461 0.656917
vt 0.345461 0.656917
vt 0.345461 0.656917
vt 0.094106 0.656007
vt 0.094106 0.656007
vt 0.094106 0.656007
vt 0.658025 0.658227
vt 0.345461 0.656917
vt 0.345461 0.656917
vt 0.094106 0.656007
vt 0.345461 0.656917
vt 0.345461 0.656917
vt 0.345461 0.656917
vt 0.345461 0.656917
vt 0.658025 0.658227
vt 0.658025 0.658227
vt 0.658025 0.658227
vt 0.658025 0.658227
vt 0.658025 0.658227
vt 0.345461 0.656917
vt 0.345461 0.656917
vt 0.345461 0.656917
vt 0.345461 0.656917
vt 0.658025 0.658227
vt 0.658025 0.658227
vt 0.345461 0.656917
vt 0.345461 0.656917
vt 0.658025 0.658227
vt 0.658025 0.658227
vt 0.345461 0.656917
vt 0.345461 0.656917
vt 0.345461 0.656917
vt 0.345461 0.656917
vt 0.658025 0.658227
vt 0.658025 0.658227
vt 0.658025 0.658227
vt 0.658025 0.658227
vt 0.345461 0.656917
vt 0.345461 0.656917
vt 0.345461 0.656917
vt 0.345461 0.656917
vt 0.658025 0.658227
vt 0.658025 0.658227
vt 0.658025 0.658227
vt 0.658025 0.658227
vt 0.658025 0.658227
vt 0.658025 0.658227
vt 0.345461 0.656917
vt 0.345461 0.656917
vt 0.658025 0.658227
vt 0.658025 0.658227
vt 0.658025 0.658227
vt 0.658025 0.658227
vt 0.345461 0.656917
vt 0.345461 0.656917
vt 0.345461 0.656917
vt 0.345461 0.656917
vt 0.658025 0.658227
vt 0.658025 0.658227
vt 0.658025 0.658227
vt 0.658025 0.658227
vt 0.658025 0.658227
vt 0.658025 0.658227
vt 0.658025 0.658227
vt 0.658025 0.658227
vt 0.658025 0.658227
vt 0.658025 0.658227
vt 0.658025 0.658227
vt 0.658025 0.658227
vt 0.345461 0.656917
vt 0.345461 0.656917
vt 0.345461 0.656917
vt 0.345461 0.656917
vt 0.345461 0.656917
vt 0.345461 0.656917
vt 0.345461 0.656917
vt 0.345461 0.656917
vt 0.658025 0.658227
vt 0.658025 0.658227
vt 0.658025 0.658227
vt 0.658025 0.658227
vt 0.658025 0.658227
vt 0.658025 0.658227
vt 0.658025 0.658227
vt 0.658025 0.658227
vt 0.658025 0.658227
vt 0.658025 0.658227
vt 0.658025 0.658227
vt 0.658025 0.658227
vt 0.658025 0.658227
vt 0.658025 0.658227
vt 0.658025 0.658227
vt 0.658025 0.658227
vt 0.345461 0.656917
vt 0.345461 0.656917
vt 0.345461 0.656917
vt 0.345461 0.656917
vt 0.658025 0.658227
vt 0.658025 0.658227
vt 0.658025 0.658227
vt 0.658025 0.658227
vt 0.345461 0.656917
vt 0.345461 0.656917
vt 0.345461 0.656917
vt 0.345461 0.656917
vt 0.345461 0.656917
vt 0.345461 0.656917
vt 0.345461 0.656917
vt 0.345461 0.656917
vt 0.345461 0.656917
vt 0.345461 0.656917
vt 0.658025 0.658227
vt 0.658025 0.658227
vt 0.658025 0.658227
vt 0.658025 0.658227
vt 0.345461 0.656917
vt 0.345461 0.656917
vt 0.345461 0.656917
vt 0.345461 0.656917
vt 0.094106 0.656007
vt 0.094106 0.656007
vt 0.094106 0.656007
vt 0.094106 0.656007
vt 0.094106 0.656007
vt 0.094106 0.656007
vt 0.094106 0.656007
vt 0.094106 0.656007
vt 0.658025 0.658227
vt 0.658025 0.658227
vt 0.658025 0.658227
vt 0.658025 0.658227
vt 0.658025 0.658227
vt 0.094106 0.656007
vt 0.094106 0.656007
vt 0.094106 0.656007
vt 0.094106 0.656007
vt 0.094106 0.656007
vt 0.094106 0.656007
vt 0.345461 0.656917
vt 0.345461 0.656917
vt 0.345461 0.656917
vt 0.345461 0.656917
vt 0.094106 0.656007
vt 0.094106 0.656007
vt 0.345461 0.656917
vt 0.345461 0.656917
vt 0.094106 0.656007
vt 0.658025 0.658227
vt 0.345461 0.656917
vt 0.345461 0.656917
vt 0.094106 0.656007
vt 0.345461 0.656917
vt 0.408962 0.657607
vt 0.408962 0.657607
vt 0.408962 0.657607
vt 0.408962 0.657607
vt 0.408962 0.657607
vt 0.408962 0.657607
vt 0.408962 0.657607
vt 0.408962 0.657607
vt 0.408962 0.657607
vt 0.408962 0.657607
vt 0.408962 0.657607
vt 0.408962 0.657607
vt 0.408962 0.657607
vt 0.408962 0.657607
vt 0.408962 0.657607
vt 0.408962 0.657607
vt 0.408962 0.657607
vt 0.408962 0.657607
vt 0.408962 0.657607
vt 0.408962 0.657607
vt 0.408962 0.657607
vt 0.408962 0.657607
vt 0.408962 0.657607
vt 0.408962 0.657607
vt 0.408962 0.657607
vt 0.408962 0.657607
vt 0.408962 0.657607
vt 0.408962 0.657607
vt 0.408962 0.657607
vt 0.408962 0.657607
vt 0.408962 0.657607
vt 0.408962 0.657607
vt 0.408962 0.657607
vt 0.408962 0.657607
vt 0.408962 0.657607
vt 0.408962 0.657607
vt 0.408962 0.657607
vt 0.408962 0.657607
vt 0.408962 0.657607
vt 0.408962 0.657607
vt 0.408962 0.657607
vt 0.408962 0.657607
vt 0.408962 0.657607
vt 0.408962 0.657607
vt 0.408962 0.657607
vt 0.408962 0.657607
vt 0.408962 0.657607
vt 0.408962 0.657607
vt 0.408962 0.657607
vt 0.408962 0.657607
vt 0.408962 0.657607
vt 0.408962 0.657607
vt 0.408962 0.657607
vt 0.408962 0.657607
vt 0.408962 0.657607
vt 0.408962 0.657607
vt 0.408962 0.657607
vt 0.408962 0.657607
vt 0.408962 0.657607
vt 0.408962 0.657607
vt 0.408962 0.657607
vt 0.408962 0.657607
vt 0.408962 0.657607
vt 0.408962 0.657607
vt 0.408962 0.657607
vt 0.408962 0.657607
vt 0.408962 0.657607
vt 0.408962 0.657607
vt 0.408962 0.657607
vt 0.408962 0.657607
vt 0.408962 0.657607
vt 0.408962 0.657607
vt 0.408962 0.657607
vt 0.408962 0.657607
vt 0.408962 0.657607
vt 0.408962 0.657607
vt 0.408962 0.657607
vt 0.408962 0.657607
vt 0.408962 0.657607
vt 0.408962 0.657607
vt 0.408962 0.657607
vt 0.408962 0.657607
vt 0.408962 0.657607
vt 0.408962 0.657607
vt 0.408962 0.657607
vt 0.408962 0.657607
vt 0.408962 0.657607
vt 0.408962 0.657607
vt 0.408962 0.657607
vt 0.408962 0.657607
vt 0.408962 0.657607
vt 0.408962 0.657607
vt 0.408962 0.657607
vt 0.408962 0.657607
vt 0.408962 0.657607
vt 0.408962 0.657607
vt 0.408962 0.657607
vt 0.408962 0.657607
vt 0.408962 0.657607
vt 0.408962 0.657607
vt 0.408962 0.657607
vt 0.408962 0.657607
vt 0.408962 0.657607
vt 0.408962 0.657607
vt 0.408962 0.657607
vt 0.408962 0.657607
vt 0.408962 0.657607
vt 0.408962 0.657607
vt 0.408962 0.657607
vt 0.408962 0.657607
vt 0.408962 0.657607
vt 0.408962 0.657607
vt 0.408962 0.657607
vt 0.408962 0.657607
vt 0.408962 0.657607
vt 0.408962 0.657607
vt 0.408962 0.657607
vt 0.408962 0.657607
vt 0.408962 0.657607
vt 0.408962 0.657607
vt 0.408962 0.657607
vt 0.408962 0.657607
vt 0.408962 0.657607
vt 0.408962 0.657607
vt 0.408962 0.657607
vt 0.408962 0.657607
vt 0.408962 0.657607
vt 0.408962 0.657607
vt 0.408962 0.657607
vt 0.408962 0.657607
vt 0.408962 0.657607
vt 0.408962 0.657607
vt 0.408962 0.657607
vt 0.408962 0.657607
vt 0.408962 0.657607
vt 0.408962 0.657607
vt 0.408962 0.657607
vt 0.408962 0.657607
vt 0.408962 0.657607
vt 0.408962 0.657607
vt 0.408962 0.657607
vt 0.408962 0.657607
vt 0.408962 0.657607
vt 0.408962 0.657607
vt 0.408962 0.657607
vt 0.408962 0.657607
vt 0.408962 0.657607
vt 0.408962 0.657607
vt 0.408962 0.657607
vt 0.408962 0.657607
vt 0.408962 0.657607
vt 0.408962 0.657607
vt 0.408962 0.657607
vt 0.408962 0.657607
vt 0.408962 0.657607
vt 0.408962 0.657607
vt 0.408962 0.657607
vt 0.408962 0.657607
vt 0.408962 0.657607
vt 0.408962 0.657607
vt 0.408962 0.657607
vt 0.408962 0.657607
vt 0.408962 0.657607
vt 0.408962 0.657607
vt 0.408962 0.657607
vt 0.408962 0.657607
vt 0.408962 0.657607
vt 0.408962 0.657607
vt 0.408962 0.657607
vt 0.408962 0.657607
vt 0.408962 0.657607
vt 0.408962 0.657607
vt 0.408962 0.657607
vt 0.408962 0.657607
vt 0.408962 0.657607
vt 0.408962 0.657607
vt 0.408962 0.657607
vt 0.408962 0.657607
vt 0.408962 0.657607
vt 0.408962 0.657607
vt 0.408962 0.657607
vt 0.408962 0.657607
vt 0.408962 0.657607
vt 0.408962 0.657607
vt 0.408962 0.657607
vt 0.408962 0.657607
vt 0.408962 0.657607
vt 0.408962 0.657607
vt 0.408962 0.657607
vt 0.408962 0.657607
vt 0.408962 0.657607
vt 0.408962 0.657607
vt 0.408962 0.657607
vt 0.408962 0.657607
vt 0.408962 0.657607
vt 0.408962 0.657607
vt 0.408962 0.657607
vt 0.408962 0.657607
vt 0.408962 0.657607
vt 0.408962 0.657607
vt 0.408962 0.657607
vt 0.408962 0.657607
vt 0.408962 0.657607
vt 0.408962 0.657607
vt 0.408962 0.657607
vt 0.408962 0.657607
vt 0.408962 0.657607
vt 0.408962 0.657607
vt 0.408962 0.657607
vt 0.408962 0.657607
vt 0.408962 0.657607
vt 0.408962 0.657607
vt 0.408962 0.657607
vt 0.408962 0.657607
vt 0.408962 0.657607
vt 0.408962 0.657607
vt 0.408962 0.657607
vt 0.408962 0.657607
vt 0.408962 0.657607
vt 0.408962 0.657607
vt 0.408962 0.657607
vt 0.408962 0.657607
vt 0.408962 0.657607
vt 0.408962 0.657607
vt 0.408962 0.657607
vt 0.408962 0.657607
vt 0.408962 0.657607
vt 0.408962 0.657607
vt 0.408962 0.657607
vt 0.408962 0.657607
vt 0.408962 0.657607
vt 0.408962 0.657607
vt 0.408962 0.657607
vt 0.408962 0.657607
vt 0.408962 0.657607
vt 0.408962 0.657607
vt 0.408962 0.657607
vt 0.408962 0.657607
vt 0.408962 0.657607
vt 0.408962 0.657607
vt 0.408962 0.657607
vt 0.408962 0.657607
vt 0.408962 0.657607
vt 0.408962 0.657607
vt 0.408962 0.657607
vt 0.408962 0.657607
vt 0.408962 0.657607
vt 0.408962 0.657607
vt 0.408962 0.657607
vt 0.408962 0.657607
vt 0.408962 0.657607
vt 0.408962 0.657607
vt 0.408962 0.657607
vt 0.408962 0.657607
vt 0.408962 0.657607
vt 0.408962 0.657607
vt 0.408962 0.657607
vt 0.408962 0.657607
vt 0.408962 0.657607
vt 0.408962 0.657607
vt 0.408962 0.657607
vt 0.408962 0.657607
vt 0.408962 0.657607
vt 0.408962 0.657607
vt 0.408962 0.657607
vt 0.408962 0.657607
vt 0.408962 0.657607
vt 0.408962 0.657607
vt 0.408962 0.657607
vt 0.408962 0.657607
vt 0.408962 0.657607
vt 0.408962 0.657607
vt 0.408962 0.657607
vt 0.408962 0.657607
vt 0.408962 0.657607
vt 0.408962 0.657607
vt 0.408962 0.657607
vt 0.408962 0.657607
vt 0.408962 0.657607
vt 0.408962 0.657607
vt 0.408962 0.657607
vt 0.408962 0.657607
vt 0.408962 0.657607
vt 0.408962 0.657607
vt 0.408962 0.657607
vt 0.408962 0.657607
vt 0.408962 0.657607
vt 0.408962 0.657607
vt 0.408962 0.657607
vt 0.408962 0.657607
vt 0.408962 0.657607
vt 0.408962 0.657607
vt 0.408962 0.657607
vt 0.408962 0.657607
vt 0.408962 0.657607
vt 0.408962 0.657607
vt 0.408962 0.657607
vt 0.408962 0.657607
vt 0.408962 0.657607
vt 0.408962 0.657607
vt 0.408962 0.657607
vt 0.408962 0.657607
vt 0.408962 0.657607
vt 0.408962 0.657607
vt 0.408962 0.657607
vt 0.408962 0.657607
vt 0.408962 0.657607
vt 0.408962 0.657607
vt 0.408962 0.657607
vt 0.408962 0.657607
vt 0.408962 0.657607
vt 0.408962 0.657607
vt 0.408962 0.657607
vt 0.408962 0.657607
vt 0.408962 0.657607
vt 0.408962 0.657607
vt 0.408962 0.657607
vt 0.408962 0.657607
vt 0.408962 0.657607
vt 0.408962 0.657607
vt 0.408962 0.657607
vt 0.408962 0.657607
vt 0.408962 0.657607
vt 0.408962 0.657607
vt 0.408962 0.657607
vt 0.408962 0.657607
vt 0.408962 0.657607
vt 0.408962 0.657607
vt 0.408962 0.657607
vt 0.408962 0.657607
vt 0.408962 0.657607
vt 0.408962 0.657607
vt 0.408962 0.657607
vt 0.408962 0.657607
vt 0.408962 0.657607
vt 0.408962 0.657607
vt 0.408962 0.657607
vt 0.408962 0.657607
vt 0.408962 0.657607
vt 0.408962 0.657607
vt 0.408962 0.657607
vt 0.408962 0.657607
vt 0.408962 0.657607
vt 0.408962 0.657607
vt 0.408962 0.657607
vt 0.408962 0.657607
vt 0.408962 0.657607
vt 0.408962 0.657607
vt 0.408962 0.657607
vt 0.408962 0.657607
vt 0.408962 0.657607
vt 0.408962 0.657607
vt 0.408962 0.657607
vt 0.408962 0.657607
vt 0.408962 0.657607
vt 0.408962 0.657607
vt 0.408962 0.657607
vt 0.408962 0.657607
vt 0.408962 0.657607
vt 0.408962 0.657607
vt 0.408962 0.657607
vt 0.408962 0.657607
vt 0.408962 0.657607
vt 0.408962 0.657607
vt 0.408962 0.657607
vt 0.408962 0.657607
vt 0.408962 0.657607
vt 0.408962 0.657607
vt 0.408962 0.657607
vt 0.408962 0.657607
vt 0.408962 0.657607
vt 0.408962 0.657607
vt 0.408962 0.657607
vt 0.408962 0.657607
vt 0.408962 0.657607
vt 0.408962 0.657607
vt 0.408962 0.657607
vt 0.408962 0.657607
vt 0.408962 0.657607
vt 0.408962 0.657607
vt 0.408962 0.657607
vt 0.408962 0.657607
vt 0.408962 0.657607
vt 0.408962 0.657607
vt 0.408962 0.657607
vt 0.408962 0.657607
vt 0.408962 0.657607
vt 0.408962 0.657607
vt 0.408962 0.657607
vt 0.408962 0.657607
vt 0.408962 0.657607
vt 0.408962 0.657607
vt 0.408962 0.657607
vt 0.408962 0.657607
vt 0.408962 0.657607
vt 0.408962 0.657607
vt 0.408962 0.657607
vt 0.408962 0.657607
vt 0.408962 0.657607
vt 0.408962 0.657607
vt 0.408962 0.657607
vt 0.408962 0.657607
vt 0.408962 0.657607
vt 0.408962 0.657607
vt 0.408962 0.657607
vt 0.408962 0.657607
vt 0.408962 0.657607
vt 0.408962 0.657607
vt 0.408962 0.657607
vt 0.408962 0.657607
vt 0.408962 0.657607
vt 0.408962 0.657607
vt 0.408962 0.657607
vt 0.408962 0.657607
vt 0.408962 0.657607
vt 0.408962 0.657607
vt 0.408962 0.657607
vt 0.408962 0.657607
vt 0.408962 0.657607
vt 0.408962 0.657607
vt 0.408962 0.657607
vt 0.408962 0.657607
vt 0.408962 0.657607
vt 0.408962 0.657607
vt 0.408962 0.657607
vt 0.408962 0.657607
vt 0.408962 0.657607
vt 0.408962 0.657607
vt 0.408962 0.657607
vt 0.408962 0.657607
vt 0.408962 0.657607
vt 0.408962 0.657607
vt 0.408962 0.657607
vt 0.408962 0.657607
vt 0.408962 0.657607
vt 0.408962 0.657607
vt 0.408962 0.657607
vt 0.408962 0.657607
vt 0.408962 0.657607
vt 0.408962 0.657607
vt 0.408962 0.657607
vt 0.408962 0.657607
vt 0.408962 0.657607
vt 0.408962 0.657607
vt 0.408962 0.657607
vt 0.408962 0.657607
vt 0.408962 0.657607
vt 0.408962 0.657607
vt 0.408962 0.657607
vt 0.408962 0.657607
vt 0.408962 0.657607
vt 0.408962 0.657607
vt 0.408962 0.657607
vt 0.408962 0.657607
vt 0.408962 0.657607
vt 0.408962 0.657607
vt 0.408962 0.657607
vt 0.408962 0.657607
vt 0.408962 0.657607
vt 0.408962 0.657607
vt 0.408962 0.657607
vt 0.408962 0.657607
vt 0.408962 0.657607
vt 0.408962 0.657607
vt 0.408962 0.657607
vt 0.408962 0.657607
vt 0.408962 0.657607
vt 0.408962 0.657607
vt 0.408962 0.657607
vt 0.408962 0.657607
vt 0.408962 0.657607
vt 0.408962 0.657607
vt 0.408962 0.657607
vt 0.408962 0.657607
vt 0.408962 0.657607
vt 0.408962 0.657607
vt 0.408962 0.657607
vt 0.408962 0.657607
vt 0.408962 0.657607
vt 0.408962 0.657607
vt 0.408962 0.657607
vt 0.408962 0.657607
vt 0.408962 0.657607
vt 0.408962 0.657607
vt 0.408962 0.657607
vt 0.408962 0.657607
vt 0.408962 0.657607
vt 0.408962 0.657607
vt 0.408962 0.657607
vt 0.408962 0.657607
vt 0.408962 0.657607
vt 0.408962 0.657607
vt 0.408962 0.657607
vt 0.408962 0.657607
vt 0.408962 0.657607
vt 0.408962 0.657607
vt 0.408962 0.657607
vt 0.408962 0.657607
vt 0.408962 0.657607
vt 0.408962 0.657607
vt 0.408962 0.657607
vt 0.408962 0.657607
vt 0.408962 0.657607
vt 0.408962 0.657607
vt 0.408962 0.657607
vt 0.408962 0.657607
vt 0.408962 0.657607
vt 0.408962 0.657607
vt 0.408962 0.657607
vt 0.408962 0.657607
vt 0.408962 0.657607
vt 0.408962 0.657607
vt 0.408962 0.657607
vt 0.408962 0.657607
vt 0.408962 0.657607
vt 0.408962 0.657607
vt 0.408962 0.657607
vt 0.408962 0.657607
vt 0.408962 0.657607
vt 0.408962 0.657607
vt 0.408962 0.657607
vt 0.408962 0.657607
vt 0.408962 0.657607
vt 0.408962 0.657607
vt 0.408962 0.657607
vt 0.408962 0.657607
vt 0.408962 0.657607
vt 0.408962 0.657607
vt 0.408962 0.657607
vt 0.408962 0.657607
vt 0.408962 0.657607
vt 0.408962 0.657607
vt 0.408962 0.657607
vt 0.408962 0.657607
vt 0.408962 0.657607
vt 0.408962 0.657607
vt 0.408962 0.657607
vt 0.408962 0.657607
vt 0.408962 0.657607
vt 0.408962 0.657607
vt 0.408962 0.657607
vt 0.408962 0.657607
vt 0.408962 0.657607
vt 0.408962 0.657607
vt 0.408962 0.657607
vt 0.408962 0.657607
vt 0.408962 0.657607
vt 0.408962 0.657607
vt 0.408962 0.657607
vt 0.408962 0.657607
vt 0.408962 0.657607
vt 0.408962 0.657607
vt 0.408962 0.657607
vt 0.408962 0.657607
vt 0.408962 0.657607
vt 0.408962 0.657607
vt 0.408962 0.657607
vt 0.408962 0.657607
vt 0.408962 0.657607
vt 0.408962 0.657607
vt 0.408962 0.657607
vt 0.408962 0.657607
vt 0.408962 0.657607
vt 0.408962 0.657607
vt 0.408962 0.657607
vt 0.408962 0.657607
vt 0.408962 0.657607
vt 0.408962 0.657607
vt 0.408962 0.657607
vt 0.408962 0.657607
vt 0.408962 0.657607
vt 0.408962 0.657607
vt 0.408962 0.657607
vt 0.408962 0.657607
vt 0.408962 0.657607
vt 0.408962 0.657607
vt 0.408962 0.657607
vt 0.408962 0.657607
vt 0.408962 0.657607
vt 0.408962 0.657607
vt 0.408962 0.657607
vt 0.408962 0.657607
vt 0.408962 0.657607
vt 0.408962 0.657607
vt 0.408962 0.657607
vt 0.408962 0.657607
vt 0.408962 0.657607
vt 0.408962 0.657607
vt 0.408962 0.657607
vt 0.408962 0.657607
vt 0.408962 0.657607
vt 0.408962 0.657607
vt 0.408962 0.657607
vt 0.408962 0.657607
vt 0.408962 0.657607
vt 0.408962 0.657607
vt 0.408962 0.657607
vt 0.408962 0.657607
vt 0.408962 0.657607
vt 0.408962 0.657607
vt 0.408962 0.657607
vt 0.408962 0.657607
vt 0.408962 0.657607
vt 0.408962 0.657607
vt 0.408962 0.657607
vt 0.408962 0.657607
vt 0.408962 0.657607
vt 0.408962 0.657607
vt 0.408962 0.657607
vt 0.408962 0.657607
vt 0.408962 0.657607
vt 0.408962 0.657607
vt 0.408962 0.657607
vt 0.408962 0.657607
vt 0.408962 0.657607
vt 0.408962 0.657607
vt 0.408962 0.657607
vt 0.408962 0.657607
vt 0.408962 0.657607
vt 0.408962 0.657607
vt 0.408962 0.657607
vt 0.408962 0.657607
vt 0.408962 0.657607
vt 0.408962 0.657607
vt 0.408962 0.657607
vt 0.408962 0.657607
vt 0.408962 0.657607
vt 0.408962 0.657607
vt 0.408962 0.657607
vt 0.408962 0.657607
vt 0.408962 0.657607
vt 0.408962 0.657607
vt 0.408962 0.657607
vt 0.408962 0.657607
vt 0.408962 0.657607
vt 0.408962 0.657607
vt 0.408962 0.657607
vt 0.408962 0.657607
vt 0.408962 0.657607
vt 0.408962 0.657607
vt 0.408962 0.657607
vt 0.408962 0.657607
vt 0.408962 0.657607
vt 0.408962 0.657607
vt 0.408962 0.657607
vt 0.408962 0.657607
vt 0.408962 0.657607
vt 0.408962 0.657607
vt 0.408962 0.657607
vt 0.408962 0.657607
vt 0.408962 0.657607
vt 0.408962 0.657607
vt 0.408962 0.657607
vt 0.408962 0.657607
vt 0.408962 0.657607
vt 0.408962 0.657607
vt 0.408962 0.657607
vt 0.408962 0.657607
vt 0.408962 0.657607
vt 0.408962 0.657607
vt 0.408962 0.657607
vt 0.408962 0.657607
vt 0.408962 0.657607
vt 0.408962 0.657607
vt 0.408962 0.657607
vt 0.408962 0.657607
vt 0.408962 0.657607
vt 0.408962 0.657607
vt 0.408962 0.657607
vt 0.408962 0.657607
vt 0.408962 0.657607
vt 0.408962 0.657607
vt 0.408962 0.657607
vt 0.408962 0.657607
vt 0.408962 0.657607
vt 0.408962 0.657607
vt 0.408962 0.657607
vt 0.408962 0.657607
vt 0.408962 0.657607
vt 0.408962 0.657607
vt 0.408962 0.657607
vt 0.408962 0.657607
vt 0.408962 0.657607
vt 0.408962 0.657607
vt 0.408962 0.657607
vt 0.408962 0.657607
vt 0.408962 0.657607
vt 0.408962 0.657607
vt 0.408962 0.657607
vt 0.408962 0.657607
vt 0.408962 0.657607
vt 0.408962 0.657607
vt 0.408962 0.657607
vt 0.408962 0.657607
vt 0.408962 0.657607
vt 0.408962 0.657607
vt 0.408962 0.657607
vt 0.408962 0.657607
vt 0.408962 0.657607
vt 0.408962 0.657607
vt 0.408962 0.657607
vt 0.408962 0.657607
vt 0.408962 0.657607
vt 0.408962 0.657607
vt 0.408962 0.657607
vt 0.408962 0.657607
vt 0.408962 0.657607
vt 0.408962 0.657607
vt 0.408962 0.657607
vt 0.408962 0.657607
vt 0.408962 0.657607
vt 0.408962 0.657607
vt 0.408962 0.657607
vt 0.408962 0.657607
vt 0.408962 0.657607
vt 0.408962 0.657607
vt 0.408962 0.657607
vt 0.408962 0.657607
vt 0.408962 0.657607
vt 0.408962 0.657607
vt 0.408962 0.657607
vt 0.408962 0.657607
vt 0.408962 0.657607
vt 0.408962 0.657607
vt 0.408962 0.657607
vt 0.408962 0.657607
vt 0.408962 0.657607
vt 0.408962 0.657607
vt 0.408962 0.657607
vt 0.408962 0.657607
vt 0.408962 0.657607
vt 0.408962 0.657607
vt 0.408962 0.657607
vt 0.408962 0.657607
vt 0.408962 0.657607
vt 0.408962 0.657607
vt 0.408962 0.657607
vt 0.408962 0.657607
vt 0.408962 0.657607
vt 0.408962 0.657607
vt 0.408962 0.657607
vt 0.408962 0.657607
vt 0.408962 0.657607
vt 0.408962 0.657607
vt 0.408962 0.657607
vt 0.408962 0.657607
vt 0.408962 0.657607
vt 0.408962 0.657607
vt 0.408962 0.657607
vt 0.408962 0.657607
vt 0.408962 0.657607
vt 0.408962 0.657607
vt 0.408962 0.657607
vt 0.408962 0.657607
vt 0.408962 0.657607
vt 0.408962 0.657607
vt 0.408962 0.657607
vt 0.408962 0.657607
vt 0.408962 0.657607
vt 0.408962 0.657607
vt 0.408962 0.657607
vt 0.408962 0.657607
vt 0.408962 0.657607
vt 0.408962 0.657607
vt 0.408962 0.657607
vt 0.408962 0.657607
vt 0.408962 0.657607
vt 0.408962 0.657607
vt 0.408962 0.657607
vt 0.408962 0.657607
vt 0.408962 0.657607
vt 0.408962 0.657607
vt 0.408962 0.657607
vt 0.408962 0.657607
vt 0.408962 0.657607
vt 0.408962 0.657607
vt 0.408962 0.657607
vt 0.408962 0.657607
vt 0.408962 0.657607
vt 0.408962 0.657607
vt 0.408962 0.657607
vt 0.408962 0.657607
vt 0.408962 0.657607
vt 0.408962 0.657607
vt 0.408962 0.657607
vt 0.408962 0.657607
vt 0.408962 0.657607
vt 0.408962 0.657607
vt 0.408962 0.657607
vt 0.408962 0.657607
vt 0.408962 0.657607
vt 0.408962 0.657607
vt 0.408962 0.657607
vt 0.408962 0.657607
vt 0.408962 0.657607
vt 0.408962 0.657607
vt 0.408962 0.657607
vt 0.408962 0.657607
vt 0.408962 0.657607
vt 0.408962 0.657607
vt 0.408962 0.657607
vt 0.408962 0.657607
vt 0.408962 0.657607
vt 0.408962 0.657607
vt 0.408962 0.657607
vt 0.408962 0.657607
vt 0.408962 0.657607
vt 0.408962 0.657607
vt 0.408962 0.657607
vt 0.408962 0.657607
vt 0.408962 0.657607
vt 0.408962 0.657607
vt 0.408962 0.657607
vt 0.408962 0.657607
vt 0.408962 0.657607
vt 0.408962 0.657607
vt 0.408962 0.657607
vt 0.408962 0.657607
vt 0.408962 0.657607
vt 0.408962 0.657607
vt 0.408962 0.657607
vt 0.408962 0.657607
vt 0.408962 0.657607
vt 0.408962 0.657607
vt 0.408962 0.657607
vt 0.408962 0.657607
vt 0.408962 0.657607
vt 0.408962 0.657607
vt 0.408962 0.657607
vt 0.408962 0.657607
vt 0.408962 0.657607
vt 0.408962 0.657607
vt 0.408962 0.657607
vt 0.408962 0.657607
vt 0.408962 0.657607
vt 0.408962 0.657607
vt 0.408962 0.657607
vt 0.408962 0.657607
vt 0.408962 0.657607
vt 0.408962 0.657607
vt 0.408962 0.657607
vt 0.408962 0.657607
vt 0.408962 0.657607
vt 0.408962 0.657607
vt 0.408962 0.657607
vt 0.408962 0.657607
vt 0.408962 0.657607
vt 0.408962 0.657607
vt 0.408962 0.657607
vt 0.408962 0.657607
vt 0.408962 0.657607
vt 0.408962 0.657607
vt 0.408962 0.657607
vt 0.408962 0.657607
vt 0.408962 0.657607
vt 0.408962 0.657607
vt 0.408962 0.657607
vt 0.408962 0.657607
vt 0.408962 0.657607
vt 0.408962 0.657607
vt 0.408962 0.657607
vt 0.408962 0.657607
vt 0.408962 0.657607
vt 0.408962 0.657607
vt 0.408962 0.657607
vt 0.408962 0.657607
vt 0.408962 0.657607
vt 0.408962 0.657607
vt 0.408962 0.657607
vt 0.408962 0.657607
vt 0.408962 0.657607
vt 0.408962 0.657607
vt 0.408962 0.657607
vt 0.408962 0.657607
vt 0.408962 0.657607
vt 0.408962 0.657607
vt 0.408962 0.657607
vt 0.408962 0.657607
vt 0.408962 0.657607
vt 0.408962 0.657607
vt 0.408962 0.657607
vt 0.408962 0.657607
vt 0.408962 0.657607
vt 0.408962 0.657607
vt 0.408962 0.657607
vt 0.408962 0.657607
vt 0.408962 0.657607
vt 0.408962 0.657607
vt 0.408962 0.657607
vt 0.408962 0.657607
vt 0.408962 0.657607
vt 0.408962 0.657607
vt 0.408962 0.657607
vt 0.408962 0.657607
vt 0.408962 0.657607
vt 0.408962 0.657607
vt 0.408962 0.657607
vt 0.408962 0.657607
vt 0.408962 0.657607
vt 0.408962 0.657607
vt 0.408962 0.657607
vt 0.408962 0.657607
vt 0.408962 0.657607
vt 0.408962 0.657607
vt 0.408962 0.657607
vt 0.408962 0.657607
vt 0.408962 0.657607
vt 0.408962 0.657607
vt 0.408962 0.657607
vt 0.408962 0.657607
vt 0.408962 0.657607
vt 0.408962 0.657607
vt 0.408962 0.657607
vt 0.408962 0.657607
vt 0.408962 0.657607
vt 0.408962 0.657607
vt 0.408962 0.657607
vt 0.408962 0.657607
vt 0.408962 0.657607
vt 0.408962 0.657607
vt 0.408962 0.657607
vt 0.408962 0.657607
vt 0.408962 0.657607
vt 0.408962 0.657607
vt 0.408962 0.657607
vt 0.408962 0.657607
vt 0.408962 0.657607
vt 0.408962 0.657607
vt 0.408962 0.657607
vt 0.408962 0.657607
vt 0.408962 0.657607
vt 0.408962 0.657607
vt 0.408962 0.657607
vt 0.408962 0.657607
vt 0.408962 0.657607
vt 0.408962 0.657607
vt 0.408962 0.657607
vt 0.408962 0.657607
vt 0.408962 0.657607
vt 0.408962 0.657607
vt 0.408962 0.657607
vt 0.408962 0.657607
vt 0.408962 0.657607
vt 0.408962 0.657607
vt 0.408962 0.657607
vt 0.408962 0.657607
vt 0.408962 0.657607
vt 0.408962 0.657607
vt 0.408962 0.657607
vt 0.408962 0.657607
vt 0.408962 0.657607
vt 0.408962 0.657607
vt 0.408962 0.657607
vt 0.408962 0.657607
vt 0.408962 0.657607
vt 0.408962 0.657607
vt 0.408962 0.657607
vt 0.408962 0.657607
vt 0.408962 0.657607
vt 0.408962 0.657607
vt 0.408962 0.657607
vt 0.408962 0.657607
vt 0.408962 0.657607
vt 0.408962 0.657607
vt 0.408962 0.657607
vt 0.408962 0.657607
vt 0.408962 0.657607
vt 0.408962 0.657607
vt 0.408962 0.657607
vt 0.408962 0.657607
vt 0.408962 0.657607
vt 0.408962 0.657607
vt 0.408962 0.657607
vt 0.408962 0.657607
vt 0.408962 0.657607
vt 0.408962 0.657607
vt 0.408962 0.657607
vt 0.408962 0.657607
vt 0.408962 0.657607
vt 0.408962 0.657607
vt 0.408962 0.657607
vt 0.408962 0.657607
vt 0.408962 0.657607
vt 0.408962 0.657607
vt 0.408962 0.657607
vt 0.408962 0.657607
vt 0.408962 0.657607
vt 0.408962 0.657607
vt 0.408962 0.657607
vt 0.408962 0.657607
vt 0.408962 0.657607
vt 0.408962 0.657607
vt 0.408962 0.657607
vt 0.408962 0.657607
vt 0.408962 0.657607
vt 0.408962 0.657607
vt 0.408962 0.657607
vt 0.408962 0.657607
vt 0.408962 0.657607
vt 0.408962 0.657607
vt 0.408962 0.657607
vt 0.408962 0.657607
vt 0.408962 0.657607
vt 0.408962 0.657607
vt 0.408962 0.657607
vt 0.408962 0.657607
vt 0.408962 0.657607
vt 0.408962 0.657607
vt 0.408962 0.657607
vt 0.408962 0.657607
vt 0.408962 0.657607
vt 0.408962 0.657607
vt 0.408962 0.657607
vt 0.408962 0.657607
vt 0.408962 0.657607
vt 0.408962 0.657607
vt 0.408962 0.657607
vt 0.408962 0.657607
vt 0.408962 0.657607
vt 0.408962 0.657607
vt 0.408962 0.657607
vt 0.408962 0.657607
vt 0.408962 0.657607
vt 0.408962 0.657607
vt 0.408962 0.657607
vt 0.408962 0.657607
vt 0.408962 0.657607
vt 0.408962 0.657607
vt 0.408962 0.657607
vt 0.408962 0.657607
vt 0.408962 0.657607
vt 0.408962 0.657607
vt 0.408962 0.657607
vt 0.408962 0.657607
vt 0.408962 0.657607
vt 0.408962 0.657607
vt 0.408962 0.657607
vt 0.408962 0.657607
vt 0.408962 0.657607
vt 0.408962 0.657607
vt 0.408962 0.657607
vt 0.408962 0.657607
vt 0.408962 0.657607
vt 0.408962 0.657607
vt 0.408962 0.657607
vt 0.408962 0.657607
vt 0.408962 0.657607
vt 0.408962 0.657607
vt 0.408962 0.657607
vt 0.408962 0.657607
vt 0.408962 0.657607
vt 0.408962 0.657607
vt 0.408962 0.657607
vt 0.408962 0.657607
vt 0.408962 0.657607
vt 0.408962 0.657607
vt 0.408962 0.657607
vt 0.408962 0.657607
vt 0.408962 0.657607
vt 0.408962 0.657607
vt 0.408962 0.657607
vt 0.408962 0.657607
vt 0.408962 0.657607
vt 0.408962 0.657607
vt 0.408962 0.657607
vt 0.408962 0.657607
vt 0.408962 0.657607
vt 0.408962 0.657607
vt 0.408962 0.657607
vt 0.408962 0.657607
vt 0.408962 0.657607
vt 0.408962 0.657607
vt 0.408962 0.657607
vt 0.408962 0.657607
vt 0.408962 0.657607
vt 0.408962 0.657607
vt 0.408962 0.657607
vt 0.408962 0.657607
vt 0.408962 0.657607
vt 0.408962 0.657607
vt 0.408962 0.657607
vt 0.408962 0.657607
vt 0.408962 0.657607
vt 0.408962 0.657607
vt 0.408962 0.657607
vt 0.408962 0.657607
vt 0.408962 0.657607
vt 0.408962 0.657607
vt 0.408962 0.657607
vt 0.408962 0.657607
vt 0.408962 0.657607
vt 0.408962 0.657607
vt 0.408962 0.657607
vt 0.408962 0.657607
vt 0.408962 0.657607
vt 0.408962 0.657607
vt 0.408962 0.657607
vt 0.408962 0.657607
vt 0.408962 0.657607
vt 0.408962 0.657607
vt 0.408962 0.657607
vt 0.408962 0.657607
vt 0.408962 0.657607
vt 0.408962 0.657607
vt 0.408962 0.657607
vt 0.408962 0.657607
vt 0.408962 0.657607
vt 0.408962 0.657607
vt 0.408962 0.657607
vt 0.408962 0.657607
vt 0.408962 0.657607
vt 0.408962 0.657607
vt 0.408962 0.657607
vt 0.408962 0.657607
vt 0.408962 0.657607
vt 0.408962 0.657607
vt 0.408962 0.657607
vt 0.408962 0.657607
vt 0.408962 0.657607
vt 0.408962 0.657607
vt 0.408962 0.657607
vt 0.408962 0.657607
vt 0.408962 0.657607
vt 0.408962 0.657607
vt 0.408962 0.657607
vt 0.408962 0.657607
vt 0.408962 0.657607
vt 0.408962 0.657607
vt 0.408962 0.657607
vt 0.408962 0.657607
vt 0.408962 0.657607
vt 0.408962 0.657607
vt 0.408962 0.657607
vt 0.408962 0.657607
vt 0.408962 0.657607
vt 0.408962 0.657607
vt 0.408962 0.657607
vt 0.408962 0.657607
vt 0.408962 0.657607
vt 0.408962 0.657607
vt 0.408962 0.657607
vt 0.408962 0.657607
vt 0.408962 0.657607
vt 0.408962 0.657607
vt 0.408962 0.657607
vt 0.408962 0.657607
vt 0.408962 0.657607
vt 0.408962 0.657607
vt 0.408962 0.657607
vt 0.408962 0.657607
vt 0.408962 0.657607
vt 0.408962 0.657607
vt 0.408962 0.657607
vt 0.408962 0.657607
vt 0.408962 0.657607
vt 0.408962 0.657607
vt 0.408962 0.657607
vt 0.408962 0.657607
vt 0.408962 0.657607
vt 0.408962 0.657607
vt 0.408962 0.657607
vt 0.408962 0.657607
vt 0.408962 0.657607
vt 0.408962 0.657607
vt 0.408962 0.657607
vt 0.408962 0.657607
vt 0.408962 0.657607
vt 0.408962 0.657607
vt 0.408962 0.657607
vt 0.408962 0.657607
vt 0.408962 0.657607
vt 0.408962 0.657607
vt 0.408962 0.657607
vt 0.408962 0.657607
vt 0.408962 0.657607
vt 0.408962 0.657607
vt 0.408962 0.657607
vt 0.408962 0.657607
vt 0.408962 0.657607
vt 0.408962 0.657607
vt 0.408962 0.657607
vt 0.408962 0.657607
vt 0.408962 0.657607
vt 0.408962 0.657607
vt 0.408962 0.657607
vt 0.408962 0.657607
vt 0.408962 0.657607
vt 0.408962 0.657607
vt 0.408962 0.657607
vt 0.408962 0.657607
vt 0.408962 0.657607
vt 0.408962 0.657607
vt 0.408962 0.657607
vt 0.408962 0.657607
vt 0.408962 0.657607
vt 0.408962 0.657607
vt 0.408962 0.657607
vt 0.408962 0.657607
vt 0.408962 0.657607
vt 0.408962 0.657607
vt 0.408962 0.657607
vt 0.408962 0.657607
vt 0.408962 0.657607
vt 0.408962 0.657607
vt 0.408962 0.657607
vt 0.408962 0.657607
vt 0.408962 0.657607
vt 0.408962 0.657607
vt 0.408962 0.657607
vt 0.408962 0.657607
vt 0.408962 0.657607
vt 0.408962 0.657607
vt 0.408962 0.657607
vt 0.408962 0.657607
vt 0.408962 0.657607
vt 0.408962 0.657607
vt 0.408962 0.657607
vt 0.408962 0.657607
vt 0.408962 0.657607
vt 0.408962 0.657607
vt 0.408962 0.657607
vt 0.408962 0.657607
vt 0.408962 0.657607
vt 0.408962 0.657607
vt 0.408962 0.657607
vt 0.408962 0.657607
vt 0.408962 0.657607
vt 0.408962 0.657607
vt 0.408962 0.657607
vt 0.408962 0.657607
vt 0.408962 0.657607
vt 0.408962 0.657607
vt 0.408962 0.657607
vt 0.408962 0.657607
vt 0.408962 0.657607
vt 0.408962 0.657607
vt 0.408962 0.657607
vt 0.408962 0.657607
vt 0.408962 0.657607
vt 0.408962 0.657607
vt 0.408962 0.657607
vt 0.408962 0.657607
vt 0.408962 0.657607
vt 0.408962 0.657607
vt 0.408962 0.657607
vt 0.408962 0.657607
vt 0.408962 0.657607
vt 0.408962 0.657607
vt 0.408962 0.657607
vt 0.408962 0.657607
vt 0.408962 0.657607
vt 0.408962 0.657607
vt 0.408962 0.657607
vt 0.408962 0.657607
vt 0.408962 0.657607
vt 0.408962 0.657607
vt 0.408962 0.657607
vt 0.408962 0.657607
vt 0.408962 0.657607
vt 0.408962 0.657607
vt 0.408962 0.657607
vt 0.408962 0.657607
vt 0.408962 0.657607
vt 0.408962 0.657607
vt 0.408962 0.657607
vt 0.408962 0.657607
vt 0.408962 0.657607
vt 0.408962 0.657607
vt 0.408962 0.657607
vt 0.408962 0.657607
vt 0.408962 0.657607
vt 0.408962 0.657607
vt 0.408962 0.657607
vt 0.408962 0.657607
vt 0.408962 0.657607
vt 0.408962 0.657607
vt 0.408962 0.657607
vt 0.408962 0.657607
vt 0.408962 0.657607
vt 0.408962 0.657607
vt 0.408962 0.657607
vt 0.408962 0.657607
vt 0.408962 0.657607
vt 0.408962 0.657607
vt 0.408962 0.657607
vt 0.408962 0.657607
vt 0.408962 0.657607
vt 0.408962 0.657607
vt 0.408962 0.657607
vt 0.408962 0.657607
vt 0.408962 0.657607
vt 0.408962 0.657607
vt 0.408962 0.657607
vt 0.408962 0.657607
vt 0.408962 0.657607
vt 0.408962 0.657607
vt 0.408962 0.657607
vt 0.408962 0.657607
vt 0.408962 0.657607
vt 0.408962 0.657607
vt 0.408962 0.657607
vt 0.408962 0.657607
vt 0.408962 0.657607
vt 0.408962 0.657607
vt 0.408962 0.657607
vt 0.408962 0.657607
vt 0.408962 0.657607
vt 0.408962 0.657607
vt 0.408962 0.657607
vt 0.408962 0.657607
vt 0.408962 0.657607
vt 0.408962 0.657607
vt 0.408962 0.657607
vt 0.408962 0.657607
vt 0.408962 0.657607
vt 0.408962 0.657607
vt 0.408962 0.657607
vt 0.408962 0.657607
vt 0.408962 0.657607
vt 0.408962 0.657607
vt 0.408962 0.657607
vt 0.408962 0.657607
vt 0.408962 0.657607
vt 0.408962 0.657607
vt 0.408962 0.657607
vt 0.408962 0.657607
vt 0.408962 0.657607
vt 0.408962 0.657607
vt 0.408962 0.657607
vt 0.408962 0.657607
vt 0.408962 0.657607
vt 0.408962 0.657607
vt 0.408962 0.657607
vt 0.408962 0.657607
vt 0.408962 0.657607
vt 0.408962 0.657607
vt 0.408962 0.657607
vt 0.408962 0.657607
vt 0.408962 0.657607
vt 0.408962 0.657607
vt 0.408962 0.657607
vt 0.408962 0.657607
vt 0.408962 0.657607
vt 0.408962 0.657607
vt 0.408962 0.657607
vt 0.408962 0.657607
vt 0.408962 0.657607
vt 0.408962 0.657607
vt 0.408962 0.657607
vt 0.408962 0.657607
vt 0.408962 0.657607
vt 0.408962 0.657607
vt 0.408962 0.657607
vt 0.408962 0.657607
vt 0.408962 0.657607
vt 0.408962 0.657607
vt 0.408962 0.657607
vt 0.408962 0.657607
vt 0.408962 0.657607
vt 0.408962 0.657607
vt 0.408962 0.657607
vt 0.408962 0.657607
vt 0.408962 0.657607
vt 0.408962 0.657607
vt 0.408962 0.657607
vt 0.408962 0.657607
vt 0.408962 0.657607
vt 0.408962 0.657607
vt 0.408962 0.657607
vt 0.408962 0.657607
vt 0.408962 0.657607
vt 0.408962 0.657607
vt 0.408962 0.657607
vt 0.408962 0.657607
vt 0.408962 0.657607
vt 0.408962 0.657607
vt 0.408962 0.657607
vt 0.408962 0.657607
vt 0.408962 0.657607
vt 0.408962 0.657607
vt 0.408962 0.657607
vt 0.408962 0.657607
vt 0.408962 0.657607
vt 0.408962 0.657607
vt 0.408962 0.657607
vt 0.408962 0.657607
vt 0.408962 0.657607
vt 0.408962 0.657607
vt 0.408962 0.657607
vt 0.408962 0.657607
vt 0.408962 0.657607
vt 0.408962 0.657607
vt 0.408962 0.657607
vt 0.408962 0.657607
vt 0.408962 0.657607
vt 0.408962 0.657607
vt 0.408962 0.657607
vt 0.408962 0.657607
vt 0.408962 0.657607
vt 0.408962 0.657607
vt 0.408962 0.657607
vt 0.408962 0.657607
vt 0.408962 0.657607
vt 0.408962 0.657607
vt 0.408962 0.657607
vt 0.408962 0.657607
vt 0.408962 0.657607
vt 0.408962 0.657607
vt 0.408962 0.657607
vt 0.408962 0.657607
vt 0.408962 0.657607
vt 0.408962 0.657607
vt 0.408962 0.657607
vt 0.408962 0.657607
vt 0.408962 0.657607
vt 0.408962 0.657607
vt 0.408962 0.657607
vt 0.408962 0.657607
vt 0.408962 0.657607
vt 0.408962 0.657607
vt 0.408962 0.657607
vt 0.408962 0.657607
vt 0.408962 0.657607
vt 0.408962 0.657607
vt 0.408962 0.657607
vt 0.408962 0.657607
vt 0.408962 0.657607
vt 0.408962 0.657607
vt 0.408962 0.657607
vt 0.408962 0.657607
vt 0.408962 0.657607
vt 0.408962 0.657607
vt 0.408962 0.657607
vt 0.408962 0.657607
vt 0.408962 0.657607
vt 0.408962 0.657607
vt 0.408962 0.657607
vt 0.408962 0.657607
vt 0.408962 0.657607
vt 0.408962 0.657607
vt 0.408962 0.657607
vt 0.408962 0.657607
vt 0.408962 0.657607
vt 0.408962 0.657607
vt 0.408962 0.657607
vt 0.408962 0.657607
vt 0.408962 0.657607
vt 0.408962 0.657607
vt 0.408962 0.657607
vt 0.408962 0.657607
vt 0.408962 0.657607
vt 0.408962 0.657607
vt 0.408962 0.657607
vt 0.408962 0.657607
vt 0.408962 0.657607
vt 0.408962 0.657607
vt 0.408962 0.657607
vt 0.408962 0.657607
vt 0.408962 0.657607
vt 0.408962 0.657607
vt 0.408962 0.657607
vt 0.408962 0.657607
vt 0.408962 0.657607
vt 0.408962 0.657607
vt 0.408962 0.657607
vt 0.408962 0.657607
vt 0.408962 0.657607
vt 0.408962 0.657607
vt 0.408962 0.657607
vt 0.408962 0.657607
vt 0.408962 0.657607
vt 0.408962 0.657607
vt 0.408962 0.657607
vt 0.408962 0.657607
vt 0.408962 0.657607
vt 0.408962 0.657607
vt 0.408962 0.657607
vt 0.408962 0.657607
vt 0.408962 0.657607
vt 0.408962 0.657607
vt 0.408962 0.657607
vt 0.408962 0.657607
vt 0.408962 0.657607
vt 0.408962 0.657607
vt 0.408962 0.657607
vt 0.408962 0.657607
vt 0.408962 0.657607
vt 0.408962 0.657607
vt 0.408962 0.657607
vt 0.408962 0.657607
vt 0.408962 0.657607
vt 0.408962 0.657607
vt 0.408962 0.657607
vt 0.408962 0.657607
vt 0.408962 0.657607
vt 0.408962 0.657607
vt 0.408962 0.657607
vt 0.408962 0.657607
vt 0.408962 0.657607
vt 0.408962 0.657607
vt 0.408962 0.657607
vt 0.408962 0.657607
vt 0.408962 0.657607
vt 0.408962 0.657607
vt 0.408962 0.657607
vt 0.408962 0.657607
vt 0.408962 0.657607
vt 0.408962 0.657607
vt 0.408962 0.657607
vt 0.408962 0.657607
vt 0.408962 0.657607
vt 0.408962 0.657607
vt 0.408962 0.657607
vt 0.408962 0.657607
vt 0.408962 0.657607
vt 0.408962 0.657607
vt 0.408962 0.657607
vt 0.408962 0.657607
vt 0.408962 0.657607
vt 0.408962 0.657607
vt 0.408962 0.657607
vt 0.408962 0.657607
vt 0.408962 0.657607
vt 0.408962 0.657607
vt 0.408962 0.657607
vt 0.408962 0.657607
vt 0.408962 0.657607
vt 0.408962 0.657607
vt 0.408962 0.657607
vt 0.408962 0.657607
vt 0.408962 0.657607
vt 0.408962 0.657607
vt 0.408962 0.657607
vt 0.408962 0.657607
vt 0.408962 0.657607
vt 0.408962 0.657607
vt 0.408962 0.657607
vt 0.408962 0.657607
vt 0.408962 0.657607
vt 0.408962 0.657607
vt 0.408962 0.657607
vt 0.408962 0.657607
vt 0.408962 0.657607
vt 0.408962 0.657607
vt 0.408962 0.657607
vt 0.408962 0.657607
vt 0.408962 0.657607
vt 0.408962 0.657607
vt 0.408962 0.657607
vt 0.408962 0.657607
vt 0.408962 0.657607
vt 0.408962 0.657607
vt 0.408962 0.657607
vt 0.408962 0.657607
vt 0.408962 0.657607
vt 0.408962 0.657607
vt 0.408962 0.657607
vt 0.408962 0.657607
vt 0.408962 0.657607
vt 0.408962 0.657607
vt 0.408962 0.657607
vt 0.408962 0.657607
vt 0.408962 0.657607
vt 0.408962 0.657607
vt 0.408962 0.657607
vt 0.408962 0.657607
vt 0.408962 0.657607
vt 0.408962 0.657607
vt 0.408962 0.657607
vt 0.408962 0.657607
vt 0.408962 0.657607
vt 0.408962 0.657607
vt 0.408962 0.657607
vt 0.408962 0.657607
vt 0.408962 0.657607
vt 0.408962 0.657607
vt 0.408962 0.657607
vt 0.408962 0.657607
vt 0.408962 0.657607
vt 0.408962 0.657607
vt 0.408962 0.657607
vt 0.408962 0.657607
vt 0.408962 0.657607
vt 0.408962 0.657607
vt 0.408962 0.657607
vt 0.408962 0.657607
vt 0.408962 0.657607
vt 0.408962 0.657607
vt 0.408962 0.657607
vt 0.408962 0.657607
vt 0.408962 0.657607
vt 0.408962 0.657607
vt 0.408962 0.657607
vt 0.408962 0.657607
vt 0.408962 0.657607
vt 0.408962 0.657607
vt 0.408962 0.657607
vt 0.408962 0.657607
vt 0.408962 0.657607
vt 0.408962 0.657607
vt 0.408962 0.657607
vt 0.408962 0.657607
vt 0.408962 0.657607
vt 0.408962 0.657607
vt 0.408962 0.657607
vt 0.408962 0.657607
vt 0.408962 0.657607
vt 0.408962 0.657607
vt 0.408962 0.657607
vt 0.408962 0.657607
vt 0.408962 0.657607
vt 0.408962 0.657607
vt 0.408962 0.657607
vt 0.408962 0.657607
vt 0.408962 0.657607
vt 0.408962 0.657607
vt 0.408962 0.657607
vt 0.408962 0.657607
vt 0.408962 0.657607
vt 0.408962 0.657607
vt 0.408962 0.657607
vt 0.408962 0.657607
vt 0.408962 0.657607
vt 0.408962 0.657607
vt 0.408962 0.657607
vt 0.408962 0.657607
vt 0.408962 0.657607
vt 0.408962 0.657607
vt 0.408962 0.657607
vt 0.408962 0.657607
vt 0.408962 0.657607
vt 0.408962 0.657607
vt 0.408962 0.657607
vt 0.408962 0.657607
vt 0.408962 0.657607
vt 0.408962 0.657607
vt 0.408962 0.657607
vt 0.408962 0.657607
vt 0.408962 0.657607
vt 0.408962 0.657607
vt 0.408962 0.657607
vt 0.408962 0.657607
vt 0.408962 0.657607
vt 0.408962 0.657607
vt 0.408962 0.657607
vt 0.408962 0.657607
vt 0.408962 0.657607
vt 0.408962 0.657607
vt 0.408962 0.657607
vt 0.408962 0.657607
vt 0.408962 0.657607
vt 0.408962 0.657607
vt 0.408962 0.657607
vt 0.408962 0.657607
vt 0.408962 0.657607
vt 0.408962 0.657607
vt 0.408962 0.657607
vt 0.408962 0.657607
vt 0.408962 0.657607
vt 0.408962 0.657607
vt 0.408962 0.657607
vt 0.408962 0.657607
vt 0.408962 0.657607
vt 0.408962 0.657607
vt 0.408962 0.657607
vt 0.408962 0.657607
vt 0.408962 0.657607
vt 0.408962 0.657607
vt 0.408962 0.657607
vt 0.408962 0.657607
vt 0.408962 0.657607
vt 0.408962 0.657607
vt 0.408962 0.657607
vt 0.408962 0.657607
vt 0.408962 0.657607
vt 0.408962 0.657607
vt 0.408962 0.657607
vt 0.408962 0.657607
vt 0.408962 0.657607
vt 0.408962 0.657607
vt 0.408962 0.657607
vt 0.408962 0.657607
vt 0.408962 0.657607
vt 0.408962 0.657607
vt 0.408962 0.657607
vt 0.408962 0.657607
vt 0.408962 0.657607
vt 0.408962 0.657607
vt 0.408962 0.657607
vt 0.408962 0.657607
vt 0.408962 0.657607
vt 0.408962 0.657607
vt 0.408962 0.657607
vt 0.408962 0.657607
vt 0.408962 0.657607
vt 0.408962 0.657607
vt 0.408962 0.657607
vt 0.408962 0.657607
vt 0.408962 0.657607
vt 0.408962 0.657607
vt 0.408962 0.657607
vt 0.408962 0.657607
vt 0.408962 0.657607
vt 0.408962 0.657607
vt 0.408962 0.657607
vt 0.408962 0.657607
vt 0.408962 0.657607
vt 0.408962 0.657607
vt 0.408962 0.657607
vt 0.408962 0.657607
vt 0.408962 0.657607
vt 0.408962 0.657607
vt 0.408962 0.657607
vt 0.408962 0.657607
vt 0.408962 0.657607
vt 0.408962 0.657607
vt 0.408962 0.657607
vt 0.408962 0.657607
vt 0.408962 0.657607
vt 0.408962 0.657607
vt 0.408962 0.657607
vt 0.408962 0.657607
vt 0.408962 0.657607
vt 0.408962 0.657607
vt 0.408962 0.657607
vt 0.408962 0.657607
vt 0.408962 0.657607
vt 0.408962 0.657607
vt 0.408962 0.657607
vt 0.408962 0.657607
vt 0.408962 0.657607
vt 0.408962 0.657607
vt 0.408962 0.657607
vt 0.408962 0.657607
vt 0.408962 0.657607
vt 0.408962 0.657607
vt 0.408962 0.657607
vt 0.408962 0.657607
vt 0.408962 0.657607
vt 0.408962 0.657607
vt 0.408962 0.657607
vt 0.408962 0.657607
vt 0.408962 0.657607
vt 0.408962 0.657607
vt 0.408962 0.657607
vt 0.408962 0.657607
vt 0.408962 0.657607
vt 0.408962 0.657607
vt 0.408962 0.657607
vt 0.408962 0.657607
vt 0.408962 0.657607
vt 0.408962 0.657607
vt 0.408962 0.657607
vt 0.408962 0.657607
vt 0.408962 0.657607
vt 0.408962 0.657607
vt 0.408962 0.657607
vt 0.408962 0.657607
vt 0.408962 0.657607
vt 0.408962 0.657607
vt 0.408962 0.657607
vt 0.408962 0.657607
vt 0.408962 0.657607
vt 0.408962 0.657607
vt 0.408962 0.657607
vt 0.408962 0.657607
vt 0.408962 0.657607
vt 0.408962 0.657607
vt 0.408962 0.657607
vt 0.408962 0.657607
vt 0.408962 0.657607
vt 0.408962 0.657607
vt 0.408962 0.657607
vt 0.408962 0.657607
vt 0.408962 0.657607
vt 0.408962 0.657607
vt 0.408962 0.657607
vt 0.408962 0.657607
vt 0.408962 0.657607
vt 0.408962 0.657607
vt 0.408962 0.657607
vt 0.408962 0.657607
vt 0.408962 0.657607
vt 0.408962 0.657607
vt 0.408962 0.657607
vt 0.408962 0.657607
vt 0.408962 0.657607
vt 0.408962 0.657607
vt 0.408962 0.657607
vt 0.408962 0.657607
vt 0.408962 0.657607
vt 0.408962 0.657607
vt 0.408962 0.657607
vt 0.408962 0.657607
vt 0.408962 0.657607
vt 0.408962 0.657607
vt 0.408962 0.657607
vt 0.408962 0.657607
vt 0.408962 0.657607
vt 0.408962 0.657607
vt 0.408962 0.657607
vt 0.408962 0.657607
vt 0.408962 0.657607
vt 0.408962 0.657607
vt 0.408962 0.657607
vt 0.408962 0.657607
vt 0.408962 0.657607
vt 0.408962 0.657607
vt 0.408962 0.657607
vt 0.408962 0.657607
vt 0.408962 0.657607
vt 0.408962 0.657607
vt 0.408962 0.657607
vt 0.408962 0.657607
vt 0.408962 0.657607
vt 0.408962 0.657607
vt 0.408962 0.657607
vt 0.408962 0.657607
vt 0.408962 0.657607
vt 0.408962 0.657607
vt 0.408962 0.657607
vt 0.408962 0.657607
vt 0.408962 0.657607
vt 0.408962 0.657607
vt 0.408962 0.657607
vt 0.408962 0.657607
vt 0.408962 0.657607
vt 0.408962 0.657607
vt 0.408962 0.657607
vt 0.408962 0.657607
vt 0.408962 0.657607
vt 0.408962 0.657607
vt 0.408962 0.657607
vt 0.408962 0.657607
vt 0.408962 0.657607
vt 0.408962 0.657607
vt 0.408962 0.657607
vt 0.408962 0.657607
vt 0.408962 0.657607
vt 0.408962 0.657607
vt 0.408962 0.657607
vt 0.408962 0.657607
vt 0.408962 0.657607
vt 0.408962 0.657607
vt 0.408962 0.657607
vt 0.408962 0.657607
vt 0.408962 0.657607
vt 0.408962 0.657607
vt 0.408962 0.657607
vt 0.408962 0.657607
vt 0.408962 0.657607
vt 0.408962 0.657607
vt 0.408962 0.657607
vt 0.408962 0.657607
vt 0.408962 0.657607
vt 0.408962 0.657607
vt 0.408962 0.657607
vt 0.408962 0.657607
vt 0.408962 0.657607
vt 0.408962 0.657607
vt 0.408962 0.657607
vt 0.408962 0.657607
vt 0.408962 0.657607
vt 0.408962 0.657607
vt 0.408962 0.657607
vt 0.408962 0.657607
vt 0.408962 0.657607
vt 0.408962 0.657607
vt 0.408962 0.657607
vt 0.408962 0.657607
vt 0.408962 0.657607
vt 0.408962 0.657607
vt 0.408962 0.657607
vt 0.408962 0.657607
vt 0.408962 0.657607
vt 0.408962 0.657607
vt 0.408962 0.657607
vt 0.408962 0.657607
vt 0.408962 0.657607
vt 0.408962 0.657607
vt 0.408962 0.657607
vt 0.408962 0.657607
vt 0.408962 0.657607
vt 0.408962 0.657607
vt 0.408962 0.657607
vt 0.408962 0.657607
vt 0.408962 0.657607
vt 0.408962 0.657607
vt 0.408962 0.657607
vt 0.408962 0.657607
vt 0.408962 0.657607
vt 0.408962 0.657607
vt 0.408962 0.657607
vt 0.408962 0.657607
vt 0.408962 0.657607
vt 0.408962 0.657607
vt 0.408962 0.657607
vt 0.408962 0.657607
vt 0.408962 0.657607
vt 0.408962 0.657607
vt 0.408962 0.657607
vt 0.408962 0.657607
vt 0.408962 0.657607
vt 0.408962 0.657607
vt 0.408962 0.657607
vt 0.408962 0.657607
vt 0.408962 0.657607
vt 0.408962 0.657607
vt 0.408962 0.657607
vt 0.408962 0.657607
vt 0.408962 0.657607
vt 0.408962 0.657607
vt 0.408962 0.657607
vt 0.408962 0.657607
vt 0.408962 0.657607
vt 0.408962 0.657607
vt 0.408962 0.657607
vt 0.408962 0.657607
vt 0.408962 0.657607
vt 0.408962 0.657607
vt 0.408962 0.657607
vt 0.408962 0.657607
vt 0.408962 0.657607
vt 0.408962 0.657607
vt 0.408962 0.657607
vt 0.408962 0.657607
vt 0.408962 0.657607
vt 0.408962 0.657607
vt 0.408962 0.657607
vt 0.408962 0.657607
vt 0.408962 0.657607
vt 0.408962 0.657607
vt 0.408962 0.657607
vt 0.408962 0.657607
vt 0.408962 0.657607
vt 0.408962 0.657607
vt 0.408962 0.657607
vt 0.408962 0.657607
vt 0.408962 0.657607
vt 0.408962 0.657607
vt 0.408962 0.657607
vt 0.408962 0.657607
vt 0.408962 0.657607
vt 0.408962 0.657607
vt 0.408962 0.657607
vt 0.408962 0.657607
vt 0.408962 0.657607
vt 0.408962 0.657607
vt 0.408962 0.657607
vt 0.408962 0.657607
vt 0.408962 0.657607
vt 0.408962 0.657607
vt 0.408962 0.657607
vt 0.408962 0.657607
vt 0.408962 0.657607
vt 0.408962 0.657607
vt 0.408962 0.657607
vt 0.408962 0.657607
vt 0.408962 0.657607
vt 0.408962 0.657607
vt 0.408962 0.657607
vt 0.408962 0.657607
vt 0.408962 0.657607
vt 0.408962 0.657607
vt 0.408962 0.657607
vt 0.408962 0.657607
vt 0.408962 0.657607
vt 0.408962 0.657607
vt 0.408962 0.657607
vt 0.408962 0.657607
vt 0.408962 0.657607
vt 0.408962 0.657607
vt 0.408962 0.657607
vt 0.408962 0.657607
vt 0.408962 0.657607
vt 0.408962 0.657607
vt 0.408962 0.657607
vt 0.408962 0.657607
vt 0.408962 0.657607
vt 0.408962 0.657607
vt 0.408962 0.657607
vt 0.408962 0.657607
vt 0.408962 0.657607
vt 0.408962 0.657607
vt 0.408962 0.657607
vt 0.408962 0.657607
vt 0.408962 0.657607
vt 0.408962 0.657607
vt 0.408962 0.657607
vt 0.408962 0.657607
vt 0.408962 0.657607
vt 0.408962 0.657607
vt 0.408962 0.657607
vt 0.408962 0.657607
vt 0.408962 0.657607
vt 0.408962 0.657607
vt 0.408962 0.657607
vt 0.408962 0.657607
vt 0.408962 0.657607
vt 0.408962 0.657607
vt 0.408962 0.657607
vt 0.408962 0.657607
vt 0.408962 0.657607
vt 0.408962 0.657607
vt 0.408962 0.657607
vt 0.408962 0.657607
vt 0.408962 0.657607
vt 0.408962 0.657607
vt 0.408962 0.657607
vt 0.408962 0.657607
vt 0.408962 0.657607
vt 0.408962 0.657607
vt 0.408962 0.657607
vt 0.408962 0.657607
vt 0.408962 0.657607
vt 0.408962 0.657607
vt 0.408962 0.657607
vt 0.408962 0.657607
vt 0.408962 0.657607
vt 0.408962 0.657607
vt 0.408962 0.657607
vt 0.408962 0.657607
vt 0.408962 0.657607
vt 0.408962 0.657607
vt 0.408962 0.657607
vt 0.408962 0.657607
vt 0.408962 0.657607
vt 0.408962 0.657607
vt 0.408962 0.657607
vt 0.408962 0.657607
vt 0.408962 0.657607
vt 0.408962 0.657607
vt 0.408962 0.657607
vt 0.408962 0.657607
vt 0.408962 0.657607
vt 0.408962 0.657607
vt 0.408962 0.657607
vt 0.408962 0.657607
vt 0.408962 0.657607
vt 0.408962 0.657607
vt 0.408962 0.657607
vt 0.408962 0.657607
vt 0.408962 0.657607
vt 0.408962 0.657607
vt 0.408962 0.657607
vt 0.408962 0.657607
vt 0.408962 0.657607
vt 0.408962 0.657607
vt 0.408962 0.657607
vt 0.408962 0.657607
vt 0.408962 0.657607
vt 0.408962 0.657607
vt 0.408962 0.657607
vt 0.408962 0.657607
vt 0.408962 0.657607
vt 0.408962 0.657607
vt 0.408962 0.657607
vt 0.408962 0.657607
vt 0.408962 0.657607
vt 0.408962 0.657607
vt 0.408962 0.657607
vt 0.408962 0.657607
vt 0.408962 0.657607
vt 0.408962 0.657607
vt 0.408962 0.657607
vt 0.408962 0.657607
vt 0.408962 0.657607
vt 0.408962 0.657607
vt 0.408962 0.657607
vt 0.408962 0.657607
vt 0.408962 0.657607
vt 0.408962 0.657607
vt 0.408962 0.657607
vt 0.408962 0.657607
vt 0.408962 0.657607
vt 0.408962 0.657607
vt 0.408962 0.657607
vt 0.408962 0.657607
vt 0.408962 0.657607
vt 0.408962 0.657607
vt 0.408962 0.657607
vt 0.408962 0.657607
vt 0.408962 0.657607
vt 0.408962 0.657607
vt 0.408962 0.657607
vt 0.408962 0.657607
vt 0.408962 0.657607
vt 0.408962 0.657607
vt 0.408962 0.657607
vt 0.408962 0.657607
vt 0.408962 0.657607
vt 0.408962 0.657607
vt 0.408962 0.657607
vt 0.408962 0.657607
vt 0.408962 0.657607
vt 0.408962 0.657607
vt 0.408962 0.657607
vt 0.408962 0.657607
vt 0.408962 0.657607
vt 0.408962 0.657607
vt 0.408962 0.657607
vt 0.408962 0.657607
vt 0.408962 0.657607
vt 0.408962 0.657607
vt 0.408962 0.657607
vt 0.408962 0.657607
vt 0.408962 0.657607
vt 0.408962 0.657607
vt 0.408962 0.657607
vt 0.408962 0.657607
vt 0.408962 0.657607
vt 0.408962 0.657607
vt 0.408962 0.657607
vt 0.408962 0.657607
vt 0.408962 0.657607
vt 0.408962 0.657607
vt 0.408962 0.657607
vt 0.408962 0.657607
vt 0.408962 0.657607
vt 0.408962 0.657607
vt 0.408962 0.657607
vt 0.408962 0.657607
vt 0.408962 0.657607
vt 0.408962 0.657607
vt 0.408962 0.657607
vt 0.408962 0.657607
vt 0.408962 0.657607
vt 0.408962 0.657607
vt 0.408962 0.657607
vt 0.408962 0.657607
vt 0.408962 0.657607
vt 0.408962 0.657607
vt 0.408962 0.657607
vt 0.408962 0.657607
vt 0.408962 0.657607
vt 0.408962 0.657607
vt 0.408962 0.657607
vt 0.408962 0.657607
vt 0.408962 0.657607
vt 0.408962 0.657607
vt 0.408962 0.657607
vt 0.408962 0.657607
vt 0.408962 0.657607
vt 0.408962 0.657607
vt 0.408962 0.657607
vt 0.408962 0.657607
vt 0.408962 0.657607
vt 0.408962 0.657607
vt 0.408962 0.657607
vt 0.408962 0.657607
vt 0.408962 0.657607
vt 0.408962 0.657607
vt 0.408962 0.657607
vt 0.408962 0.657607
vt 0.408962 0.657607
vt 0.408962 0.657607
vt 0.408962 0.657607
vt 0.408962 0.657607
vt 0.408962 0.657607
vt 0.408962 0.657607
vt 0.408962 0.657607
vt 0.408962 0.657607
vt 0.408962 0.657607
vt 0.408962 0.657607
vt 0.408962 0.657607
vt 0.408962 0.657607
vt 0.408962 0.657607
vt 0.408962 0.657607
vt 0.408962 0.657607
vt 0.408962 0.657607
vt 0.408962 0.657607
vt 0.408962 0.657607
vt 0.408962 0.657607
vt 0.408962 0.657607
vt 0.408962 0.657607
vt 0.408962 0.657607
vt 0.408962 0.657607
vt 0.408962 0.657607
vt 0.408962 0.657607
vt 0.408962 0.657607
vt 0.408962 0.657607
vt 0.408962 0.657607
vt 0.408962 0.657607
vt 0.408962 0.657607
vt 0.408962 0.657607
vt 0.408962 0.657607
vt 0.408962 0.657607
vt 0.408962 0.657607
vt 0.408962 0.657607
vt 0.408962 0.657607
vt 0.408962 0.657607
vt 0.408962 0.657607
vt 0.408962 0.657607
vt 0.408962 0.657607
vt 0.408962 0.657607
vt 0.408962 0.657607
vt 0.408962 0.657607
vt 0.408962 0.657607
vt 0.408962 0.657607
vt 0.408962 0.657607
vt 0.408962 0.657607
vt 0.408962 0.657607
vt 0.408962 0.657607
vt 0.408962 0.657607
vt 0.408962 0.657607
vt 0.408962 0.657607
vt 0.408962 0.657607
vt 0.408962 0.657607
vt 0.408962 0.657607
vt 0.408962 0.657607
vt 0.408962 0.657607
vt 0.408962 0.657607
vt 0.408962 0.657607
vt 0.408962 0.657607
vt 0.408962 0.657607
vt 0.408962 0.657607
vt 0.408962 0.657607
vt 0.408962 0.657607
vt 0.408962 0.657607
vt 0.408962 0.657607
vt 0.408962 0.657607
vt 0.408962 0.657607
vt 0.408962 0.657607
vt 0.408962 0.657607
vt 0.408962 0.657607
vt 0.408962 0.657607
vt 0.408962 0.657607
vt 0.408962 0.657607
vt 0.408962 0.657607
vt 0.408962 0.657607
vt 0.408962 0.657607
vt 0.408962 0.657607
vt 0.408962 0.657607
vt 0.408962 0.657607
vt 0.408962 0.657607
vt 0.408962 0.657607
vt 0.408962 0.657607
vt 0.408962 0.657607
vt 0.408962 0.657607
vt 0.408962 0.657607
vt 0.408962 0.657607
vt 0.408962 0.657607
vt 0.408962 0.657607
vt 0.408962 0.657607
vt 0.408962 0.657607
vt 0.408962 0.657607
vt 0.408962 0.657607
vt 0.408962 0.657607
vt 0.408962 0.657607
vt 0.408962 0.657607
vt 0.408962 0.657607
vt 0.408962 0.657607
vt 0.408962 0.657607
vt 0.408962 0.657607
vt 0.408962 0.657607
vt 0.408962 0.657607
vt 0.408962 0.657607
vt 0.408962 0.657607
vt 0.408962 0.657607
vt 0.408962 0.657607
vt 0.408962 0.657607
vt 0.408962 0.657607
vt 0.408962 0.657607
vt 0.408962 0.657607
vt 0.408962 0.657607
vt 0.408962 0.657607
vt 0.408962 0.657607
vt 0.408962 0.657607
vt 0.408962 0.657607
vt 0.408962 0.657607
vt 0.408962 0.657607
vt 0.408962 0.657607
vt 0.408962 0.657607
vt 0.408962 0.657607
vt 0.408962 0.657607
vt 0.408962 0.657607
vt 0.408962 0.657607
vt 0.408962 0.657607
vt 0.408962 0.657607
vt 0.408962 0.657607
vt 0.408962 0.657607
vt 0.408962 0.657607
vt 0.408962 0.657607
vt 0.408962 0.657607
vt 0.408962 0.657607
vt 0.408962 0.657607
vt 0.408962 0.657607
vt 0.408962 0.657607
vt 0.408962 0.657607
vt 0.408962 0.657607
vt 0.408962 0.657607
vt 0.408962 0.657607
vt 0.408962 0.657607
vt 0.408962 0.657607
vt 0.408962 0.657607
vt 0.408962 0.657607
vt 0.408962 0.657607
vt 0.408962 0.657607
vt 0.408962 0.657607
vt 0.408962 0.657607
vt 0.408962 0.657607
vt 0.408962 0.657607
vt 0.408962 0.657607
vt 0.408962 0.657607
vt 0.408962 0.657607
vt 0.408962 0.657607
vt 0.408962 0.657607
vt 0.408962 0.657607
vt 0.408962 0.657607
vt 0.408962 0.657607
vt 0.408962 0.657607
vt 0.408962 0.657607
vt 0.408962 0.657607
vt 0.408962 0.657607
vt 0.408962 0.657607
vt 0.408962 0.657607
vt 0.408962 0.657607
vt 0.408962 0.657607
vt 0.408962 0.657607
vt 0.408962 0.657607
vt 0.408962 0.657607
vt 0.408962 0.657607
vt 0.408962 0.657607
vt 0.408962 0.657607
vt 0.408962 0.657607
vt 0.408962 0.657607
vt 0.408962 0.657607
vt 0.408962 0.657607
vt 0.408962 0.657607
vt 0.408962 0.657607
vt 0.408962 0.657607
vt 0.408962 0.657607
vt 0.408962 0.657607
vt 0.408962 0.657607
vt 0.408962 0.657607
vt 0.408962 0.657607
vt 0.408962 0.657607
vt 0.408962 0.657607
vt 0.408962 0.657607
vt 0.408962 0.657607
vt 0.408962 0.657607
vt 0.408962 0.657607
vt 0.408962 0.657607
vt 0.408962 0.657607
vt 0.408962 0.657607
vt 0.408962 0.657607
vt 0.408962 0.657607
vt 0.408962 0.657607
vt 0.408962 0.657607
vt 0.408962 0.657607
vt 0.408962 0.657607
vt 0.408962 0.657607
vt 0.408962 0.657607
vt 0.408962 0.657607
vt 0.408962 0.657607
vt 0.408962 0.657607
vt 0.408962 0.657607
vt 0.408962 0.657607
vt 0.408962 0.657607
vt 0.408962 0.657607
vt 0.408962 0.657607
vt 0.408962 0.657607
vt 0.408962 0.657607
vt 0.408962 0.657607
vt 0.408962 0.657607
vt 0.408962 0.657607
vt 0.408962 0.657607
vt 0.408962 0.657607
vt 0.408962 0.657607
vt 0.408962 0.657607
vt 0.408962 0.657607
vt 0.408962 0.657607
vt 0.408962 0.657607
vt 0.408962 0.657607
vt 0.408962 0.657607
vt 0.408962 0.657607
vt 0.408962 0.657607
vt 0.408962 0.657607
vt 0.408962 0.657607
vt 0.408962 0.657607
vt 0.408962 0.657607
vt 0.408962 0.657607
vt 0.408962 0.657607
vt 0.408962 0.657607
vt 0.408962 0.657607
vt 0.408962 0.657607
vt 0.408962 0.657607
vt 0.408962 0.657607
vt 0.408962 0.657607
vt 0.408962 0.657607
vt 0.408962 0.657607
vt 0.408962 0.657607
vt 0.408962 0.657607
vt 0.408962 0.657607
vt 0.408962 0.657607
vt 0.408962 0.657607
vt 0.408962 0.657607
vt 0.408962 0.657607
vt 0.408962 0.657607
vt 0.408962 0.657607
vt 0.408962 0.657607
vt 0.408962 0.657607
vt 0.408962 0.657607
vt 0.408962 0.657607
vt 0.408962 0.657607
vt 0.408962 0.657607
vt 0.408962 0.657607
vt 0.408962 0.657607
vt 0.408962 0.657607
vt 0.408962 0.657607
vt 0.408962 0.657607
vt 0.408962 0.657607
vt 0.408962 0.657607
vt 0.408962 0.657607
vt 0.408962 0.657607
vt 0.408962 0.657607
vt 0.408962 0.657607
vt 0.408962 0.657607
vt 0.408962 0.657607
vt 0.408962 0.657607
vt 0.408962 0.657607
vt 0.408962 0.657607
vt 0.408962 0.657607
vt 0.408962 0.657607
vt 0.408962 0.657607
vt 0.408962 0.657607
vt 0.408962 0.657607
vt 0.408962 0.657607
vt 0.408962 0.657607
vt 0.408962 0.657607
vt 0.408962 0.657607
vt 0.408962 0.657607
vt 0.408962 0.657607
vt 0.408962 0.657607
vt 0.408962 0.657607
vt 0.408962 0.657607
vt 0.408962 0.657607
vt 0.408962 0.657607
vt 0.408962 0.657607
vt 0.408962 0.657607
vt 0.408962 0.657607
vt 0.408962 0.657607
vt 0.408962 0.657607
vt 0.408962 0.657607
vt 0.408962 0.657607
vt 0.408962 0.657607
vt 0.408962 0.657607
vt 0.408962 0.657607
vt 0.408962 0.657607
vt 0.408962 0.657607
vt 0.408962 0.657607
vt 0.408962 0.657607
vt 0.408962 0.657607
vt 0.408962 0.657607
vt 0.408962 0.657607
vt 0.408962 0.657607
vt 0.408962 0.657607
vt 0.408962 0.657607
vt 0.408962 0.657607
vt 0.408962 0.657607
vt 0.408962 0.657607
vt 0.408962 0.657607
vt 0.408962 0.657607
vt 0.408962 0.657607
vt 0.408962 0.657607
vt 0.408962 0.657607
vt 0.408962 0.657607
vt 0.408962 0.657607
vt 0.408962 0.657607
vt 0.408962 0.657607
vt 0.408962 0.657607
vt 0.408962 0.657607
vt 0.408962 0.657607
vt 0.408962 0.657607
vt 0.408962 0.657607
vt 0.408962 0.657607
vt 0.408962 0.657607
vt 0.408962 0.657607
vt 0.408962 0.657607
vt 0.408962 0.657607
vt 0.408962 0.657607
vt 0.408962 0.657607
vt 0.408962 0.657607
vt 0.408962 0.657607
vt 0.408962 0.657607
vt 0.408962 0.657607
vt 0.408962 0.657607
vt 0.408962 0.657607
vt 0.408962 0.657607
vt 0.408962 0.657607
vt 0.408962 0.657607
vt 0.408962 0.657607
vt 0.408962 0.657607
vt 0.408962 0.657607
vt 0.408962 0.657607
vt 0.408962 0.657607
vt 0.408962 0.657607
vt 0.408962 0.657607
vt 0.408962 0.657607
vt 0.408962 0.657607
vt 0.408962 0.657607
vt 0.408962 0.657607
vt 0.408962 0.657607
vt 0.408962 0.657607
vt 0.408962 0.657607
vt 0.408962 0.657607
vt 0.408962 0.657607
vt 0.408962 0.657607
vt 0.408962 0.657607
vt 0.408962 0.657607
vt 0.408962 0.657607
vt 0.408962 0.657607
vt 0.408962 0.657607
vt 0.408962 0.657607
vt 0.408962 0.657607
vt 0.408962 0.657607
vt 0.408962 0.657607
vt 0.408962 0.657607
vt 0.408962 0.657607
vt 0.408962 0.657607
vt 0.408962 0.657607
vt 0.408962 0.657607
vt 0.408962 0.657607
vt 0.408962 0.657607
vt 0.408962 0.657607
vt 0.408962 0.657607
vt 0.408962 0.657607
vt 0.408962 0.657607
vt 0.408962 0.657607
vt 0.408962 0.657607
vt 0.408962 0.657607
vt 0.408962 0.657607
vt 0.408962 0.657607
vt 0.408962 0.657607
vt 0.408962 0.657607
vt 0.408962 0.657607
vt 0.408962 0.657607
vt 0.408962 0.657607
vt 0.408962 0.657607
vt 0.408962 0.657607
vt 0.408962 0.657607
vt 0.408962 0.657607
vt 0.408962 0.657607
vt 0.408962 0.657607
vt 0.408962 0.657607
vt 0.408962 0.657607
vt 0.408962 0.657607
vt 0.408962 0.657607
vt 0.408962 0.657607
vt 0.408962 0.657607
vt 0.408962 0.657607
vt 0.408962 0.657607
vt 0.408962 0.657607
vt 0.408962 0.657607
vt 0.408962 0.657607
vt 0.408962 0.657607
vt 0.408962 0.657607
vt 0.408962 0.657607
vt 0.408962 0.657607
vt 0.408962 0.657607
vt 0.408962 0.657607
vt 0.408962 0.657607
vt 0.408962 0.657607
vt 0.408962 0.657607
vt 0.408962 0.657607
vt 0.408962 0.657607
vt 0.408962 0.657607
vt 0.408962 0.657607
vt 0.408962 0.657607
vt 0.408962 0.657607
vt 0.408962 0.657607
vt 0.408962 0.657607
vt 0.408962 0.657607
vt 0.408962 0.657607
vt 0.408962 0.657607
vt 0.408962 0.657607
vt 0.408962 0.657607
vt 0.408962 0.657607
vt 0.408962 0.657607
vt 0.408962 0.657607
vt 0.408962 0.657607
vt 0.408962 0.657607
vt 0.408962 0.657607
vt 0.408962 0.657607
vt 0.408962 0.657607
vt 0.408962 0.657607
vt 0.408962 0.657607
vt 0.408962 0.657607
vt 0.408962 0.657607
vt 0.408962 0.657607
vt 0.408962 0.657607
vt 0.408962 0.657607
vt 0.408962 0.657607
vt 0.408962 0.657607
vt 0.408962 0.657607
vt 0.408962 0.657607
vt 0.408962 0.657607
vt 0.408962 0.657607
vt 0.408962 0.657607
vt 0.408962 0.657607
vt 0.408962 0.657607
vt 0.408962 0.657607
vt 0.408962 0.657607
vt 0.408962 0.657607
vt 0.408962 0.657607
vt 0.408962 0.657607
vt 0.408962 0.657607
vt 0.408962 0.657607
vt 0.408962 0.657607
vt 0.408962 0.657607
vt 0.408962 0.657607
vt 0.408962 0.657607
vt 0.408962 0.657607
vt 0.408962 0.657607
vt 0.408962 0.657607
vt 0.408962 0.657607
vt 0.408962 0.657607
vt 0.408962 0.657607
vt 0.408962 0.657607
vt 0.408962 0.657607
vt 0.408962 0.657607
vt 0.408962 0.657607
vt 0.408962 0.657607
vt 0.408962 0.657607
vt 0.408962 0.657607
vt 0.408962 0.657607
vt 0.408962 0.657607
vt 0.408962 0.657607
vt 0.408962 0.657607
vt 0.408962 0.657607
vt 0.408962 0.657607
vt 0.408962 0.657607
vt 0.408962 0.657607
vt 0.408962 0.657607
vt 0.408962 0.657607
vt 0.408962 0.657607
vt 0.408962 0.657607
vt 0.408962 0.657607
vt 0.408962 0.657607
vt 0.408962 0.657607
vt 0.408962 0.657607
vt 0.408962 0.657607
vt 0.408962 0.657607
vt 0.408962 0.657607
vt 0.408962 0.657607
vt 0.408962 0.657607
vt 0.408962 0.657607
vt 0.408962 0.657607
vt 0.408962 0.657607
vt 0.408962 0.657607
vt 0.408962 0.657607
vt 0.408962 0.657607
vt 0.408962 0.657607
vt 0.408962 0.657607
vt 0.408962 0.657607
vt 0.408962 0.657607
vt 0.408962 0.657607
vt 0.408962 0.657607
vt 0.408962 0.657607
vt 0.408962 0.657607
vt 0.408962 0.657607
vt 0.408962 0.657607
vt 0.408962 0.657607
vt 0.408962 0.657607
vt 0.408962 0.657607
vt 0.408962 0.657607
vt 0.408962 0.657607
vt 0.408962 0.657607
vt 0.408962 0.657607
vt 0.408962 0.657607
vt 0.408962 0.657607
vt 0.408962 0.657607
vt 0.095196 0.594547
vt 0.095196 0.594547
vt 0.095196 0.594547
vt 0.095196 0.594547
vt 0.280988 0.656875
vt 0.280988 0.656875
vt 0.280988 0.656875
vt 0.280988 0.656875
vt 0.280989 0.656874
vt 0.280989 0.656875
vt 0.280989 0.656874
vt 0.280989 0.656874
vt 0.280989 0.656874
vt 0.280989 0.656874
vt 0.280990 0.656874
vt 0.280990 0.656874
vt 0.280990 0.656873
vt 0.280990 0.656873
vt 0.280990 0.656873
vt 0.280990 0.656873
vt 0.280990 0.656872
vt 0.280990 0.656872
vt 0.280990 0.656873
vt 0.280990 0.656873
vt 0.280990 0.656873
vt 0.280990 0.656873
vt 0.280990 0.656873
vt 0.280990 0.656873
vt 0.280988 0.656873
vt 0.280989 0.656873
vt 0.280989 0.656873
vt 0.280988 0.656873
vt 0.280990 0.656873
vt 0.280990 0.656872
vt 0.095196 0.594547
vt 0.095196 0.594547
vt 0.095196 0.594547
vt 0.095196 0.594547
vt 0.280989 0.656873
vt 0.280989 0.656873
vt 0.280989 0.656873
vt 0.280989 0.656873
vt 0.280989 0.656873
vt 0.280989 0.656873
vt 0.095196 0.594547
vt 0.095196 0.594547
vt 0.095196 0.594547
vt 0.095196 0.594547
vt 0.095196 0.594547
vt 0.095196 0.594547
vt 0.095196 0.594547
vt 0.095196 0.594547
vt 0.095196 0.594547
vt 0.095196 0.594547
vt 0.095196 0.594547
vt 0.095196 0.594547
vt 0.095196 0.594547
vt 0.095196 0.594547
vt 0.095196 0.594547
vt 0.095196 0.594547
vt 0.095196 0.594547
vt 0.095196 0.594547
vt 0.095196 0.594547
vt 0.095196 0.594547
vt 0.095196 0.594547
vt 0.095196 0.594547
vt 0.095196 0.594547
vt 0.095196 0.594547
vt 0.280989 0.656873
vt 0.280989 0.656873
vt 0.280989 0.656873
vt 0.280989 0.656873
vt 0.280989 0.656873
vt 0.280989 0.656873
vt 0.095196 0.594547
vt 0.095196 0.594547
vt 0.095196 0.594547
vt 0.095196 0.594547
vt 0.280989 0.656873
vt 0.280989 0.656873
vt 0.095196 0.594547
vt 0.280988 0.656873
vt 0.280988 0.656873
vt 0.095196 0.594547
vt 0.095196 0.594547
vt 0.095196 0.594547
vt 0.280988 0.656875
vt 0.280988 0.656875
vt 0.280989 0.656875
vt 0.280989 0.656874
vt 0.280989 0.656874
vt 0.280989 0.656874
vt 0.280989 0.656874
vt 0.280989 0.656874
vt 0.280990 0.656874
vt 0.280990 0.656874
vt 0.280990 0.656873
vt 0.280990 0.656873
vt 0.280990 0.656873
vt 0.280990 0.656873
vt 0.280990 0.656872
vt 0.280990 0.656873
vt 0.280990 0.656873
vt 0.280990 0.656872
vt 0.280990 0.656873
vt 0.280990 0.656873
vt 0.280990 0.656873
vt 0.280990 0.656873
vt 0.280989 0.656873
vt 0.280989 0.656873
vt 0.095196 0.594547
vt 0.095196 0.594547
vt 0.095196 0.594547
vt 0.095196 0.594547
vt 0.280989 0.656873
vt 0.280989 0.656873
vt 0.280989 0.656873
vt 0.280989 0.656873
vt 0.280989 0.656873
vt 0.280989 0.656873
vt 0.095196 0.594547
vt 0.095196 0.594547
vt 0.095196 0.594547
vt 0.095196 0.594547
vt 0.095196 0.594547
vt 0.095196 0.594547
vt 0.095196 0.594547
vt 0.095196 0.594547
vt 0.095196 0.594547
vt 0.095196 0.594547
vt 0.095196 0.594547
vt 0.095196 0.594547
vt 0.095196 0.594547
vt 0.095196 0.594547
vt 0.095196 0.594547
vt 0.095196 0.594547
vt 0.095196 0.594547
vt 0.095196 0.594547
vt 0.095196 0.594547
vt 0.280989 0.656873
vt 0.280989 0.656873
vt 0.280989 0.656873
vt 0.280989 0.656873
vt 0.280989 0.656873
vt 0.280989 0.656873
vt 0.095196 0.594547
vt 0.095196 0.594547
vt 0.095196 0.594547
vt 0.095196 0.594547
vt 0.095196 0.594547
vt 0.095196 0.594547
vt 0.095196 0.594547
vt 0.095196 0.594547
vt 0.095196 0.594547
vt 0.280988 0.656875
vt 0.280988 0.656875
vt 0.280988 0.656875
vt 0.280988 0.656875
vt 0.280989 0.656875
vt 0.280989 0.656874
vt 0.280989 0.656874
vt 0.280989 0.656874
vt 0.280989 0.656874
vt 0.280989 0.656874
vt 0.280990 0.656874
vt 0.280990 0.656874
vt 0.280990 0.656873
vt 0.280990 0.656873
vt 0.280990 0.656873
vt 0.280990 0.656873
vt 0.280990 0.656873
vt 0.280990 0.656873
vt 0.280990 0.656873
vt 0.280990 0.656873
vt 0.280990 0.656873
vt 0.280988 0.656873
vt 0.280988 0.656873
vt 0.280989 0.656873
vt 0.280989 0.656873
vt 0.280990 0.656873
vt 0.095196 0.594547
vt 0.095196 0.594547
vt 0.095196 0.594547
vt 0.095196 0.594547
vt 0.280989 0.656873
vt 0.280989 0.656873
vt 0.280989 0.656873
vt 0.280989 0.656873
vt 0.280989 0.656873
vt 0.280989 0.656873
vt 0.095196 0.594547
vt 0.095196 0.594547
vt 0.095196 0.594547
vt 0.095196 0.594547
vt 0.095196 0.594547
vt 0.095196 0.594547
vt 0.095196 0.594547
vt 0.095196 0.594547
vt 0.095196 0.594547
vt 0.095196 0.594547
vt 0.095196 0.594547
vt 0.095196 0.594547
vt 0.095196 0.594547
vt 0.095196 0.594547
vt 0.095196 0.594547
vt 0.095196 0.594547
vt 0.095196 0.594547
vt 0.095196 0.594547
vt 0.095196 0.594547
vt 0.095196 0.594547
vt 0.095196 0.594547
vt 0.095196 0.594547
vt 0.095196 0.594547
vt 0.095196 0.594547
vt 0.280989 0.656873
vt 0.280989 0.656873
vt 0.280989 0.656873
vt 0.280989 0.656873
vt 0.280989 0.656873
vt 0.280989 0.656873
vt 0.095196 0.594547
vt 0.095196 0.594547
vt 0.095196 0.594547
vt 0.095196 0.594547
vt 0.280989 0.656873
vt 0.280989 0.656873
vt 0.095196 0.594547
vt 0.280988 0.656873
vt 0.280988 0.656873
vt 0.095196 0.594547
vt 0.095196 0.594547
vt 0.095196 0.594547
vt 0.280988 0.656875
vt 0.280988 0.656875
vt 0.280989 0.656874
vt 0.280989 0.656875
vt 0.280989 0.656874
vt 0.280989 0.656874
vt 0.280989 0.656874
vt 0.280989 0.656874
vt 0.280990 0.656874
vt 0.280990 0.656874
vt 0.280990 0.656873
vt 0.280990 0.656873
vt 0.280990 0.656873
vt 0.280990 0.656873
vt 0.280990 0.656873
vt 0.280990 0.656873
vt 0.280990 0.656873
vt 0.280990 0.656873
vt 0.280990 0.656873
vt 0.280989 0.656873
vt 0.280989 0.656873
vt 0.095196 0.594547
vt 0.095196 0.594547
vt 0.095196 0.594547
vt 0.095196 0.594547
vt 0.280989 0.656873
vt 0.280989 0.656873
vt 0.280989 0.656873
vt 0.280989 0.656873
vt 0.280989 0.656873
vt 0.280989 0.656873
vt 0.095196 0.594547
vt 0.095196 0.594547
vt 0.095196 0.594547
vt 0.095196 0.594547
vt 0.095196 0.594547
vt 0.095196 0.594547
vt 0.095196 0.594547
vt 0.095196 0.594547
vt 0.095196 0.594547
vt 0.095196 0.594547
vt 0.095196 0.594547
vt 0.095196 0.594547
vt 0.095196 0.594547
vt 0.095196 0.594547
vt 0.095196 0.594547
vt 0.095196 0.594547
vt 0.095196 0.594547
vt 0.095196 0.594547
vt 0.095196 0.594547
vt 0.280989 0.656873
vt 0.280989 0.656873
vt 0.280989 0.656873
vt 0.280989 0.656873
vt 0.280989 0.656873
vt 0.280989 0.656873
vt 0.095196 0.594547
vt 0.095196 0.594547
vt 0.095196 0.594547
vt 0.095196 0.594547
vt 0.095196 0.594547
vt 0.280988 0.656875
vt 0.280988 0.656875
vt 0.280988 0.656875
vt 0.280988 0.656875
vt 0.280989 0.656874
vt 0.280989 0.656875
vt 0.280989 0.656874
vt 0.280989 0.656874
vt 0.280989 0.656874
vt 0.280989 0.656874
vt 0.280990 0.656874
vt 0.280990 0.656874
vt 0.280990 0.656873
vt 0.280990 0.656873
vt 0.280990 0.656873
vt 0.280990 0.656873
vt 0.280990 0.656872
vt 0.280990 0.656872
vt 0.280990 0.656873
vt 0.280990 0.656873
vt 0.280990 0.656873
vt 0.280990 0.656873
vt 0.280990 0.656873
vt 0.280990 0.656873
vt 0.280988 0.656873
vt 0.280989 0.656873
vt 0.280989 0.656873
vt 0.280988 0.656873
vt 0.280990 0.656873
vt 0.280990 0.656872
vt 0.280989 0.656873
vt 0.280989 0.656873
vt 0.280989 0.656873
vt 0.280989 0.656873
vt 0.280989 0.656873
vt 0.280989 0.656873
vt 0.219065 0.658274
vt 0.219065 0.658274
vt 0.219064 0.658274
vt 0.219065 0.658274
vt 0.219065 0.658274
vt 0.219065 0.658274
vt 0.219065 0.658274
vt 0.219065 0.658274
vt 0.219065 0.658274
vt 0.219065 0.658274
vt 0.219064 0.658274
vt 0.219065 0.658274
vt 0.219065 0.658274
vt 0.219065 0.658274
vt 0.219065 0.658274
vt 0.219065 0.658274
vt 0.219065 0.658274
vt 0.219065 0.658274
vt 0.219064 0.658274
vt 0.219065 0.658274
vt 0.219065 0.658274
vt 0.219065 0.658274
vt 0.219065 0.658274
vt 0.219065 0.658274
vt 0.219065 0.658274
vt 0.219065 0.658274
vt 0.219065 0.658274
vt 0.219065 0.658274
vt 0.280989 0.656870
vt 0.280992 0.656870
vt 0.280992 0.656872
vt 0.280989 0.656872
vt 0.280989 0.656872
vt 0.280992 0.656872
vt 0.280992 0.656875
vt 0.280989 0.656875
vt 0.280989 0.656875
vt 0.280992 0.656875
vt 0.280992 0.656877
vt 0.280989 0.656877
vt 0.280989 0.656877
vt 0.280992 0.656877
vt 0.280992 0.656880
vt 0.280989 0.656880
vt 0.280987 0.656875
vt 0.280989 0.656875
vt 0.280989 0.656877
vt 0.280987 0.656877
vt 0.280992 0.656872
vt 0.280992 0.656870
vt 0.280992 0.656870
vt 0.280992 0.656872
vt 0.280992 0.656880
vt 0.280992 0.656880
vt 0.280992 0.656877
vt 0.280992 0.656875
vt 0.280994 0.656875
vt 0.280994 0.656877
vt 0.280992 0.656872
vt 0.280992 0.656872
vt 0.280988 0.656875
vt 0.280988 0.656875
vt 0.280989 0.656875
vt 0.280989 0.656874
vt 0.280989 0.656874
vt 0.280989 0.656874
vt 0.280989 0.656874
vt 0.280989 0.656874
vt 0.280990 0.656874
vt 0.280990 0.656874
vt 0.280990 0.656873
vt 0.280990 0.656873
vt 0.280990 0.656873
vt 0.280990 0.656873
vt 0.280990 0.656872
vt 0.280990 0.656873
vt 0.280990 0.656873
vt 0.280990 0.656872
vt 0.280990 0.656873
vt 0.280990 0.656873
vt 0.280990 0.656873
vt 0.280990 0.656873
vt 0.280989 0.656873
vt 0.280989 0.656873
vt 0.280989 0.656873
vt 0.280989 0.656873
vt 0.280989 0.656873
vt 0.280989 0.656873
vt 0.219065 0.658274
vt 0.219065 0.658274
vt 0.219065 0.658274
vt 0.219065 0.658274
vt 0.219065 0.658274
vt 0.219065 0.658274
vt 0.219065 0.658274
vt 0.219065 0.658274
vt 0.219065 0.658274
vt 0.219065 0.658274
vt 0.219065 0.658274
vt 0.219065 0.658274
vt 0.219065 0.658274
vt 0.219065 0.658274
vt 0.219065 0.658274
vt 0.219065 0.658274
vt 0.219065 0.658274
vt 0.219065 0.658274
vt 0.219065 0.658274
vt 0.219065 0.658274
vt 0.219065 0.658274
vt 0.219065 0.658274
vt 0.280989 0.656870
vt 0.280989 0.656872
vt 0.280992 0.656872
vt 0.280992 0.656870
vt 0.280989 0.656872
vt 0.280989 0.656875
vt 0.280992 0.656875
vt 0.280992 0.656872
vt 0.280989 0.656875
vt 0.280989 0.656877
vt 0.280992 0.656877
vt 0.280992 0.656875
vt 0.280989 0.656877
vt 0.280989 0.656880
vt 0.280992 0.656880
vt 0.280992 0.656877
vt 0.280987 0.656875
vt 0.280987 0.656877
vt 0.280989 0.656877
vt 0.280989 0.656875
vt 0.280992 0.656872
vt 0.280992 0.656870
vt 0.280992 0.656877
vt 0.280992 0.656875
vt 0.280988 0.656875
vt 0.280988 0.656875
vt 0.280988 0.656875
vt 0.280988 0.656875
vt 0.280989 0.656875
vt 0.280989 0.656874
vt 0.280989 0.656874
vt 0.280989 0.656874
vt 0.280989 0.656874
vt 0.280989 0.656874
vt 0.280990 0.656874
vt 0.280990 0.656874
vt 0.280990 0.656873
vt 0.280990 0.656873
vt 0.280990 0.656873
vt 0.280990 0.656873
vt 0.280990 0.656873
vt 0.280990 0.656873
vt 0.280990 0.656873
vt 0.280990 0.656873
vt 0.280990 0.656873
vt 0.280988 0.656873
vt 0.280988 0.656873
vt 0.280989 0.656873
vt 0.280989 0.656873
vt 0.280990 0.656873
vt 0.280989 0.656873
vt 0.280989 0.656873
vt 0.280989 0.656873
vt 0.280989 0.656873
vt 0.280989 0.656873
vt 0.280989 0.656873
vt 0.219065 0.658274
vt 0.219065 0.658274
vt 0.219064 0.658274
vt 0.219065 0.658274
vt 0.219065 0.658274
vt 0.219065 0.658274
vt 0.219065 0.658274
vt 0.219065 0.658274
vt 0.219065 0.658274
vt 0.219064 0.658274
vt 0.219065 0.658274
vt 0.219065 0.658274
vt 0.219065 0.658274
vt 0.219065 0.658274
vt 0.219065 0.658274
vt 0.219065 0.658274
vt 0.219065 0.658274
vt 0.219065 0.658274
vt 0.219064 0.658274
vt 0.219065 0.658274
vt 0.219065 0.658274
vt 0.219065 0.658274
vt 0.219065 0.658274
vt 0.219065 0.658274
vt 0.219065 0.658274
vt 0.219065 0.658274
vt 0.219065 0.658274
vt 0.219065 0.658274
vt 0.280989 0.656870
vt 0.280989 0.656872
vt 0.280992 0.656872
vt 0.280992 0.656870
vt 0.280989 0.656872
vt 0.280989 0.656875
vt 0.280992 0.656875
vt 0.280992 0.656872
vt 0.280989 0.656875
vt 0.280989 0.656877
vt 0.280992 0.656877
vt 0.280992 0.656875
vt 0.280989 0.656877
vt 0.280989 0.656880
vt 0.280992 0.656880
vt 0.280992 0.656877
vt 0.280987 0.656875
vt 0.280987 0.656877
vt 0.280989 0.656877
vt 0.280989 0.656875
vt 0.280992 0.656872
vt 0.280992 0.656872
vt 0.280992 0.656870
vt 0.280992 0.656870
vt 0.280992 0.656880
vt 0.280992 0.656880
vt 0.280992 0.656877
vt 0.280994 0.656877
vt 0.280994 0.656875
vt 0.280992 0.656875
vt 0.280992 0.656872
vt 0.280992 0.656872
vt 0.280988 0.656875
vt 0.280988 0.656875
vt 0.280989 0.656874
vt 0.280989 0.656875
vt 0.280989 0.656874
vt 0.280989 0.656874
vt 0.280989 0.656874
vt 0.280989 0.656874
vt 0.280990 0.656874
vt 0.280990 0.656874
vt 0.280990 0.656873
vt 0.280990 0.656873
vt 0.280990 0.656873
vt 0.280990 0.656873
vt 0.280990 0.656873
vt 0.280990 0.656873
vt 0.280990 0.656873
vt 0.280990 0.656873
vt 0.280990 0.656873
vt 0.280989 0.656873
vt 0.280989 0.656873
vt 0.280989 0.656873
vt 0.280989 0.656873
vt 0.280989 0.656873
vt 0.280989 0.656873
vt 0.219065 0.658274
vt 0.219065 0.658274
vt 0.219065 0.658274
vt 0.219065 0.658274
vt 0.219065 0.658274
vt 0.219065 0.658274
vt 0.219065 0.658274
vt 0.219065 0.658274
vt 0.219065 0.658274
vt 0.219065 0.658274
vt 0.219065 0.658274
vt 0.219065 0.658274
vt 0.219065 0.658274
vt 0.219065 0.658274
vt 0.219065 0.658274
vt 0.219065 0.658274
vt 0.219065 0.658274
vt 0.219065 0.658274
vt 0.219065 0.658274
vt 0.219065 0.658274
vt 0.219065 0.658274
vt 0.219065 0.658274
vt 0.280989 0.656870
vt 0.280992 0.656870
vt 0.280992 0.656872
vt 0.280989 0.656872
vt 0.280989 0.656872
vt 0.280992 0.656872
vt 0.280992 0.656875
vt 0.280989 0.656875
vt 0.280989 0.656875
vt 0.280992 0.656875
vt 0.280992 0.656877
vt 0.280989 0.656877
vt 0.280989 0.656877
vt 0.280992 0.656877
vt 0.280992 0.656880
vt 0.280989 0.656880
vt 0.280987 0.656875
vt 0.280989 0.656875
vt 0.280989 0.656877
vt 0.280987 0.656877
vt 0.280992 0.656872
vt 0.280992 0.656870
vt 0.280992 0.656877
vt 0.280992 0.656875
vt 0.094106 0.656007
vt 0.094106 0.656007
vt 0.094106 0.656007
vt 0.094106 0.656007
vt 0.094106 0.656007
vt 0.094106 0.656007
vt 0.094106 0.656007
vt 0.094106 0.656007
vt 0.094106 0.656007
vt 0.094106 0.656007
vt 0.094106 0.656007
vt 0.094106 0.656007
vt 0.094106 0.656007
vt 0.094106 0.656007
vt 0.094106 0.656007
vt 0.094106 0.656007
vt 0.094106 0.656007
vt 0.094106 0.656007
vt 0.094106 0.656007
vt 0.094106 0.656007
vt 0.094106 0.656007
vt 0.094106 0.656007
vt 0.094106 0.656007
vt 0.094106 0.656007
vt 0.094106 0.656007
vt 0.094106 0.656007
vt 0.094106 0.656007
vt 0.094106 0.656007
vt 0.094106 0.656007
vt 0.094106 0.656007
vt 0.094106 0.656007
vt 0.094106 0.656007
vt 0.094106 0.656007
vt 0.094106 0.656007
vt 0.094106 0.656007
vt 0.094106 0.656007
vt 0.094106 0.656007
vt 0.094106 0.656007
vt 0.094106 0.656007
vt 0.094106 0.656007
vt 0.094106 0.656007
vt 0.094106 0.656007
vt 0.094106 0.656007
vt 0.094106 0.656007
vt 0.094106 0.656007
vt 0.094106 0.656007
vt 0.094106 0.656007
vt 0.094106 0.656007
vt 0.094106 0.656007
vt 0.094106 0.656007
vt 0.094106 0.656007
vt 0.094106 0.656007
vt 0.094106 0.656007
vt 0.094106 0.656007
vt 0.094106 0.656007
vt 0.094106 0.656007
vt 0.094106 0.656007
vt 0.094106 0.656007
vt 0.094106 0.656007
vt 0.094106 0.656007
vt 0.094106 0.656007
vt 0.094106 0.656007
vt 0.094106 0.656007
vt 0.094106 0.656007
vt 0.094106 0.656007
vt 0.094106 0.656007
vt 0.094106 0.656007
vt 0.094106 0.656007
vt 0.094106 0.656007
vt 0.094106 0.656007
vt 0.094106 0.656007
vt 0.094106 0.656007
vt 0.094106 0.656007
vt 0.094106 0.656007
vt 0.533344 0.657956
vt 0.533344 0.657956
vt 0.533344 0.657956
vt 0.533344 0.657956
vt 0.533344 0.657956
vt 0.533344 0.657956
vt 0.533344 0.657956
vt 0.533344 0.657956
vt 0.533344 0.657956
vt 0.533344 0.657956
vt 0.533344 0.657956
vt 0.533344 0.657956
vt 0.533344 0.657956
vt 0.533344 0.657956
vt 0.533344 0.657956
vt 0.533344 0.657956
vt 0.533344 0.657956
vt 0.533344 0.657956
vt 0.533344 0.657956
vt 0.533344 0.657956
vt 0.533344 0.657956
vt 0.533344 0.657956
vt 0.533344 0.657956
vt 0.533344 0.657956
vt 0.094106 0.656007
vt 0.094106 0.656007
vt 0.094106 0.656007
vt 0.094106 0.656007
vt 0.094106 0.656007
vt 0.094106 0.656007
vt 0.094106 0.656007
vt 0.094106 0.656007
vt 0.094106 0.656007
vt 0.094106 0.656007
vt 0.094106 0.656007
vt 0.094106 0.656007
vt 0.094106 0.656007
vt 0.094106 0.656007
vt 0.094106 0.656007
vt 0.094106 0.656007
vt 0.094106 0.656007
vt 0.094106 0.656007
vt 0.094106 0.656007
vt 0.094106 0.656007
vt 0.094106 0.656007
vt 0.094106 0.656007
vt 0.593242 0.656112
vt 0.593242 0.656112
vt 0.593242 0.656112
vt 0.593242 0.656112
vt 0.593242 0.656112
vt 0.593242 0.656112
vt 0.593242 0.656112
vt 0.593242 0.656112
vt 0.593242 0.656112
vt 0.593242 0.656112
vt 0.593242 0.656112
vt 0.593242 0.656112
vt 0.593242 0.656112
vt 0.593242 0.656112
vt 0.593242 0.656112
vt 0.593242 0.656112
vt 0.593242 0.656112
vt 0.593242 0.656112
vt 0.593242 0.656112
vt 0.593242 0.656112
vt 0.593242 0.656112
vt 0.593242 0.656112
vt 0.593242 0.656112
vt 0.593242 0.656112
vt 0.593242 0.656112
vt 0.593242 0.656112
vt 0.593242 0.656112
vt 0.593242 0.656112
vt 0.593242 0.656112
vt 0.593242 0.656112
vt 0.593242 0.656112
vt 0.593242 0.656112
vt 0.593242 0.656112
vt 0.593242 0.656112
vt 0.593242 0.656112
vt 0.593242 0.656112
vt 0.593242 0.656112
vt 0.593242 0.656112
vt 0.593242 0.656112
vt 0.593242 0.656112
vt 0.593242 0.656112
vt 0.593242 0.656112
vt 0.593242 0.656112
vt 0.593242 0.656112
vt 0.593242 0.656112
vt 0.593242 0.656112
vt 0.593242 0.656112
vt 0.593242 0.656112
vt 0.593242 0.656112
vt 0.593242 0.656112
vt 0.593242 0.656112
vt 0.593242 0.656112
vt 0.593242 0.656112
vt 0.593242 0.656112
vt 0.593242 0.656112
vt 0.593242 0.656112
vt 0.593242 0.656112
vt 0.593242 0.656112
vt 0.593242 0.656112
vt 0.593242 0.656112
vt 0.593242 0.656112
vt 0.593242 0.656112
vt 0.593242 0.656112
vt 0.593242 0.656112
vt 0.593242 0.656112
vt 0.593242 0.656112
vt 0.593242 0.656112
vt 0.593242 0.656112
vt 0.593242 0.656112
vt 0.593242 0.656112
vt 0.593242 0.656112
vt 0.593242 0.656112
vt 0.593242 0.656112
vt 0.593242 0.656112
vt 0.593242 0.656112
vt 0.593242 0.656112
vt 0.593242 0.656112
vt 0.593242 0.656112
vt 0.593242 0.656112
vt 0.593242 0.656112
vt 0.593242 0.656112
vt 0.593242 0.656112
vt 0.593242 0.656112
vt 0.593242 0.656112
vt 0.593242 0.656112
vt 0.593242 0.656112
vt 0.593242 0.656112
vt 0.593242 0.656112
vt 0.593242 0.656112
vt 0.593242 0.656112
vt 0.593242 0.656112
vt 0.593242 0.656112
vt 0.593242 0.656112
vt 0.593242 0.656112
vt 0.593242 0.656112
vt 0.593242 0.656112
vt 0.593242 0.656112
vt 0.593242 0.656112
vt 0.593242 0.656112
vt 0.593242 0.656112
vt 0.593242 0.656112
vt 0.593242 0.656112
vt 0.593242 0.656112
vt 0.593242 0.656112
vt 0.593242 0.656112
vt 0.593242 0.656112
vt 0.593242 0.656112
vt 0.593242 0.656112
vt 0.593242 0.656112
vt 0.593242 0.656112
vt 0.593242 0.656112
vt 0.593242 0.656112
vt 0.593242 0.656112
vt 0.593242 0.656112
vt 0.593242 0.656112
vt 0.593242 0.656112
vt 0.593242 0.656112
vt 0.593242 0.656112
vt 0.593242 0.656112
vt 0.593242 0.656112
vt 0.593242 0.656112
vt 0.593242 0.656112
vt 0.593242 0.656112
vt 0.593242 0.656112
vt 0.593242 0.656112
vt 0.593242 0.656112
vt 0.593242 0.656112
vt 0.593242 0.656112
vt 0.593242 0.656112
vt 0.593242 0.656112
vt 0.593242 0.656112
vt 0.593242 0.656112
vt 0.593242 0.656112
vt 0.593242 0.656112
vt 0.593242 0.656112
vt 0.593242 0.656112
vt 0.593242 0.656112
vt 0.593242 0.656112
vt 0.593242 0.656112
vt 0.593242 0.656112
vt 0.593242 0.656112
vt 0.593242 0.656112
vt 0.593242 0.656112
vt 0.593242 0.656112
vt 0.593242 0.656112
vt 0.593242 0.656112
vt 0.593242 0.656112
vt 0.593242 0.656112
vt 0.593242 0.656112
vt 0.593242 0.656112
vt 0.593242 0.656112
vt 0.593242 0.656112
vt 0.593242 0.656112
vt 0.593242 0.656112
vt 0.593242 0.656112
vt 0.593242 0.656112
vt 0.593242 0.656112
vt 0.593242 0.656112
vt 0.593242 0.656112
vt 0.593242 0.656112
vt 0.593242 0.656112
vt 0.593242 0.656112
vt 0.593242 0.656112
vt 0.593242 0.656112
vt 0.593242 0.656112
vt 0.593242 0.656112
vt 0.593242 0.656112
vt 0.593242 0.656112
vt 0.593242 0.656112
vt 0.593242 0.656112
vt 0.593242 0.656112
vt 0.593242 0.656112
vt 0.593242 0.656112
vt 0.593242 0.656112
vt 0.593242 0.656112
vt 0.593242 0.656112
vt 0.593242 0.656112
vt 0.593242 0.656112
vt 0.593242 0.656112
vt 0.593242 0.656112
vt 0.593242 0.656112
vt 0.593242 0.656112
vt 0.593242 0.656112
vt 0.593242 0.656112
vt 0.593242 0.656112
vt 0.593242 0.656112
vt 0.593242 0.656112
vt 0.593242 0.656112
vt 0.593242 0.656112
vt 0.593242 0.656112
vt 0.593242 0.656112
vt 0.593242 0.656112
vt 0.593242 0.656112
vt 0.593242 0.656112
vt 0.593242 0.656112
vt 0.593242 0.656112
vt 0.593242 0.656112
vt 0.593242 0.656112
vt 0.593242 0.656112
vt 0.593242 0.656112
vt 0.593242 0.656112
vt 0.593242 0.656112
vt 0.593242 0.656112
vt 0.593242 0.656112
vt 0.593242 0.656112
vt 0.593242 0.656112
vt 0.593242 0.656112
vt 0.593242 0.656112
vt 0.593242 0.656112
vt 0.593242 0.656112
vt 0.593242 0.656112
vt 0.593242 0.656112
vt 0.593242 0.656112
vt 0.593242 0.656112
vt 0.593242 0.656112
vt 0.593242 0.656112
vt 0.593242 0.656112
vt 0.593242 0.656112
vt 0.593242 0.656112
vt 0.593242 0.656112
vt 0.593242 0.656112
vt 0.593242 0.656112
vt 0.593242 0.656112
vt 0.593242 0.656112
vt 0.593242 0.656112
vt 0.593242 0.656112
vt 0.593242 0.656112
vt 0.593242 0.656112
vt 0.593242 0.656112
vt 0.593242 0.656112
vt 0.593242 0.656112
vt 0.593242 0.656112
vt 0.593242 0.656112
vt 0.593242 0.656112
vt 0.593242 0.656112
vt 0.593242 0.656112
vt 0.593242 0.656112
vt 0.593242 0.656112
vt 0.593242 0.656112
vt 0.593242 0.656112
vt 0.593242 0.656112
vt 0.593242 0.656112
vt 0.593242 0.656112
vt 0.593242 0.656112
vt 0.593242 0.656112
vt 0.593242 0.656112
vt 0.593242 0.656112
vt 0.593242 0.656112
vt 0.593242 0.656112
vt 0.593242 0.656112
vt 0.593242 0.656112
vt 0.593242 0.656112
vt 0.593242 0.656112
vt 0.593242 0.656112
vt 0.593242 0.656112
vt 0.593242 0.656112
vt 0.593242 0.656112
vt 0.593242 0.656112
vt 0.593242 0.656112
vt 0.593242 0.656112
vt 0.593242 0.656112
vt 0.593242 0.656112
vt 0.593242 0.656112
vt 0.593242 0.656112
vt 0.593242 0.656112
vt 0.593242 0.656112
vt 0.593242 0.656112
vt 0.593242 0.656112
vt 0.593242 0.656112
vt 0.593242 0.656112
vt 0.593242 0.656112
vt 0.593242 0.656112
vt 0.593242 0.656112
vt 0.593242 0.656112
vt 0.593242 0.656112
vt 0.593242 0.656112
vt 0.593242 0.656112
vt 0.593242 0.656112
vt 0.593242 0.656112
vt 0.593242 0.656112
vt 0.593242 0.656112
vt 0.593242 0.656112
vt 0.593242 0.656112
vt 0.593242 0.656112
vt 0.593242 0.656112
vt 0.593242 0.656112
vt 0.593242 0.656112
vt 0.593242 0.656112
vt 0.593242 0.656112
vt 0.593242 0.656112
vt 0.593242 0.656112
vt 0.593242 0.656112
vt 0.593242 0.656112
vt 0.593242 0.656112
vt 0.593242 0.656112
vt 0.593242 0.656112
vt 0.593242 0.656112
vt 0.593242 0.656112
vt 0.593242 0.656112
vt 0.593242 0.656112
vt 0.593242 0.656112
vt 0.593242 0.656112
vt 0.593242 0.656112
vt 0.593242 0.656112
vt 0.593242 0.656112
vt 0.593242 0.656112
vt 0.593242 0.656112
vt 0.593242 0.656112
vt 0.593242 0.656112
vt 0.593242 0.656112
vt 0.593242 0.656112
vt 0.593242 0.656112
vt 0.593242 0.656112
vt 0.593242 0.656112
vt 0.593242 0.656112
vt 0.593242 0.656112
vt 0.593242 0.656112
vt 0.593242 0.656112
vt 0.593242 0.656112
vt 0.593242 0.656112
vt 0.593242 0.656112
vt 0.593242 0.656112
vt 0.593242 0.656112
vt 0.593242 0.656112
vt 0.593242 0.656112
vt 0.593242 0.656112
vt 0.593242 0.656112
vt 0.593242 0.656112
vt 0.593242 0.656112
vt 0.593242 0.656112
vt 0.593242 0.656112
vt 0.593242 0.656112
vt 0.593242 0.656112
vt 0.593242 0.656112
vt 0.593242 0.656112
vt 0.593242 0.656112
vt 0.593242 0.656112
vt 0.593242 0.656112
vt 0.593242 0.656112
vt 0.593242 0.656112
vt 0.593242 0.656112
vt 0.593242 0.656112
vt 0.593242 0.656112
vt 0.593242 0.656112
vt 0.593242 0.656112
vt 0.593242 0.656112
vt 0.593242 0.656112
vt 0.593242 0.656112
vt 0.593242 0.656112
vt 0.593242 0.656112
vt 0.593242 0.656112
vt 0.593242 0.656112
vt 0.593242 0.656112
vt 0.593242 0.656112
vt 0.593242 0.656112
vt 0.593242 0.656112
vt 0.593242 0.656112
vt 0.593242 0.656112
vt 0.593242 0.656112
vt 0.593242 0.656112
vt 0.593242 0.656112
vt 0.593242 0.656112
vt 0.593242 0.656112
vt 0.593242 0.656112
vt 0.593242 0.656112
vt 0.593242 0.656112
vt 0.593242 0.656112
vt 0.593242 0.656112
vt 0.593242 0.656112
vt 0.593242 0.656112
vt 0.593242 0.656112
vt 0.593242 0.656112
vt 0.593242 0.656112
vt 0.593242 0.656112
vt 0.593242 0.656112
vt 0.593242 0.656112
vt 0.593242 0.656112
vt 0.593242 0.656112
vt 0.593242 0.656112
vt 0.593242 0.656112
vt 0.593242 0.656112
vt 0.593242 0.656112
vt 0.593242 0.656112
vt 0.593242 0.656112
vt 0.593242 0.656112
vt 0.593242 0.656112
vt 0.593242 0.656112
vt 0.593242 0.656112
vt 0.593242 0.656112
vt 0.593242 0.656112
vt 0.593242 0.656112
vt 0.593242 0.656112
vt 0.593242 0.656112
vt 0.593242 0.656112
vt 0.593242 0.656112
vt 0.593242 0.656112
vt 0.593242 0.656112
vt 0.593242 0.656112
vt 0.593242 0.656112
vt 0.593242 0.656112
vt 0.593242 0.656112
vt 0.593242 0.656112
vt 0.593242 0.656112
vt 0.593242 0.656112
vt 0.593242 0.656112
vt 0.593242 0.656112
vt 0.593242 0.656112
vt 0.593242 0.656112
vt 0.719010 0.657490
vt 0.719010 0.657490
vt 0.719010 0.657490
vt 0.719010 0.657490
vt 0.719010 0.657490
vt 0.719010 0.657490
vt 0.719010 0.657490
vt 0.719010 0.657490
vt 0.719010 0.657490
vt 0.719010 0.657490
vt 0.719010 0.657490
vt 0.719010 0.657490
vt 0.719010 0.657490
vt 0.719010 0.657490
vt 0.719010 0.657490
vt 0.719010 0.657490
vt 0.094106 0.656007
vt 0.094106 0.656007
vt 0.094106 0.656007
vt 0.094106 0.656007
vt 0.094106 0.656007
vt 0.094106 0.656007
vt 0.094106 0.656007
vt 0.094106 0.656007
vt 0.094106 0.656007
vt 0.094106 0.656007
vt 0.094106 0.656007
vt 0.094106 0.656007
vt 0.094106 0.656007
vt 0.094106 0.656007
vt 0.094106 0.656007
vt 0.094106 0.656007
vt 0.094106 0.656007
vt 0.094106 0.656007
vt 0.094106 0.656007
vt 0.094106 0.656007
vt 0.094106 0.656007
vt 0.094106 0.656007
vt 0.094106 0.656007
vt 0.094106 0.656007
vt 0.094106 0.656007
vt 0.094106 0.656007
vt 0.094106 0.656007
vt 0.094106 0.656007
vt 0.094106 0.656007
vt 0.094106 0.656007
vt 0.094106 0.656007
vt 0.094106 0.656007
vt 0.094106 0.656007
vt 0.094106 0.656007
vt 0.094106 0.656007
vt 0.094106 0.656007
vt 0.094106 0.656007
vt 0.094106 0.656007
vt 0.094106 0.656007
vt 0.094106 0.656007
vt 0.094106 0.656007
vt 0.094106 0.656007
vt 0.094106 0.656007
vt 0.094106 0.656007
vt 0.094106 0.656007
vt 0.094106 0.656007
vt 0.094106 0.656007
vt 0.094106 0.656007
vt 0.094106 0.656007
vt 0.094106 0.656007
vt 0.094106 0.656007
vt 0.094106 0.656007
vt 0.094106 0.656007
vt 0.094106 0.656007
vt 0.094106 0.656007
vt 0.094106 0.656007
vt 0.094106 0.656007
vt 0.094106 0.656007
vt 0.094106 0.656007
vt 0.094106 0.656007
vt 0.094106 0.656007
vt 0.094106 0.656007
vt 0.094106 0.656007
vt 0.094106 0.656007
vt 0.094106 0.656007
vt 0.094106 0.656007
vt 0.094106 0.656007
vt 0.094106 0.656007
vt 0.094106 0.656007
vt 0.094106 0.656007
vt 0.094106 0.656007
vt 0.094106 0.656007
vt 0.094106 0.656007
vt 0.094106 0.656007
vt 0.533344 0.657956
vt 0.533344 0.657956
vt 0.533344 0.657956
vt 0.533344 0.657956
vt 0.533344 0.657956
vt 0.533344 0.657956
vt 0.533344 0.657956
vt 0.533344 0.657956
vt 0.533344 0.657956
vt 0.533344 0.657956
vt 0.533344 0.657956
vt 0.533344 0.657956
vt 0.533344 0.657956
vt 0.533344 0.657956
vt 0.533344 0.657956
vt 0.533344 0.657956
vt 0.533344 0.657956
vt 0.533344 0.657956
vt 0.533344 0.657956
vt 0.533344 0.657956
vt 0.533344 0.657956
vt 0.533344 0.657956
vt 0.533344 0.657956
vt 0.533344 0.657956
vt 0.094106 0.656007
vt 0.094106 0.656007
vt 0.094106 0.656007
vt 0.094106 0.656007
vt 0.094106 0.656007
vt 0.094106 0.656007
vt 0.094106 0.656007
vt 0.094106 0.656007
vt 0.094106 0.656007
vt 0.094106 0.656007
vt 0.094106 0.656007
vt 0.094106 0.656007
vt 0.094106 0.656007
vt 0.094106 0.656007
vt 0.094106 0.656007
vt 0.094106 0.656007
vt 0.094106 0.656007
vt 0.094106 0.656007
vt 0.094106 0.656007
vt 0.094106 0.656007
vt 0.094106 0.656007
vt 0.094106 0.656007
vt 0.719010 0.657490
vt 0.719010 0.657490
vt 0.719010 0.657490
vt 0.719010 0.657490
vt 0.719010 0.657490
vt 0.719010 0.657490
vt 0.719010 0.657490
vt 0.719010 0.657490
vt 0.719010 0.657490
vt 0.719010 0.657490
vt 0.719010 0.657490
vt 0.719010 0.657490
vt 0.719010 0.657490
vt 0.719010 0.657490
vt 0.719010 0.657490
vt 0.719010 0.657490
vt 0.909447 0.657804
vt 0.909447 0.657804
vt 0.909447 0.657804
vt 0.909447 0.657804
vt 0.909447 0.657804
vt 0.909447 0.657804
vt 0.909447 0.657804
vt 0.909447 0.657804
vt 0.909447 0.657804
vt 0.909447 0.657804
vt 0.909447 0.657804
vt 0.909447 0.657804
vt 0.909447 0.657804
vt 0.909447 0.657804
vt 0.909447 0.657804
vt 0.909447 0.657804
vt 0.909447 0.657804
vt 0.909447 0.657804
vt 0.909447 0.657804
vt 0.909447 0.657804
vt 0.909447 0.657804
vt 0.909447 0.657804
vt 0.909447 0.657804
vt 0.909447 0.657804
vt 0.909447 0.657804
vt 0.909447 0.657804
vt 0.909447 0.657804
vt 0.909447 0.657804
vt 0.909447 0.657804
vt 0.909447 0.657804
vt 0.909447 0.657804
vt 0.909447 0.657804
vt 0.909447 0.657804
vt 0.909447 0.657804
vt 0.909447 0.657804
vt 0.909447 0.657804
vt 0.909447 0.657804
vt 0.909447 0.657804
vt 0.909447 0.657804
vt 0.909447 0.657804
vt 0.909447 0.657804
vt 0.909447 0.657804
vt 0.909447 0.657804
vt 0.909447 0.657804
vt 0.909447 0.657804
vt 0.909447 0.657804
vt 0.909447 0.657804
vt 0.909447 0.657804
vt 0.909447 0.657804
vt 0.909447 0.657804
vt 0.909447 0.657804
vt 0.909447 0.657804
vt 0.909447 0.657804
vt 0.909447 0.657804
vt 0.909447 0.657804
vt 0.909447 0.657804
vt 0.909447 0.657804
vt 0.909447 0.657804
vt 0.909447 0.657804
vt 0.909447 0.657804
vt 0.909447 0.657804
vt 0.909447 0.657804
vt 0.909447 0.657804
vt 0.909447 0.657804
vt 0.909447 0.657804
vt 0.909447 0.657804
vt 0.909447 0.657804
vt 0.909447 0.657804
vt 0.909447 0.657804
vt 0.909447 0.657804
vt 0.909447 0.657804
vt 0.909447 0.657804
vt 0.909447 0.657804
vt 0.909447 0.657804
vt 0.909447 0.657804
vt 0.909447 0.657804
vt 0.909447 0.657804
vt 0.909447 0.657804
vt 0.909447 0.657804
vt 0.909447 0.657804
vt 0.909447 0.657804
vt 0.909447 0.657804
vt 0.909447 0.657804
vt 0.909447 0.657804
vt 0.909447 0.657804
vt 0.909447 0.657804
vt 0.909447 0.657804
vt 0.909447 0.657804
vt 0.909447 0.657804
vt 0.909447 0.657804
vt 0.909447 0.657804
vt 0.909447 0.657804
vt 0.032211 0.594031
vt 0.032211 0.594031
vt 0.032211 0.594031
vt 0.032211 0.594031
vt 0.032211 0.594031
vt 0.032211 0.594031
vt 0.032211 0.594031
vt 0.032211 0.594031
vt 0.971260 0.656655
vt 0.971260 0.656655
vt 0.971260 0.656655
vt 0.971260 0.656655
vt 0.971260 0.656655
vt 0.971260 0.656655
vt 0.971260 0.656655
vt 0.971260 0.656655
vt 0.971260 0.656655
vt 0.971260 0.656655
vt 0.971260 0.656655
vt 0.971260 0.656655
vt 0.971260 0.656655
vt 0.971260 0.656655
vt 0.971260 0.656655
vt 0.971260 0.656655
vt 0.971260 0.656655
vt 0.971260 0.656655
vt 0.971260 0.656655
vt 0.971260 0.656655
vt 0.971260 0.656655
vt 0.971260 0.656655
vt 0.971260 0.656655
vt 0.971260 0.656655
vt 0.971260 0.656655
vt 0.971260 0.656655
vt 0.971260 0.656655
vt 0.971260 0.656655
vt 0.971260 0.656655
vt 0.971260 0.656655
vt 0.971260 0.656655
vt 0.971260 0.656655
vt 0.971260 0.656655
vt 0.971260 0.656655
vt 0.971260 0.656655
vt 0.971260 0.656655
vt 0.971260 0.656655
vt 0.971260 0.656655
vt 0.971260 0.656655
vt 0.971260 0.656655
vt 0.971260 0.656655
vt 0.971260 0.656655
vt 0.971260 0.656655
vt 0.971260 0.656655
vt 0.971260 0.656655
vt 0.971260 0.656655
vt 0.971260 0.656655
vt 0.971260 0.656655
vt 0.971260 0.656655
vt 0.971260 0.656655
vt 0.971260 0.656655
vt 0.971260 0.656655
vt 0.971260 0.656655
vt 0.971260 0.656655
vt 0.971260 0.656655
vt 0.971260 0.656655
vt 0.971260 0.656655
vt 0.971260 0.656655
vt 0.971260 0.656655
vt 0.971260 0.656655
vt 0.971260 0.656655
vt 0.971260 0.656655
vt 0.971260 0.656655
vt 0.971260 0.656655
vt 0.971260 0.656655
vt 0.971260 0.656655
vt 0.971260 0.656655
vt 0.971260 0.656655
vt 0.971260 0.656655
vt 0.971260 0.656655
vt 0.971260 0.656655
vt 0.971260 0.656655
vt 0.971260 0.656655
vt 0.971260 0.656655
vt 0.971260 0.656655
vt 0.971260 0.656655
vt 0.971260 0.656655
vt 0.971260 0.656655
vt 0.971260 0.656655
vt 0.971260 0.656655
vt 0.971260 0.656655
vt 0.971260 0.656655
vt 0.971260 0.656655
vt 0.971260 0.656655
vt 0.971260 0.656655
vt 0.971260 0.656655
vt 0.971260 0.656655
vt 0.971260 0.656655
vt 0.971260 0.656655
vt 0.971260 0.656655
vt 0.971260 0.656655
vt 0.971260 0.656655
vt 0.971260 0.656655
vt 0.971260 0.656655
vt 0.971260 0.656655
vt 0.971260 0.656655
vt 0.971260 0.656655
vt 0.971260 0.656655
vt 0.971260 0.656655
vt 0.971260 0.656655
vt 0.971260 0.656655
vt 0.971260 0.656655
vt 0.971260 0.656655
vt 0.971260 0.656655
vt 0.971260 0.656655
vt 0.971260 0.656655
vt 0.971260 0.656655
vt 0.971260 0.656655
vt 0.971260 0.656655
vt 0.971260 0.656655
vt 0.971260 0.656655
vt 0.971260 0.656655
vt 0.971260 0.656655
vt 0.971260 0.656655
vt 0.971260 0.656655
vt 0.971260 0.656655
vt 0.971260 0.656655
vt 0.971260 0.656655
vt 0.971260 0.656655
vt 0.971260 0.656655
vt 0.971260 0.656655
vt 0.971260 0.656655
vt 0.971260 0.656655
vt 0.971260 0.656655
vt 0.971260 0.656655
vt 0.971260 0.656655
vt 0.971260 0.656655
vt 0.971260 0.656655
vt 0.971260 0.656655
vt 0.971260 0.656655
vt 0.971260 0.656655
vt 0.971260 0.656655
vt 0.971260 0.656655
vt 0.971260 0.656655
vt 0.971260 0.656655
vt 0.971260 0.656655
vt 0.971260 0.656655
vt 0.971260 0.656655
vt 0.971260 0.656655
vt 0.971260 0.656655
vt 0.971260 0.656655
vt 0.971260 0.656655
vt 0.971260 0.656655
vt 0.971260 0.656655
vt 0.971260 0.656655
vt 0.971260 0.656655
vt 0.971260 0.656655
vt 0.971260 0.656655
vt 0.971260 0.656655
vt 0.971260 0.656655
vt 0.971260 0.656655
vt 0.971260 0.656655
vt 0.971260 0.656655
vt 0.971260 0.656655
vt 0.971260 0.656655
vt 0.971260 0.656655
vt 0.971260 0.656655
vt 0.971260 0.656655
vt 0.971260 0.656655
vt 0.971260 0.656655
vt 0.971260 0.656655
vt 0.971260 0.656655
vt 0.971260 0.656655
vt 0.971260 0.656655
vt 0.971260 0.656655
vt 0.971260 0.656655
vt 0.971260 0.656655
vt 0.971260 0.656655
vt 0.971260 0.656655
vt 0.971260 0.656655
vt 0.971260 0.656655
vt 0.971260 0.656655
vt 0.971260 0.656655
vt 0.971260 0.656655
vt 0.971260 0.656655
vt 0.971260 0.656655
vt 0.971260 0.656655
vt 0.971260 0.656655
vt 0.971260 0.656655
vt 0.971260 0.656655
vt 0.971260 0.656655
vt 0.971260 0.656655
vt 0.971260 0.656655
vt 0.971260 0.656655
vt 0.971260 0.656655
vt 0.971260 0.656655
vt 0.971260 0.656655
vt 0.971260 0.656655
vt 0.971260 0.656655
vt 0.971260 0.656655
vt 0.971260 0.656655
vt 0.971260 0.656655
vt 0.971260 0.656655
vt 0.971260 0.656655
vt 0.971260 0.656655
vt 0.971260 0.656655
vt 0.971260 0.656655
vt 0.971260 0.656655
vt 0.971260 0.656655
vt 0.971260 0.656655
vt 0.971260 0.656655
vt 0.971260 0.656655
vt 0.971260 0.656655
vt 0.971260 0.656655
vt 0.971260 0.656655
vt 0.971260 0.656655
vt 0.971260 0.656655
vt 0.971260 0.656655
vt 0.971260 0.656655
vt 0.971260 0.656655
vt 0.971260 0.656655
vt 0.971260 0.656655
vt 0.971260 0.656655
vt 0.971260 0.656655
vt 0.971260 0.656655
vt 0.971260 0.656655
vt 0.971260 0.656655
vt 0.971260 0.656655
vt 0.971260 0.656655
vt 0.971260 0.656655
vt 0.971260 0.656655
vt 0.971260 0.656655
vt 0.971260 0.656655
vt 0.971260 0.656655
vt 0.971260 0.656655
vt 0.971260 0.656655
vt 0.971260 0.656655
vt 0.971260 0.656655
vt 0.971260 0.656655
vt 0.971260 0.656655
vt 0.971260 0.656655
vt 0.971260 0.656655
vt 0.971260 0.656655
vt 0.971260 0.656655
vt 0.971260 0.656655
vt 0.971260 0.656655
vt 0.971260 0.656655
vt 0.971260 0.656655
vt 0.971260 0.656655
vt 0.971260 0.656655
vt 0.971260 0.656655
vt 0.971260 0.656655
vt 0.971260 0.656655
vt 0.971260 0.656655
vt 0.971260 0.656655
vt 0.971260 0.656655
vt 0.971260 0.656655
vt 0.971260 0.656655
vt 0.971260 0.656655
vt 0.971260 0.656655
vt 0.971260 0.656655
vt 0.971260 0.656655
vt 0.971260 0.656655
vt 0.971260 0.656655
vt 0.971260 0.656655
vt 0.971260 0.656655
vt 0.971260 0.656655
vt 0.971260 0.656655
vt 0.971260 0.656655
vt 0.971260 0.656655
vt 0.971260 0.656655
vt 0.971260 0.656655
vt 0.971260 0.656655
vt 0.971260 0.656655
vt 0.971260 0.656655
vt 0.971260 0.656655
vt 0.971260 0.656655
vt 0.971260 0.656655
vt 0.971260 0.656655
vt 0.971260 0.656655
vt 0.971260 0.656655
vt 0.971260 0.656655
vt 0.909447 0.657804
vt 0.909447 0.657804
vt 0.909447 0.657804
vt 0.909447 0.657804
vt 0.909447 0.657804
vt 0.909447 0.657804
vt 0.909447 0.657804
vt 0.909447 0.657804
vt 0.909447 0.657804
vt 0.909447 0.657804
vt 0.909447 0.657804
vt 0.909447 0.657804
vt 0.909447 0.657804
vt 0.909447 0.657804
vt 0.909447 0.657804
vt 0.909447 0.657804
vt 0.909447 0.657804
vt 0.909447 0.657804
vt 0.909447 0.657804
vt 0.909447 0.657804
vt 0.909447 0.657804
vt 0.909447 0.657804
vt 0.909447 0.657804
vt 0.909447 0.657804
vt 0.909447 0.657804
vt 0.909447 0.657804
vt 0.909447 0.657804
vt 0.909447 0.657804
vt 0.909447 0.657804
vt 0.909447 0.657804
vt 0.909447 0.657804
vt 0.909447 0.657804
vt 0.909447 0.657804
vt 0.909447 0.657804
vt 0.909447 0.657804
vt 0.909447 0.657804
vt 0.909447 0.657804
vt 0.909447 0.657804
vt 0.909447 0.657804
vt 0.909447 0.657804
vt 0.909447 0.657804
vt 0.909447 0.657804
vt 0.909447 0.657804
vt 0.909447 0.657804
vt 0.909447 0.657804
vt 0.909447 0.657804
vt 0.909447 0.657804
vt 0.909447 0.657804
vt 0.909447 0.657804
vt 0.909447 0.657804
vt 0.909447 0.657804
vt 0.909447 0.657804
vt 0.909447 0.657804
vt 0.909447 0.657804
vt 0.909447 0.657804
vt 0.909447 0.657804
vt 0.909447 0.657804
vt 0.909447 0.657804
vt 0.909447 0.657804
vt 0.909447 0.657804
vt 0.909447 0.657804
vt 0.909447 0.657804
vt 0.909447 0.657804
vt 0.909447 0.657804
vt 0.909447 0.657804
vt 0.909447 0.657804
vt 0.909447 0.657804
vt 0.909447 0.657804
vt 0.909447 0.657804
vt 0.909447 0.657804
vt 0.909447 0.657804
vt 0.909447 0.657804
vt 0.032211 0.594031
vt 0.032211 0.594031
vt 0.032211 0.594031
vt 0.032211 0.594031
vt 0.032211 0.594031
vt 0.032211 0.594031
vt 0.032211 0.594031
vt 0.032211 0.594031
vt 0.971260 0.656655
vt 0.971260 0.656655
vt 0.971260 0.656655
vt 0.971260 0.656655
vt 0.971260 0.656655
vt 0.971260 0.656655
vt 0.971260 0.656655
vt 0.971260 0.656655
vt 0.971260 0.656655
vt 0.971260 0.656655
vt 0.971260 0.656655
vt 0.971260 0.656655
vt 0.971260 0.656655
vt 0.971260 0.656655
vt 0.971260 0.656655
vt 0.971260 0.656655
vt 0.971260 0.656655
vt 0.971260 0.656655
vt 0.971260 0.656655
vt 0.971260 0.656655
vt 0.971260 0.656655
vt 0.971260 0.656655
vt 0.971260 0.656655
vt 0.971260 0.656655
vt 0.971260 0.656655
vt 0.971260 0.656655
vt 0.971260 0.656655
vt 0.971260 0.656655
vt 0.971260 0.656655
vt 0.971260 0.656655
vt 0.971260 0.656655
vt 0.971260 0.656655
vt 0.971260 0.656655
vt 0.971260 0.656655
vt 0.971260 0.656655
vt 0.971260 0.656655
vt 0.971260 0.656655
vt 0.971260 0.656655
vt 0.971260 0.656655
vt 0.971260 0.656655
vt 0.971260 0.656655
vt 0.971260 0.656655
vt 0.971260 0.656655
vt 0.971260 0.656655
vt 0.971260 0.656655
vt 0.971260 0.656655
vt 0.971260 0.656655
vt 0.971260 0.656655
vt 0.971260 0.656655
vt 0.971260 0.656655
vt 0.971260 0.656655
vt 0.971260 0.656655
vt 0.971260 0.656655
vt 0.971260 0.656655
vt 0.971260 0.656655
vt 0.971260 0.656655
vt 0.971260 0.656655
vt 0.971260 0.656655
vt 0.971260 0.656655
vt 0.971260 0.656655
vt 0.971260 0.656655
vt 0.971260 0.656655
vt 0.971260 0.656655
vt 0.971260 0.656655
vt 0.971260 0.656655
vt 0.971260 0.656655
vt 0.971260 0.656655
vt 0.971260 0.656655
vt 0.971260 0.656655
vt 0.971260 0.656655
vt 0.971260 0.656655
vt 0.971260 0.656655
vt 0.971260 0.656655
vt 0.971260 0.656655
vt 0.971260 0.656655
vt 0.971260 0.656655
vt 0.971260 0.656655
vt 0.971260 0.656655
vt 0.971260 0.656655
vt 0.971260 0.656655
vt 0.971260 0.656655
vt 0.971260 0.656655
vt 0.971260 0.656655
vt 0.971260 0.656655
vt 0.971260 0.656655
vt 0.971260 0.656655
vt 0.971260 0.656655
vt 0.971260 0.656655
vt 0.971260 0.656655
vt 0.971260 0.656655
vt 0.971260 0.656655
vt 0.971260 0.656655
vt 0.971260 0.656655
vt 0.971260 0.656655
vt 0.971260 0.656655
vt 0.971260 0.656655
vt 0.971260 0.656655
vt 0.971260 0.656655
vt 0.971260 0.656655
vt 0.971260 0.656655
vt 0.971260 0.656655
vt 0.971260 0.656655
vt 0.971260 0.656655
vt 0.971260 0.656655
vt 0.971260 0.656655
vt 0.971260 0.656655
vt 0.971260 0.656655
vt 0.971260 0.656655
vt 0.971260 0.656655
vt 0.971260 0.656655
vt 0.971260 0.656655
vt 0.971260 0.656655
vt 0.971260 0.656655
vt 0.971260 0.656655
vt 0.971260 0.656655
vt 0.971260 0.656655
vt 0.971260 0.656655
vt 0.971260 0.656655
vt 0.971260 0.656655
vt 0.971260 0.656655
vt 0.971260 0.656655
vt 0.971260 0.656655
vt 0.971260 0.656655
vt 0.971260 0.656655
vt 0.971260 0.656655
vt 0.971260 0.656655
vt 0.971260 0.656655
vt 0.971260 0.656655
vt 0.971260 0.656655
vt 0.971260 0.656655
vt 0.971260 0.656655
vt 0.971260 0.656655
vt 0.971260 0.656655
vt 0.971260 0.656655
vt 0.971260 0.656655
vt 0.971260 0.656655
vt 0.971260 0.656655
vt 0.971260 0.656655
vt 0.971260 0.656655
vt 0.971260 0.656655
vt 0.909447 0.657804
vt 0.909447 0.657804
vt 0.909447 0.657804
vt 0.909447 0.657804
vt 0.909447 0.657804
vt 0.909447 0.657804
vt 0.909447 0.657804
vt 0.909447 0.657804
vt 0.909447 0.657804
vt 0.909447 0.657804
vt 0.909447 0.657804
vt 0.909447 0.657804
vt 0.971260 0.656655
vt 0.971260 0.656655
vt 0.971260 0.656655
vt 0.971260 0.656655
vt 0.971260 0.656655
vt 0.971260 0.656655
vt 0.971260 0.656655
vt 0.971260 0.656655
vt 0.971260 0.656655
vt 0.971260 0.656655
vt 0.971260 0.656655
vt 0.971260 0.656655
vt 0.971260 0.656655
vt 0.971260 0.656655
vt 0.971260 0.656655
vt 0.971260 0.656655
vt 0.971260 0.656655
vt 0.971260 0.656655
vt 0.971260 0.656655
vt 0.971260 0.656655
vt 0.971260 0.656655
vt 0.971260 0.656655
vt 0.971260 0.656655
vt 0.971260 0.656655
vt 0.971260 0.656655
vt 0.971260 0.656655
vt 0.971260 0.656655
vt 0.971260 0.656655
vt 0.971260 0.656655
vt 0.971260 0.656655
vt 0.971260 0.656655
vt 0.971260 0.656655
vt 0.971260 0.656655
vt 0.971260 0.656655
vt 0.971260 0.656655
vt 0.971260 0.656655
vt 0.971260 0.656655
vt 0.971260 0.656655
vt 0.971260 0.656655
vt 0.971260 0.656655
vt 0.971260 0.656655
vt 0.971260 0.656655
vt 0.971260 0.656655
vt 0.971260 0.656655
vt 0.971260 0.656655
vt 0.971260 0.656655
vt 0.971260 0.656655
vt 0.971260 0.656655
vt 0.971260 0.656655
vt 0.971260 0.656655
vt 0.971260 0.656655
vt 0.971260 0.656655
vt 0.971260 0.656655
vt 0.971260 0.656655
vt 0.971260 0.656655
vt 0.971260 0.656655
vt 0.971260 0.656655
vt 0.971260 0.656655
vt 0.971260 0.656655
vt 0.971260 0.656655
vt 0.971260 0.656655
vt 0.971260 0.656655
vt 0.971260 0.656655
vt 0.971260 0.656655
vt 0.971260 0.656655
vt 0.971260 0.656655
vt 0.971260 0.656655
vt 0.971260 0.656655
vt 0.971260 0.656655
vt 0.971260 0.656655
vt 0.971260 0.656655
vt 0.971260 0.656655
vt 0.971260 0.656655
vt 0.971260 0.656655
vt 0.971260 0.656655
vt 0.971260 0.656655
vt 0.971260 0.656655
vt 0.971260 0.656655
vt 0.971260 0.656655
vt 0.971260 0.656655
vt 0.971260 0.656655
vt 0.971260 0.656655
vt 0.971260 0.656655
vt 0.971260 0.656655
vn 0.0000 -0.0000 1.0000
vn -1.0000 0.0000 0.0000
vn 0.0000 -0.0000 -1.0000
vn 1.0000 0.0000 -0.0000
vn 0.0000 -1.0000 -0.0000
vn 0.0000 1.0000 0.0000
vn 0.0000 0.0000 0.0000
vn 0.0000 -0.8677 0.4970
vn 0.0000 0.8199 -0.5725
vn 0.0000 0.8677 -0.4970
vn 0.0000 -0.8199 0.5725
vn -1.0000 0.0000 -0.0005
vn 0.0354 0.0000 -0.9994
vn 0.0000 -0.8677 -0.4970
vn 0.0000 0.8199 0.5725
vn 0.0000 0.8677 0.4970
vn 0.0000 -0.8199 -0.5725
vn -1.0000 0.0000 0.0005
vn 0.0354 -0.0000 0.9994
vn 0.0037 1.0000 0.0000
vn 0.0013 1.0000 0.0000
vn 0.0000 1.0000 0.0037
vn 0.0000 1.0000 0.0013
vn -0.7074 -0.0113 0.7067
vn -0.7080 -0.0018 0.7063
vn -0.7081 -0.0001 0.7061
vn -0.7081 -0.0004 0.7062
vn -0.7081 0.0002 0.7061
vn -0.7056 -0.0122 0.7085
vn -0.7107 0.0038 0.7035
vn -0.7059 -0.0056 0.7083
vn 0.7059 0.0056 -0.7083
vn 0.7107 -0.0038 -0.7035
vn 0.7056 0.0121 -0.7085
vn 0.7081 -0.0002 -0.7061
vn 0.7081 0.0004 -0.7062
vn 0.7081 -0.0013 -0.7061
vn 0.7080 0.0018 -0.7063
vn 0.7074 0.0113 -0.7067
vn -0.7108 -0.0001 0.7034
vn 0.7108 0.0001 -0.7034
vn -0.7081 0.0013 0.7061
vn 0.7081 0.0001 -0.7061
vn 0.0000 1.0000 -0.0037
vn 0.0000 1.0000 -0.0013
vn -0.7074 -0.0113 -0.7067
vn -0.7080 -0.0018 -0.7063
vn -0.7081 -0.0001 -0.7061
vn -0.7081 -0.0004 -0.7062
vn -0.7081 0.0002 -0.7061
vn -0.7056 -0.0122 -0.7085
vn -0.7107 0.0038 -0.7035
vn -0.7059 -0.0056 -0.7083
vn 0.7059 0.0056 0.7083
vn 0.7107 -0.0038 0.7035
vn 0.7056 0.0122 0.7085
vn 0.7081 -0.0002 0.7061
vn 0.7081 0.0003 0.7062
vn 0.7081 -0.0012 0.7061
vn 0.7080 0.0018 0.7063
vn 0.7074 0.0113 0.7067
vn -0.7108 -0.0001 -0.7034
vn 0.7108 0.0001 0.7034
vn -0.7081 0.0012 -0.7061
vn 0.7081 0.0001 0.7061
vn 0.4790 0.0000 -0.8778
vn 0.3188 -0.0000 0.9478
vn -0.4790 0.0000 -0.8778
vn -0.3187 -0.0000 0.9478
vn 0.4790 -0.0000 0.8778
vn 0.3188 0.0000 -0.9478
vn -0.4790 -0.0000 0.8778
vn -0.3187 0.0000 -0.9478
vn -1.0000 0.0001 0.0000
vn 0.0000 0.9914 -0.1305
vn 0.0000 0.9239 -0.3827
vn 0.0000 0.7933 -0.6088
vn 0.0000 0.6088 -0.7934
vn 0.0000 0.3827 -0.9239
vn 0.0000 0.1305 -0.9914
vn 0.0000 -0.1305 -0.9914
vn 0.0000 -0.3827 -0.9239
vn 0.0000 -0.6088 -0.7934
vn 0.0000 -0.7933 -0.6088
vn 0.0000 -0.9239 -0.3827
vn 0.0000 -0.9914 -0.1305
vn 0.0000 -0.9914 0.1305
vn 0.0000 -0.9239 0.3827
vn 0.0000 -0.7933 0.6088
vn 0.0000 -0.6088 0.7934
vn 0.0000 -0.3827 0.9239
vn 0.0000 -0.1305 0.9914
vn 0.0000 0.1305 0.9914
vn 0.0000 0.3827 0.9239
vn 0.0000 0.6088 0.7934
vn 0.0000 0.7934 0.6088
vn 0.0000 0.9239 0.3827
vn 0.0000 0.9914 0.1305
vn 0.0000 0.6088 -0.7933
vn 0.0000 -0.7934 0.6088
vn 0.0000 -0.7934 -0.6088
vn 0.0000 0.7934 -0.6088
vn 1.0000 0.0001 0.0000
vn 1.0000 -0.0001 0.0000
vn 1.0000 0.0002 0.0000
vn 1.0000 0.0003 0.0000
vn 0.0219 0.0000 -0.9998
vn 0.0358 -0.8129 0.5813
vn 0.0475 0.8082 -0.5870
vn 0.0485 0.9402 -0.3370
vn 0.0214 -0.0376 -0.9991
vn 0.0482 0.7343 0.6771
vn 0.0482 0.8814 0.4699
vn 0.0457 0.6648 0.7456
vn 0.0753 0.9972 0.0000
vn 0.0753 -0.9972 0.0000
vn 0.0610 -0.9979 0.0234
vn 0.0593 -0.9923 -0.1084
vn 0.0576 -0.9961 0.0669
vn 0.0433 0.4069 0.9124
vn 0.0242 -0.9997 0.0000
vn 0.0448 0.0057 -0.9990
vn 0.0581 -0.9736 0.2208
vn 0.0621 -0.9289 -0.3651
vn 0.0448 0.0057 0.9990
vn 0.0598 -0.9922 -0.1092
vn 0.0598 -0.9923 0.1087
vn 0.0599 -0.6496 -0.7579
vn 0.0497 0.9936 -0.1013
vn 0.0488 0.9813 0.1860
vn 0.0472 0.6362 -0.7701
vn 0.0588 -0.3364 -0.9399
vn 0.0483 0.6201 0.7830
vn 0.0511 0.9528 -0.2992
vn 0.0412 0.0504 0.9979
vn 0.0585 -0.8857 0.4605
vn 0.0480 0.8891 0.4552
vn 0.0596 -0.8948 -0.4424
vn 0.0596 -0.8955 0.4410
vn 0.0600 0.1791 -0.9820
vn 0.0411 0.9064 -0.4205
vn 0.0598 0.6813 -0.7295
vn 0.0465 0.4932 -0.8687
vn 0.0418 -0.3586 0.9325
vn 0.0578 -0.9789 0.1959
vn 0.0468 0.4963 0.8669
vn 0.0570 -0.9214 0.3843
vn 0.0574 -0.7267 0.6846
vn 0.0542 0.8393 -0.5410
vn 0.0576 -0.7253 -0.6860
vn 0.0458 -0.6872 0.7250
vn 0.0370 -0.8950 0.4445
vn 0.0576 -0.7263 0.6850
vn 0.0213 -0.0276 -0.9994
vn 0.0482 0.7584 -0.6501
vn 0.0468 0.7315 0.6802
vn 0.0560 -0.5210 0.8517
vn 0.0535 -0.8199 0.5700
vn 0.0583 -0.9981 0.0188
vn 0.0559 -0.5203 -0.8522
vn 0.0456 0.5470 -0.8359
vn 0.0589 -0.9773 -0.2035
vn 0.0452 0.2858 -0.9572
vn 0.0450 0.2897 0.9561
vn 0.0447 0.3266 -0.9441
vn 0.0586 -0.8883 -0.4554
vn 0.0593 -0.6432 0.7634
vn 0.0548 -0.2910 0.9552
vn 0.0455 0.5250 0.8499
vn 0.0548 -0.2907 -0.9552
vn 0.0431 0.0729 -0.9964
vn 0.0574 -0.7326 -0.6783
vn 0.0597 -0.1754 0.9827
vn 0.0201 0.0372 0.9991
vn 0.0455 0.0755 -0.9961
vn 0.0351 0.7089 -0.7045
vn 0.0560 -0.5285 -0.8471
vn 0.0445 0.0581 0.9973
vn 0.0447 0.2930 0.9551
vn 0.0600 0.3361 0.9399
vn 0.0542 -0.0567 0.9969
vn 0.0547 -0.2965 -0.9535
vn 0.0445 0.0622 0.9971
vn 0.0542 -0.0566 -0.9969
vn 0.0433 -0.2663 -0.9629
vn 0.0578 0.7871 -0.6141
vn 0.0456 -0.0755 -0.9961
vn 0.0542 -0.0567 -0.9969
vn 0.0621 0.7527 0.6555
vn 0.0532 -0.0764 -0.9957
vn 0.0530 0.0741 -0.9958
vn 0.0544 0.1738 -0.9833
vn 0.0544 0.1739 0.9833
vn 0.0590 0.9352 -0.3492
vn 0.0448 -0.1670 0.9849
vn 0.0446 -0.1718 0.9841
vn 0.0622 0.9783 0.1979
vn 0.0535 0.2723 -0.9607
vn 0.0597 0.9902 -0.1262
vn 0.0450 -0.2837 -0.9579
vn 0.0546 0.4294 -0.9015
vn 0.0553 0.4079 0.9113
vn 0.0452 -0.5244 -0.8503
vn 0.0454 -0.3751 0.9259
vn 0.0553 0.4074 -0.9116
vn 0.0567 0.6397 -0.7665
vn 0.0369 0.8793 0.4748
vn 0.0452 -0.3983 0.9161
vn 0.0468 -0.7303 -0.6815
vn 0.0400 -0.8389 0.5428
vn 0.0216 0.0304 -0.9993
vn 0.0567 0.6275 0.7765
vn 0.0452 -0.3984 0.9161
vn 0.0460 -0.5806 0.8129
vn 0.0566 0.6275 0.7765
vn 0.0482 -0.8879 -0.4574
vn 0.0566 0.6266 -0.7773
vn 0.0491 -0.9633 0.2639
vn 0.0583 0.8273 -0.5587
vn 0.0572 0.9128 0.4043
vn 0.0455 -0.5071 -0.8607
vn 0.0500 -0.9982 0.0317
vn 0.0581 0.8122 0.5805
vn 0.0494 -0.9775 -0.2049
vn 0.0591 0.9481 -0.3124
vn 0.0581 0.8112 -0.5819
vn 0.0587 0.9772 0.2042
vn 0.0461 -0.6136 0.7883
vn 0.0590 0.9404 0.3350
vn 0.0594 0.9967 -0.0546
vn 0.0469 -0.7770 0.6278
vn 0.0590 0.9399 -0.3364
vn 0.0466 -0.7139 -0.6987
vn 0.0412 -0.8693 -0.4926
vn 0.0585 0.9944 0.0876
vn 0.0480 -0.9288 0.3675
vn 0.0507 -0.9376 -0.3440
vn 0.0585 0.9944 -0.0880
vn 0.0503 -0.9868 -0.1539
vn 0.0473 -0.8017 0.5959
vn 0.0494 -0.9960 0.0738
vn 0.0499 0.9975 0.0500
vn 0.0479 -0.8800 -0.4725
vn 0.0499 0.9801 -0.1923
vn 0.0484 -0.9370 0.3461
vn 0.0492 0.9572 0.2853
vn 0.0219 -0.0000 0.9998
vn 0.0489 -0.9778 -0.2038
vn 0.0499 0.9149 -0.4005
vn 0.0491 -0.9965 0.0677
vn 0.0242 0.9997 0.0000
vn 0.0477 0.8483 0.5273
vn 0.0450 -0.0028 -0.9990
vn 0.0492 0.9966 -0.0656
vn 0.0490 0.9776 0.2048
vn 0.0495 0.9988 0.0067
vn 0.0413 0.8167 -0.5755
vn 0.0448 -0.0057 -0.9990
vn 0.0448 -0.0057 0.9990
vn 0.0592 -0.9487 0.3105
vn 0.0570 -0.8384 0.5420
vn 0.0000 -0.5194 0.8545
vn 0.0000 0.8545 0.5194
vn 0.0000 -0.8546 -0.5194
vn 0.0000 0.5194 -0.8545
vn 0.0000 0.5194 -0.8546
vn 0.0000 -0.8545 -0.5194
vn 0.0000 0.6088 0.7933
vn 0.0000 -0.6088 -0.7933
vn 0.0000 -0.5194 -0.8546
vn 0.0000 0.8545 -0.5194
vn 0.0000 -0.8546 0.5194
vn 0.0000 0.5194 0.8545
vn 0.0000 -0.5194 -0.8545
vn 0.0000 -0.8545 0.5194
vn -0.9952 0.0980 0.0000
vn 0.9952 -0.0980 -0.0000
vn 0.9239 -0.3827 -0.0000
vn -0.9239 0.3827 0.0000
vn 0.7071 -0.7071 -0.0000
vn 0.3827 -0.9239 -0.0000
vn -0.7071 0.7071 0.0000
vn -0.3827 0.9239 0.0000
vn 0.1951 -0.9808 0.0000
vn -0.1951 0.9808 0.0000
vn -0.1664 0.5162 -0.8402
vn -0.4752 0.5162 -0.7126
vn 0.1705 0.4792 0.8610
vn 0.4870 0.4792 0.7302
vn 0.1705 -0.4792 0.8610
vn 0.4870 -0.4792 0.7302
vn 0.1706 -0.4792 0.8610
vn -0.1664 -0.5161 -0.8402
vn -0.4752 -0.5161 -0.7126
vn -0.7087 0.5368 -0.4577
vn -0.7099 0.5371 -0.4556
vn 0.7294 0.4792 0.4882
vn 0.7294 -0.4792 0.4882
vn -0.7099 -0.5370 -0.4556
vn -0.7088 -0.5368 -0.4577
vn -0.7860 0.5466 -0.2887
vn 0.8607 0.4792 0.1719
vn 0.8607 -0.4792 0.1719
vn -0.7861 -0.5466 -0.2887
vn 0.8609 0.4793 -0.1706
vn 0.8609 0.4793 -0.1705
vn 0.8610 -0.4792 -0.1705
vn 0.8610 -0.4792 -0.1706
vn -0.0000 -0.3634 0.9316
vn -0.7866 0.5464 0.2877
vn -0.7095 0.5367 0.4567
vn -0.7107 0.5370 0.4546
vn 0.7302 0.4792 -0.4870
vn 0.7301 0.4792 -0.4871
vn 0.7302 -0.4792 -0.4871
vn 0.7302 -0.4792 -0.4870
vn -0.7866 -0.5464 0.2877
vn -0.7107 -0.5369 0.4546
vn -0.7095 -0.5367 0.4567
vn -0.4763 0.5162 0.7118
vn 0.4882 0.4792 -0.7294
vn 0.4882 -0.4791 -0.7294
vn -0.4763 -0.5161 0.7119
vn -0.4763 -0.5161 0.7118
vn -0.1678 0.5162 0.8399
vn 0.1719 0.4792 -0.8607
vn 0.1719 -0.4791 -0.8607
vn -0.1678 -0.5161 0.8399
vn 0.1664 0.5162 0.8402
vn -0.1705 0.4792 -0.8610
vn -0.1705 -0.4791 -0.8610
vn 0.1664 -0.5161 0.8402
vn 0.4753 0.5162 0.7125
vn -0.4871 0.4791 -0.7302
vn -0.4871 -0.4791 -0.7302
vn 0.4753 -0.5162 0.7125
vn 0.7118 0.5162 0.4764
vn -0.7294 0.4791 -0.4882
vn -0.7294 -0.4791 -0.4882
vn 0.7118 -0.5162 0.4764
vn 0.8399 0.5162 0.1678
vn -0.8607 0.4791 -0.1719
vn -0.8608 -0.4791 -0.1719
vn 0.8399 -0.5162 0.1678
vn 0.8402 0.5162 -0.1664
vn -0.8610 0.4791 0.1705
vn -0.8610 -0.4791 0.1706
vn -0.8610 -0.4791 0.1705
vn 0.8402 -0.5162 -0.1664
vn 0.7125 0.5162 -0.4753
vn -0.7302 0.4791 0.4871
vn -0.7302 -0.4791 0.4871
vn 0.7125 -0.5162 -0.4753
vn 0.4764 0.5162 -0.7118
vn -0.4882 0.4791 0.7294
vn -0.4882 -0.4791 0.7294
vn 0.4764 -0.5161 -0.7118
vn 0.1678 0.5162 -0.8399
vn -0.1719 0.4792 0.8607
vn -0.1719 -0.4791 0.8607
vn 0.1678 -0.5161 -0.8399
vn -1.0000 -0.0053 -0.0000
vn -1.0000 0.0053 -0.0000
vn -0.0000 0.3641 -0.9314
vn -0.0000 -0.3641 -0.9314
vn -0.0000 0.3634 0.9316
vn -0.1664 0.5162 0.8402
vn -0.4752 0.5162 0.7126
vn 0.0081 0.9991 -0.0411
vn 0.0232 0.9991 -0.0348
vn 0.0081 -0.9991 -0.0411
vn 0.0232 -0.9991 -0.0348
vn -0.7099 0.5371 0.4556
vn -0.7087 0.5368 0.4577
vn 0.0321 0.9992 -0.0230
vn 0.0321 0.9992 -0.0232
vn 0.0321 -0.9992 -0.0232
vn 0.0321 -0.9992 -0.0230
vn -0.7861 0.5466 0.2887
vn 0.0305 0.9995 -0.0108
vn 0.0201 0.9998 -0.0029
vn 0.0201 -0.9998 -0.0029
vn 0.0306 -0.9995 -0.0108
vn 0.0093 -1.0000 -0.0000
vn 0.0201 -0.9998 0.0029
vn 0.0305 0.9995 0.0107
vn 0.0201 0.9998 0.0029
vn 0.0306 -0.9995 0.0107
vn -0.0000 -0.3634 -0.9316
vn -0.7866 0.5464 -0.2877
vn -0.7107 0.5370 -0.4546
vn -0.7095 0.5367 -0.4567
vn 0.0321 0.9992 0.0230
vn 0.0321 0.9992 0.0231
vn 0.0321 -0.9992 0.0231
vn 0.0322 -0.9992 0.0230
vn -0.4763 0.5162 -0.7118
vn 0.0232 0.9991 0.0348
vn 0.0232 -0.9991 0.0348
vn -0.1678 0.5162 -0.8399
vn 0.0082 0.9991 0.0411
vn 0.0082 -0.9991 0.0411
vn 0.1664 0.5162 -0.8402
vn -0.0081 0.9991 0.0411
vn -0.0081 -0.9991 0.0411
vn 0.4753 0.5162 -0.7125
vn -0.0233 0.9991 0.0349
vn -0.0233 -0.9991 0.0349
vn 0.7118 0.5162 -0.4764
vn -0.0349 0.9991 0.0233
vn -0.0349 -0.9991 0.0233
vn 0.8399 0.5162 -0.1678
vn -0.0411 0.9991 0.0082
vn -0.0411 -0.9991 0.0082
vn 0.8401 0.5162 0.1664
vn -0.0411 0.9991 -0.0081
vn -0.0411 -0.9991 -0.0082
vn 0.7125 0.5162 0.4753
vn -0.0349 0.9991 -0.0233
vn -0.0349 -0.9991 -0.0233
vn 0.4764 0.5161 0.7118
vn -0.0233 0.9991 -0.0349
vn -0.0233 -0.9991 -0.0349
vn 0.1678 0.5161 0.8399
vn -0.0082 0.9991 -0.0411
vn -0.0082 -0.9991 -0.0411
vn -0.0000 0.3641 0.9314
vn -0.0000 -0.3641 0.9314
vn 0.0093 1.0000 -0.0000
vn -0.0000 0.3634 -0.9316
vn 0.9952 0.0980 0.0000
vn -0.9952 -0.0980 -0.0000
vn -0.9239 -0.3827 -0.0000
vn 0.9239 0.3827 0.0000
vn -0.7071 -0.7071 -0.0000
vn -0.3827 -0.9239 -0.0000
vn 0.7071 0.7071 0.0000
vn 0.3827 0.9239 0.0000
vn -0.1951 -0.9808 0.0000
vn 0.1951 0.9808 0.0000
vn -0.1706 0.4792 0.8610
vn -0.1705 0.4792 0.8610
vn -0.4870 0.4792 0.7302
vn -0.1705 -0.4791 0.8610
vn -0.1706 -0.4791 0.8610
vn -0.4870 -0.4792 0.7302
vn -0.0232 -0.9991 0.0348
vn 0.1664 -0.5161 -0.8402
vn 0.4752 -0.5161 -0.7126
vn -0.7294 0.4792 0.4882
vn -0.7294 -0.4792 0.4882
vn -0.0321 -0.9992 0.0232
vn -0.0321 -0.9992 0.0230
vn 0.7088 -0.5368 -0.4578
vn 0.7099 -0.5370 -0.4556
vn -0.8607 0.4793 0.1719
vn -0.8607 -0.4792 0.1719
vn -0.0201 -0.9998 0.0029
vn -0.0306 -0.9995 0.0108
vn 0.7861 -0.5465 -0.2887
vn -0.0093 -1.0000 0.0000
vn -0.0201 -0.9998 -0.0029
vn -0.8610 0.4792 -0.1705
vn -0.8610 0.4792 -0.1706
vn -0.8610 -0.4792 -0.1706
vn -0.8610 -0.4792 -0.1705
vn -0.0306 -0.9995 -0.0107
vn -0.7301 0.4792 -0.4870
vn -0.7302 0.4792 -0.4870
vn -0.7302 -0.4792 -0.4870
vn -0.7301 -0.4792 -0.4871
vn -0.0321 -0.9992 -0.0231
vn -0.0322 -0.9992 -0.0230
vn 0.7865 -0.5464 0.2877
vn 0.7095 -0.5367 0.4567
vn 0.7107 -0.5370 0.4546
vn -0.4882 0.4792 -0.7294
vn -0.4882 -0.4792 -0.7294
vn -0.0232 -0.9991 -0.0348
vn 0.4763 -0.5161 0.7118
vn -0.1719 0.4791 -0.8607
vn -0.1719 -0.4791 -0.8607
vn 0.1678 -0.5162 0.8399
vn 0.1705 0.4792 -0.8610
vn 0.1706 -0.4791 -0.8610
vn 0.1705 -0.4791 -0.8610
vn -0.1664 -0.5161 0.8402
vn 0.4871 0.4792 -0.7302
vn 0.4871 -0.4792 -0.7302
vn 0.0233 -0.9991 -0.0349
vn -0.4753 -0.5162 0.7125
vn 0.7294 0.4792 -0.4882
vn 0.7294 -0.4791 -0.4882
vn 0.0349 -0.9991 -0.0233
vn -0.7118 -0.5162 0.4764
vn 0.8607 0.4791 -0.1719
vn 0.8607 -0.4791 -0.1719
vn 0.0411 -0.9991 -0.0082
vn -0.8399 -0.5161 0.1678
vn 0.8610 0.4792 0.1705
vn 0.8610 0.4792 0.1706
vn 0.8610 -0.4791 0.1706
vn 0.8610 -0.4791 0.1705
vn 0.0411 -0.9991 0.0081
vn -0.8402 -0.5161 -0.1664
vn 0.7302 0.4792 0.4871
vn 0.7302 -0.4791 0.4871
vn 0.0349 -0.9991 0.0233
vn -0.7125 -0.5162 -0.4753
vn 0.4882 0.4792 0.7294
vn 0.4882 -0.4791 0.7294
vn 0.0233 -0.9991 0.0349
vn -0.4764 -0.5162 -0.7118
vn 0.1719 0.4792 0.8607
vn 0.1719 -0.4791 0.8607
vn -0.1678 -0.5162 -0.8399
vn 1.0000 -0.0054 0.0000
vn 1.0000 0.0054 0.0000
vn 0.4752 0.5161 0.7126
vn -0.0081 0.9991 -0.0411
vn -0.0232 0.9991 -0.0348
vn 0.7087 0.5368 0.4578
vn 0.7099 0.5370 0.4556
vn -0.0321 0.9992 -0.0232
vn -0.0321 0.9992 -0.0230
vn 0.7861 0.5466 0.2887
vn -0.0201 0.9998 -0.0029
vn -0.0305 0.9995 -0.0108
vn -0.0201 0.9998 0.0029
vn -0.0305 0.9995 0.0107
vn 0.7865 0.5465 -0.2877
vn 0.7095 0.5367 -0.4567
vn 0.7106 0.5370 -0.4546
vn -0.0321 0.9992 0.0231
vn -0.0321 0.9992 0.0230
vn 0.4763 0.5162 -0.7118
vn -0.0232 0.9991 0.0348
vn -0.0082 0.9991 0.0411
vn 0.0081 0.9991 0.0411
vn -0.4753 0.5162 -0.7125
vn -0.4752 0.5162 -0.7125
vn 0.0233 0.9991 0.0349
vn -0.7118 0.5162 -0.4764
vn 0.0349 0.9991 0.0233
vn -0.8399 0.5162 -0.1678
vn 0.0411 0.9991 0.0082
vn -0.8402 0.5162 0.1664
vn 0.0411 0.9991 -0.0081
vn -0.7125 0.5162 0.4753
vn 0.0349 0.9991 -0.0233
vn -0.4764 0.5162 0.7117
vn 0.0233 0.9991 -0.0349
vn 0.0082 0.9991 -0.0411
vn -0.0093 1.0000 -0.0000
usemtl Pack2
s off
f 1/1/1 2/2/1 3/3/1 4/4/1
f 4/4/2 3/3/2 5/5/2 6/6/2
f 6/6/3 5/5/3 7/7/3 8/8/3
f 8/8/4 7/7/4 2/2/4 1/1/4
f 4/4/5 6/6/5 8/8/5 1/1/5
f 9/9/6 10/10/6 3/3/6 2/2/6
f 11/11/6 12/12/6 7/7/6 5/5/6
f 13/13/6 14/14/6 15/15/6 16/16/6
f 3/3/6 10/10/6 13/13/6
f 7/7/6 12/12/6 15/15/6
f 16/16/6 11/11/6 5/5/6
f 5/5/6 3/3/6 13/13/6 16/16/6
f 14/14/6 9/9/6 2/2/6
f 2/2/6 7/7/6 15/15/6 14/14/6
f 17/17/2 18/18/2 19/19/2 20/20/2
f 21/21/6 22/22/6 23/23/6 24/24/6
f 25/25/5 26/26/5 27/27/5 28/28/5
f 29/29/5 30/30/5 26/31/5 25/32/5
f 31/33/6 32/34/6 33/35/6 34/36/6
f 35/37/5 36/38/5 37/39/5 38/40/5
f 39/41/7 40/42/7 32/43/7 41/44/7
f 42/45/7 43/46/7 44/47/7 45/48/7
f 46/49/6 47/50/6 48/51/6 49/52/6
f 50/53/1 51/54/1 52/55/1 53/56/1
f 34/36/6 33/35/6 44/47/6 43/46/6
f 54/57/5 55/58/5 56/59/5 57/60/5
f 58/61/7 21/21/7 24/24/7 59/62/7
f 38/40/5 37/39/5 60/63/5 61/64/5
f 62/65/5 63/66/5 64/67/5 65/68/5
f 66/69/1 67/70/1 68/71/1 69/72/1
f 65/73/5 64/74/5 70/75/5 71/76/5 72/77/5 55/58/5 73/78/5
f 24/79/6 23/80/6 74/81/6 68/71/6 67/70/6 75/82/6 76/83/6
f 77/84/3 30/30/3 78/85/3 79/86/3
f 28/87/5 27/88/5 80/89/5 81/90/5
f 73/91/5 55/92/5 54/93/5
f 74/81/6 23/80/6 82/94/6 83/95/6
f 17/17/1 75/82/1 67/70/1 66/69/1
f 84/96/4 85/97/4 86/98/4
f 40/99/6 87/100/6 85/101/6
f 88/102/7 89/103/7 90/104/7 91/105/7
f 92/106/1 93/107/1 94/108/1 95/109/1
f 29/29/5 36/38/5 96/110/5 97/111/5
f 41/112/1 32/34/1 98/113/1 99/114/1
f 64/74/1 100/115/1 101/116/1 102/117/1
f 31/33/6 103/118/6 90/104/6 89/103/6
f 59/62/1 24/24/1 104/119/1 105/120/1
f 36/38/1 106/121/1 107/122/1 96/110/1
f 97/111/2 108/123/2 79/86/2 78/85/2
f 109/124/1 84/96/1 110/125/1 111/126/1
f 71/76/5 70/75/5 112/127/5 113/128/5
f 114/129/1 115/130/1 116/131/1 117/132/1
f 118/133/3 77/134/3 79/135/3 91/105/3
f 119/136/6 120/137/6 121/138/6 122/139/6
f 63/140/2 123/141/2 100/115/2 64/74/2
f 124/142/1 47/143/1 46/144/1 125/145/1
f 126/146/6 127/147/6 128/148/6 129/149/6
f 130/150/1 131/151/1 132/152/1 45/48/1
f 62/65/5 65/68/5 133/153/5 134/154/5
f 35/37/2 135/155/2 106/121/2 36/38/2
f 136/156/7 137/157/7 138/158/7 139/159/7
f 135/155/3 35/37/3 140/160/3 141/161/3
f 47/50/6 142/162/6 143/163/6 48/51/6
f 32/34/6 40/99/6 85/101/6 33/35/6
f 130/164/4 33/165/4 85/97/4 84/96/4
f 39/41/3 135/166/3 141/167/3 144/168/3
f 87/100/6 40/99/6 145/169/6 146/170/6
f 131/171/4 130/164/4 84/96/4 109/124/4
f 75/82/7 17/17/7 20/20/7 76/83/7
f 33/35/1 130/150/1 45/48/1 44/47/1
f 23/80/1 124/142/1 125/145/1 82/94/1
f 22/22/7 147/172/7 124/173/7 23/23/7
f 103/118/1 118/133/1 91/105/1 90/104/1
f 83/95/7 148/174/7 69/72/7 68/71/7
f 149/175/2 150/176/2 151/177/2 152/178/2
f 106/179/1 41/112/1 99/114/1 107/180/1
f 153/181/5 154/182/5 64/74/5 102/117/5 155/183/5 156/184/5 157/185/5
f 158/186/3 159/187/3 160/188/3 161/189/3
f 84/96/5 86/98/5 162/190/5 110/125/5
f 18/191/6 126/146/6 129/149/6 163/192/6
f 164/193/4 165/194/4 166/195/4 167/196/4
f 168/197/3 169/198/3 170/199/3 171/200/3
f 172/201/3 50/53/3 53/56/3 173/202/3
f 174/203/3 175/204/3 176/205/3 177/206/3
f 135/166/2 39/41/2 41/44/2 106/207/2
f 178/208/4 111/209/4 179/210/4 180/211/4
f 111/209/4 110/212/4 162/213/4 179/210/4
f 61/64/3 181/214/3 182/215/3 183/216/3
f 184/217/7 185/218/7 95/109/7 94/108/7
f 155/183/2 186/219/2 187/220/2 156/184/2
f 186/221/2 184/217/2 94/108/2 187/222/2
f 188/223/2 189/224/2 190/225/2 191/226/2
f 24/79/6 138/158/6 137/157/6 92/106/6 95/109/6 185/218/6 104/227/6
f 19/228/6 18/191/6 163/192/6 192/229/6
f 193/230/7 194/231/7 195/232/7 196/233/7
f 104/227/6 185/218/6 184/217/6 197/234/6
f 198/235/6 199/236/6 200/237/6 201/238/6
f 20/239/3 19/240/3 202/241/3 139/242/3
f 76/243/1 20/239/1 139/242/1 138/244/1
f 165/194/5 203/245/5 204/246/5 166/195/5
f 199/247/4 136/156/4 139/159/4 202/248/4
f 154/182/5 153/181/5 205/249/5 206/250/5
f 24/79/6 76/83/6 138/158/6
f 70/75/5 64/74/5 154/182/5
f 115/130/5 207/251/5 208/252/5 116/131/5
f 209/253/3 210/254/3 211/255/3 212/256/3
f 173/257/6 213/258/6 214/259/6 215/260/6
f 96/110/2 107/122/2 108/123/2 97/111/2
f 32/34/6 31/33/6 89/103/6 98/113/6
f 30/30/5 29/29/5 97/111/5 78/85/5
f 99/114/7 98/113/7 89/103/7 88/102/7
f 51/54/6 34/36/6 43/46/6 52/55/6
f 53/56/7 52/55/7 43/46/7 42/45/7
f 103/118/6 31/33/6 34/36/6 51/54/6
f 36/38/5 29/29/5 25/32/5 37/39/5
f 37/261/5 25/25/5 28/28/5 216/262/5
f 217/263/1 218/264/1 219/265/1 220/266/1
f 51/267/7 50/268/7 147/172/7 22/22/7
f 30/30/2 77/84/2 123/141/2 63/140/2
f 120/137/1 221/269/1 222/270/1 121/138/1
f 26/271/5 30/272/5 63/66/5 62/65/5
f 178/273/5 38/274/5 223/275/5 180/276/5
f 118/277/7 103/278/7 21/21/7 58/61/7
f 103/278/6 51/267/6 22/22/6 21/21/6
f 82/94/7 125/145/7 148/174/7 83/95/7
f 224/279/1 225/280/1 226/281/1 227/282/1
f 68/71/6 74/81/6 83/95/6
f 65/283/5 73/91/5 54/93/5 228/284/5
f 229/285/6 46/49/6 49/52/6 230/286/6
f 231/287/4 232/288/4 50/268/4 172/289/4
f 233/290/4 207/251/4 45/48/4 132/152/4
f 234/291/4 235/292/4 125/145/4 46/144/4
f 114/129/4 233/290/4 132/152/4 213/293/4
f 207/251/4 115/130/4 42/45/4 45/48/4
f 115/130/4 114/129/4 213/293/4 42/45/4
f 236/294/4 231/287/4 172/289/4 142/295/4
f 232/288/4 237/296/4 147/172/4 50/268/4
f 237/296/4 236/294/4 142/295/4 147/172/4
f 224/279/4 234/291/4 46/144/4 229/297/4
f 235/292/4 225/280/4 148/174/4 125/145/4
f 225/280/4 224/279/4 229/297/4 148/174/4
f 238/298/4 239/299/4 173/202/4 53/56/4
f 240/300/4 241/301/4 47/302/4 124/173/4
f 221/269/4 120/137/4 127/303/4 69/72/4
f 120/137/4 119/136/4 229/297/4 127/303/4
f 241/301/4 175/204/4 142/295/4 47/302/4
f 174/203/4 240/300/4 124/173/4 147/172/4
f 242/304/4 221/269/4 69/72/4 148/174/4
f 239/299/4 243/305/4 213/293/4 173/202/4
f 244/306/4 238/298/4 53/56/4 42/45/4
f 243/305/4 244/306/4 42/45/4 213/293/4
f 175/204/4 174/203/4 147/172/4 142/295/4
f 119/136/4 242/304/4 148/174/4 229/297/4
f 245/307/4 122/308/4 121/309/4 222/310/4
f 177/311/4 176/312/4 246/313/4 247/314/4
f 117/315/4 116/316/4 208/317/4 248/318/4
f 249/319/4 250/320/4 251/321/4 252/322/4
f 253/323/4 254/324/4 255/325/4 256/326/4
f 257/327/4 258/328/4 227/329/4 226/330/4
f 242/304/3 119/136/3 122/139/3 245/331/3
f 175/204/6 241/301/6 246/332/6 176/205/6
f 231/287/6 236/294/6 255/333/6 254/334/6
f 240/300/5 174/203/5 177/206/5 247/335/5
f 237/296/5 232/288/5 253/336/5 256/337/5
f 232/288/3 231/287/3 254/334/3 253/336/3
f 221/269/5 242/304/5 245/331/5 222/270/5
f 236/294/1 237/296/1 256/337/1 255/333/1
f 207/251/3 233/290/3 248/338/3 208/252/3
f 243/305/6 239/299/6 249/339/6 252/340/6
f 234/291/6 224/279/6 227/282/6 258/341/6
f 239/299/1 238/298/1 250/342/1 249/339/1
f 235/292/3 234/291/3 258/341/3 257/343/3
f 238/298/5 244/306/5 251/344/5 250/342/5
f 225/280/5 235/292/5 257/343/5 226/281/5
f 241/301/1 240/300/1 247/335/1 246/332/1
f 233/290/6 114/129/6 117/132/6 248/338/6
f 244/306/3 243/305/3 252/340/3 251/344/3
f 48/51/1 133/345/1 259/346/1 49/52/1
f 143/163/4 134/347/4 133/345/4 48/51/4
f 230/286/4 57/60/4 56/59/4 128/148/4
f 260/348/3 261/349/3 215/260/3 80/89/3
f 81/90/4 214/259/4 262/350/4 263/351/4
f 60/63/4 264/352/4 181/214/4 61/64/4
f 80/89/4 215/260/4 214/259/4 81/90/4
f 261/349/4 260/348/4 134/347/4 143/163/4
f 49/52/4 259/346/4 57/60/4 230/286/4
f 216/353/5 28/87/5 81/90/5 263/351/5
f 172/354/6 173/257/6 215/260/6 261/349/6
f 26/271/5 62/65/5 134/154/5 260/355/5
f 228/356/5 54/57/5 57/60/5 259/346/5
f 131/357/6 109/358/6 181/214/6 264/352/6
f 65/73/5 228/356/5 259/346/5 133/345/5
f 27/88/5 26/31/5 260/348/5 80/89/5
f 132/359/6 131/357/6 264/352/6 262/350/6
f 142/162/6 172/354/6 261/349/6 143/163/6
f 127/147/6 229/285/6 230/286/6 128/148/6
f 213/258/6 132/359/6 262/350/6 214/259/6
f 37/39/5 216/353/5 263/351/5 60/63/5
f 113/128/3 163/192/3 129/149/3 265/360/3
f 265/360/3 129/149/3 128/148/3 56/59/3
f 201/238/3 266/361/3 267/362/3 268/363/3
f 192/229/3 112/127/3 206/250/3 269/364/3
f 163/192/2 113/128/2 112/127/2 192/229/2
f 205/249/4 200/237/4 269/364/4 206/250/4
f 202/365/6 19/228/6 192/229/6 269/364/6
f 157/185/5 156/184/5 267/362/5 266/361/5
f 199/236/6 202/365/6 269/364/6 200/237/6
f 156/184/2 187/220/2 268/363/2 267/362/2
f 72/77/5 71/76/5 113/128/5 265/360/5
f 55/58/5 72/77/5 265/360/5 56/59/5
f 70/75/5 154/182/5 206/250/5 112/127/5
f 270/366/1 271/367/1 272/368/1 273/369/1 274/370/1
f 275/371/2 146/372/2 145/373/2 144/168/2 276/374/2
f 40/42/1 39/41/1 144/168/1 145/373/1
f 169/198/2 168/197/2 77/375/2 118/277/2
f 277/376/2 278/377/2 107/180/2 99/114/2
f 278/377/2 279/378/2 108/379/2 107/180/2
f 280/380/2 277/376/2 99/114/2 88/102/2
f 279/378/2 280/380/2 88/102/2 108/379/2
f 168/197/2 218/264/2 123/381/2 77/375/2
f 217/263/2 169/198/2 118/277/2 58/61/2
f 218/264/2 217/263/2 58/61/2 123/381/2
f 281/382/2 282/383/2 59/62/2 100/384/2
f 283/385/2 284/386/2 91/105/2 79/135/2
f 209/253/2 283/385/2 79/135/2 108/379/2
f 158/186/2 281/382/2 100/384/2 123/381/2
f 284/386/2 210/254/2 88/102/2 91/105/2
f 282/383/2 159/187/2 58/61/2 59/62/2
f 210/254/2 209/253/2 108/379/2 88/102/2
f 159/187/2 158/186/2 123/381/2 58/61/2
f 212/387/2 211/388/2 285/389/2 286/390/2
f 161/391/2 160/392/2 287/393/2 288/394/2
f 289/395/2 290/396/2 291/397/2 292/398/2
f 171/399/2 170/400/2 220/401/2 219/402/2
f 278/377/3 277/376/3 290/403/3 289/404/3
f 282/383/1 281/382/1 288/405/1 287/406/1
f 279/378/6 278/377/6 289/404/6 292/407/6
f 284/386/1 283/385/1 286/408/1 285/409/1
f 277/376/5 280/380/5 291/410/5 290/403/5
f 283/385/6 209/253/6 212/256/6 286/408/6
f 280/380/1 279/378/1 292/407/1 291/410/1
f 281/382/6 158/186/6 161/189/6 288/405/6
f 218/264/6 168/197/6 171/200/6 219/265/6
f 210/254/5 284/386/5 285/409/5 211/255/5
f 169/198/5 217/263/5 220/266/5 170/199/5
f 159/187/5 282/383/5 287/406/5 160/188/5
f 293/411/3 294/412/3 69/72/3 127/303/3
f 295/413/3 296/414/3 126/415/3 66/69/3
f 296/414/3 293/411/3 127/303/3 126/415/3
f 294/412/3 295/413/3 66/69/3 69/72/3
f 165/194/3 164/193/3 18/18/3 17/17/3
f 297/416/3 203/245/3 66/69/3 126/415/3
f 203/245/3 165/194/3 17/17/3 66/69/3
f 164/193/3 297/416/3 126/415/3 18/18/3
f 298/417/3 299/418/3 300/419/3 301/420/3
f 167/421/3 166/422/3 204/423/3 302/424/3
f 293/411/6 296/414/6 298/425/6 301/426/6
f 297/416/6 164/193/6 167/196/6 302/427/6
f 294/412/2 293/411/2 301/426/2 300/428/2
f 203/245/2 297/416/2 302/427/2 204/246/2
f 295/413/5 294/412/5 300/428/5 299/429/5
f 296/414/4 295/413/4 299/429/4 298/425/4
f 153/181/5 157/185/5 266/361/5 205/249/5
f 200/237/3 205/249/3 266/361/3 201/238/3
f 187/220/6 198/235/6 201/238/6 268/363/6
f 303/430/2 304/431/2 305/432/2 306/433/2
f 137/157/1 136/156/1 93/107/1 92/106/1
f 189/224/3 188/223/3 136/156/3 199/247/3
f 188/223/3 307/434/3 93/107/3 136/156/3
f 308/435/3 189/224/3 199/247/3 198/436/3
f 307/434/3 308/435/3 198/436/3 93/107/3
f 309/437/3 310/438/3 187/222/3 94/108/3
f 303/430/3 309/437/3 94/108/3 93/107/3
f 310/438/3 304/431/3 198/436/3 187/222/3
f 304/431/3 303/430/3 93/107/3 198/436/3
f 306/439/3 305/440/3 311/441/3 312/442/3
f 191/443/3 190/444/3 313/445/3 314/446/3
f 309/437/5 303/430/5 306/433/5 312/447/5
f 308/435/4 307/434/4 314/448/4 313/449/4
f 307/434/5 188/223/5 191/226/5 314/448/5
f 304/431/6 310/438/6 311/450/6 305/432/6
f 310/438/4 309/437/4 312/447/4 311/450/4
f 189/224/6 308/435/6 313/449/6 190/225/6
f 150/176/1 149/175/1 100/384/1 59/62/1
f 315/451/1 316/452/1 105/120/1 101/453/1
f 149/175/1 315/451/1 101/453/1 100/384/1
f 316/452/1 150/176/1 59/62/1 105/120/1
f 152/454/1 151/455/1 317/456/1 318/457/1
f 150/176/5 316/452/5 317/458/5 151/177/5
f 316/452/4 315/451/4 318/459/4 317/458/4
f 315/451/6 149/175/6 152/178/6 318/459/6
f 319/460/2 320/461/2 321/462/2 322/463/2
f 323/464/6 324/465/6 325/466/6 326/467/6
f 327/468/5 50/53/5 53/56/5 42/45/5
f 328/469/5 118/470/5 50/471/5 327/472/5
f 329/473/6 330/474/6 331/475/6 332/476/6
f 39/477/5 41/478/5 130/479/5 85/480/5
f 333/481/7 334/482/7 330/483/7 335/484/7
f 336/485/7 337/486/7 338/487/7 339/488/7
f 340/489/6 341/490/6 342/491/6 343/492/6
f 344/493/1 345/494/1 346/495/1 347/496/1
f 332/476/6 331/475/6 338/487/6 337/486/6
f 148/497/5 69/498/5 348/499/5 349/500/5
f 350/501/7 323/464/7 326/467/7 351/502/7
f 85/480/5 130/479/5 352/503/5 353/504/5
f 147/172/5 58/61/5 59/62/5 124/173/5
f 354/505/1 355/506/1 356/507/1 357/508/1
f 124/509/5 59/510/5 20/511/5 17/512/5 66/513/5 69/498/5 358/514/5
f 326/515/6 325/516/6 359/517/6 356/507/6 355/506/6 360/518/6 361/519/6
f 362/520/3 118/470/3 91/521/3 363/522/3
f 42/523/5 53/524/5 364/525/5 365/526/5
f 358/527/5 69/72/5 148/174/5
f 359/517/6 325/516/6 366/528/6 367/529/6
f 319/460/1 360/518/1 355/506/1 354/505/1
f 334/530/6 368/531/6 369/532/6
f 370/533/7 371/534/7 372/535/7 373/536/7
f 374/537/1 375/538/1 376/539/1 377/540/1
f 328/469/5 41/478/5 99/541/5 88/542/5
f 335/543/1 330/474/1 378/544/1 379/545/1
f 59/510/1 380/546/1 381/547/1 105/548/1
f 329/473/6 382/549/6 372/535/6 371/534/6
f 351/502/1 326/467/1 194/550/1 193/551/1
f 41/478/1 383/552/1 384/553/1 99/541/1
f 186/219/2 155/183/2 385/554/2
f 88/542/2 386/555/2 363/522/2 91/521/2
f 17/512/5 20/511/5 387/556/5 388/557/5
f 389/558/1 390/559/1 391/560/1 392/561/1
f 393/562/3 362/563/3 363/564/3 373/536/3
f 394/565/6 395/566/6 396/567/6 397/568/6
f 58/569/2 398/570/2 380/546/2 59/510/2
f 399/571/1 341/572/1 340/573/1 400/574/1
f 401/575/6 402/576/6 403/577/6 404/578/6
f 147/579/5 124/509/5 405/580/5 406/581/5
f 39/477/2 407/582/2 383/552/2 41/478/2
f 408/583/7 409/584/7 410/585/7 411/586/7
f 407/582/3 39/477/3 144/587/3 412/588/3
f 341/490/6 413/589/6 414/590/6 342/491/6
f 330/474/6 334/530/6 369/532/6 331/475/6
f 415/591/7 331/592/7 369/593/7
f 416/594/2 417/595/2 418/596/2 419/597/2 420/598/2
f 368/531/6 334/530/6 421/599/6 422/600/6
f 423/601/4 424/602/4 425/603/4 426/604/4
f 360/518/7 319/460/7 322/463/7 361/519/7
f 331/475/1 415/605/1 339/488/1 338/487/1
f 325/516/1 399/571/1 400/574/1 366/528/1
f 324/465/7 427/606/7 399/607/7 325/466/7
f 382/549/1 393/562/1 373/536/1 372/535/1
f 367/529/7 428/608/7 357/508/7 356/507/7
f 429/609/2 430/610/2 431/611/2 432/612/2
f 383/613/1 335/543/1 379/545/1 384/614/1
f 136/615/5 139/616/5 59/510/5 105/548/5 184/617/5 94/618/5 93/619/5
f 433/620/3 434/621/3 435/622/3 436/623/3
f 320/624/6 401/575/6 404/578/6 437/625/6
f 438/626/4 439/627/4 440/628/4 441/629/4
f 442/630/3 443/631/3 444/632/3 445/633/3
f 446/634/3 344/493/3 347/496/3 447/635/3
f 448/636/3 449/637/3 450/638/3 451/639/3
f 407/640/2 333/481/2 335/484/2 383/641/2
f 452/642/4 453/643/4 454/644/4 455/645/4
f 456/646/7 377/540/7 376/539/7
f 184/617/2 457/647/2 458/648/2 94/618/2
f 457/649/2 456/646/2 376/539/2 458/650/2
f 459/651/2 460/652/2 461/653/2 462/654/2
f 326/515/6 410/585/6 409/584/6 374/537/6 377/540/6 456/646/6 194/231/6
f 321/655/6 320/624/6 437/625/6 463/656/6
f 194/231/6 456/646/6 195/232/6
f 464/657/6 465/658/6 466/659/6 467/660/6
f 322/661/3 321/662/3 468/663/3 411/664/3
f 361/665/1 322/661/1 411/664/1 410/666/1
f 439/627/5 469/667/5 470/668/5 440/628/5
f 465/669/4 408/583/4 411/586/4 468/670/4
f 139/616/5 136/615/5 471/671/5 472/672/5
f 326/515/6 361/519/6 410/585/6
f 20/511/5 59/510/5 139/616/5
f 390/559/5 473/673/5 474/674/5 391/560/5
f 475/675/3 476/676/3 477/677/3 478/678/3
f 447/679/6 479/680/6 480/681/6 481/682/6
f 99/541/2 384/553/2 386/555/2 88/542/2
f 330/474/6 329/473/6 371/534/6 378/544/6
f 118/470/5 328/469/5 88/542/5 91/521/5
f 379/545/7 378/544/7 371/534/7 370/533/7
f 345/494/6 332/476/6 337/486/6 346/495/6
f 347/496/7 346/495/7 337/486/7 336/485/7
f 382/549/6 329/473/6 332/476/6 345/494/6
f 41/478/5 328/469/5 327/472/5 130/479/5
f 130/150/5 327/468/5 42/45/5 45/48/5
f 482/683/1 483/684/1 484/685/1 485/686/1
f 345/687/7 344/688/7 427/606/7 324/465/7
f 118/470/2 362/520/2 398/570/2 58/569/2
f 395/566/1 486/689/1 487/690/1 396/567/1
f 50/268/5 118/277/5 58/61/5 147/172/5
f 393/691/7 382/692/7 323/464/7 350/501/7
f 382/692/6 345/687/6 324/465/6 323/464/6
f 366/528/7 400/574/7 428/608/7 367/529/7
f 488/693/1 489/694/1 490/695/1 491/696/1
f 356/507/6 359/517/6 367/529/6
f 124/142/5 358/527/5 148/174/5 125/145/5
f 492/697/6 340/489/6 343/492/6 493/698/6
f 494/699/4 495/700/4 344/688/4 446/701/4
f 496/702/4 497/703/4 400/574/4 340/573/4
f 389/558/4 498/704/4 499/705/4 479/706/4
f 473/673/4 390/559/4 336/485/4 339/488/4
f 390/559/4 389/558/4 479/706/4 336/485/4
f 500/707/4 494/699/4 446/701/4 413/708/4
f 495/700/4 501/709/4 427/606/4 344/688/4
f 501/709/4 500/707/4 413/708/4 427/606/4
f 488/693/4 496/702/4 340/573/4 492/710/4
f 497/703/4 489/694/4 428/608/4 400/574/4
f 489/694/4 488/693/4 492/710/4 428/608/4
f 502/711/4 503/712/4 447/635/4 347/496/4
f 504/713/4 505/714/4 341/715/4 399/607/4
f 486/689/4 395/566/4 402/716/4 357/508/4
f 395/566/4 394/565/4 492/710/4 402/716/4
f 505/714/4 449/637/4 413/708/4 341/715/4
f 448/636/4 504/713/4 399/607/4 427/606/4
f 506/717/4 486/689/4 357/508/4 428/608/4
f 503/712/4 507/718/4 479/706/4 447/635/4
f 508/719/4 502/711/4 347/496/4 336/485/4
f 507/718/4 508/719/4 336/485/4 479/706/4
f 449/637/4 448/636/4 427/606/4 413/708/4
f 394/565/4 506/717/4 428/608/4 492/710/4
f 509/720/4 397/721/4 396/722/4 487/723/4
f 451/724/4 450/725/4 510/726/4 511/727/4
f 392/728/4 391/729/4 474/730/4 512/731/4
f 513/732/4 514/733/4 515/734/4 516/735/4
f 517/736/4 518/737/4 519/738/4 520/739/4
f 521/740/4 522/741/4 491/742/4 490/743/4
f 506/717/3 394/565/3 397/568/3 509/744/3
f 449/637/6 505/714/6 510/745/6 450/638/6
f 494/699/6 500/707/6 519/746/6 518/747/6
f 504/713/5 448/636/5 451/639/5 511/748/5
f 501/709/5 495/700/5 517/749/5 520/750/5
f 495/700/3 494/699/3 518/747/3 517/749/3
f 486/689/5 506/717/5 509/744/5 487/690/5
f 500/707/1 501/709/1 520/750/1 519/746/1
f 473/673/3 498/704/3 512/751/3 474/674/3
f 507/718/6 503/712/6 513/752/6 516/753/6
f 496/702/6 488/693/6 491/696/6 522/754/6
f 503/712/1 502/711/1 514/755/1 513/752/1
f 497/703/3 496/702/3 522/754/3 521/756/3
f 502/711/5 508/719/5 515/757/5 514/755/5
f 489/694/5 497/703/5 521/756/5 490/695/5
f 505/714/1 504/713/1 511/748/1 510/745/1
f 498/704/6 389/558/6 392/561/6 512/751/6
f 508/719/3 507/718/3 516/753/3 515/757/3
f 342/491/1 405/580/1 523/758/1 343/492/1
f 414/590/4 406/581/4 405/580/4 342/491/4
f 493/698/4 349/500/4 348/499/4 403/577/4
f 524/759/3 525/760/3 481/682/3 364/525/3
f 365/526/4 480/681/4 526/761/4 352/503/4
f 352/503/4 526/761/4 527/762/4 353/504/4
f 364/525/4 481/682/4 480/681/4 365/526/4
f 525/760/4 524/759/4 406/581/4 414/590/4
f 343/492/4 523/758/4 349/500/4 493/698/4
f 45/763/5 42/523/5 365/526/5 352/503/5
f 446/764/6 447/679/6 481/682/6 525/760/6
f 50/471/5 147/579/5 406/581/5 524/759/5
f 125/765/5 148/497/5 349/500/5 523/758/5
f 423/766/6 426/767/6 527/762/6 526/761/6
f 124/509/5 125/765/5 523/758/5 405/580/5
f 53/524/5 50/471/5 524/759/5 364/525/5
f 499/768/6 423/766/6 526/761/6
f 413/589/6 446/764/6 525/760/6 414/590/6
f 402/576/6 492/697/6 493/698/6 403/577/6
f 479/680/6 499/768/6 526/761/6 480/681/6
f 130/479/5 45/763/5 352/503/5
f 388/557/3 437/625/3 404/578/3 528/769/3
f 528/769/3 404/578/3 403/577/3 348/499/3
f 467/660/3 529/770/3 530/771/3 531/772/3
f 463/656/3 387/556/3 472/672/3 532/773/3
f 437/625/2 388/557/2 387/556/2 463/656/2
f 471/671/4 466/659/4 532/773/4 472/672/4
f 468/774/6 321/655/6 463/656/6 532/773/6
f 93/619/5 94/618/5 530/771/5 529/770/5
f 465/658/6 468/774/6 532/773/6 466/659/6
f 94/618/2 458/648/2 531/772/2 530/771/2
f 66/513/5 17/512/5 388/557/5 528/769/5
f 69/498/5 66/513/5 528/769/5 348/499/5
f 20/511/5 139/616/5 472/672/5 387/556/5
f 533/775/2 534/776/2 412/588/2 144/587/2
f 419/597/7 422/777/7 421/778/7 420/598/7
f 333/481/3 407/640/3 412/779/3 535/780/3 416/594/3 420/598/3
f 39/781/5 536/782/5 533/783/5 144/784/5
f 334/482/1 333/481/1 420/598/1 421/778/1
f 443/631/2 442/630/2 362/785/2 393/691/2
f 537/786/2 538/787/2 384/614/2 379/545/2
f 538/787/2 539/788/2 386/789/2 384/614/2
f 540/790/2 537/786/2 379/545/2 370/533/2
f 539/788/2 540/790/2 370/533/2 386/789/2
f 442/630/2 483/684/2 398/791/2 362/785/2
f 482/683/2 443/631/2 393/691/2 350/501/2
f 483/684/2 482/683/2 350/501/2 398/791/2
f 541/792/2 542/793/2 351/502/2 380/794/2
f 543/795/2 544/796/2 373/536/2 363/564/2
f 475/675/2 543/795/2 363/564/2 386/789/2
f 433/620/2 541/792/2 380/794/2 398/791/2
f 544/796/2 476/676/2 370/533/2 373/536/2
f 542/793/2 434/621/2 350/501/2 351/502/2
f 476/676/2 475/675/2 386/789/2 370/533/2
f 434/621/2 433/620/2 398/791/2 350/501/2
f 478/797/2 477/798/2 545/799/2 546/800/2
f 436/801/2 435/802/2 547/803/2 548/804/2
f 549/805/2 550/806/2 551/807/2 552/808/2
f 445/809/2 444/810/2 485/811/2 484/812/2
f 538/787/3 537/786/3 550/813/3 549/814/3
f 542/793/1 541/792/1 548/815/1 547/816/1
f 539/788/6 538/787/6 549/814/6 552/817/6
f 544/796/1 543/795/1 546/818/1 545/819/1
f 537/786/5 540/790/5 551/820/5 550/813/5
f 543/795/6 475/675/6 478/678/6 546/818/6
f 540/790/1 539/788/1 552/817/1 551/820/1
f 541/792/6 433/620/6 436/623/6 548/815/6
f 483/684/6 442/630/6 445/633/6 484/685/6
f 476/676/5 544/796/5 545/819/5 477/677/5
f 443/631/5 482/683/5 485/686/5 444/632/5
f 434/621/5 542/793/5 547/816/5 435/622/5
f 553/821/3 554/822/3 357/508/3 402/716/3
f 555/823/3 556/824/3 401/825/3 354/505/3
f 556/824/3 553/821/3 402/716/3 401/825/3
f 554/822/3 555/823/3 354/505/3 357/508/3
f 439/627/3 438/626/3 320/461/3 319/460/3
f 557/826/3 469/667/3 354/505/3 401/825/3
f 469/667/3 439/627/3 319/460/3 354/505/3
f 438/626/3 557/826/3 401/825/3 320/461/3
f 558/827/3 559/828/3 560/829/3 561/830/3
f 441/831/3 440/832/3 470/833/3 562/834/3
f 553/821/6 556/824/6 558/835/6 561/836/6
f 557/826/6 438/626/6 441/629/6 562/837/6
f 554/822/2 553/821/2 561/836/2 560/838/2
f 469/667/2 557/826/2 562/837/2 470/668/2
f 555/823/5 554/822/5 560/838/5 559/839/5
f 556/824/4 555/823/4 559/839/4 558/835/4
f 136/615/5 93/619/5 529/770/5 471/671/5
f 466/659/3 471/671/3 529/770/3 467/660/3
f 458/648/6 464/657/6 467/660/6 531/772/6
f 563/840/2 564/841/2 565/842/2 566/843/2
f 409/584/1 408/583/1 375/538/1 374/537/1
f 460/652/3 459/651/3 408/583/3 465/669/3
f 459/651/3 567/844/3 375/538/3 408/583/3
f 568/845/3 460/652/3 465/669/3 464/846/3
f 567/844/3 568/845/3 464/846/3 375/538/3
f 569/847/3 570/848/3 458/650/3 376/539/3
f 563/840/3 569/847/3 376/539/3 375/538/3
f 570/848/3 564/841/3 464/846/3 458/650/3
f 564/841/3 563/840/3 375/538/3 464/846/3
f 566/849/3 565/850/3 571/851/3 572/852/3
f 462/853/3 461/854/3 573/855/3 574/856/3
f 569/847/5 563/840/5 566/843/5 572/857/5
f 568/845/4 567/844/4 574/858/4 573/859/4
f 567/844/5 459/651/5 462/654/5 574/858/5
f 564/841/6 570/848/6 571/860/6 565/842/6
f 570/848/4 569/847/4 572/857/4 571/860/4
f 460/652/6 568/845/6 573/859/6 461/653/6
f 430/610/1 429/609/1 380/794/1 351/502/1
f 575/861/1 576/862/1 193/551/1 381/863/1
f 429/609/1 575/861/1 381/863/1 380/794/1
f 576/862/1 430/610/1 351/502/1 193/551/1
f 432/864/1 431/865/1 577/866/1 578/867/1
f 430/610/5 576/862/5 577/868/5 431/611/5
f 576/862/4 575/861/4 578/869/4 577/868/4
f 575/861/6 429/609/6 432/612/6 578/869/6
f 579/870/2 580/871/2 581/872/2 582/873/2
f 583/874/6 584/875/6 585/876/6 586/877/6
f 587/878/5 344/493/5 347/496/5 336/485/5
f 588/879/5 393/880/5 344/881/5 587/882/5
f 589/883/3 590/884/3 591/885/3 592/886/3
f 333/887/5 335/888/5 415/889/5 369/890/5
f 593/891/6 594/892/6 595/893/6 596/894/6
f 582/895/2 586/896/2 597/897/2 598/898/2
f 428/899/5 357/900/5 599/901/5 600/902/5
f 369/890/5 415/889/5 601/903/5 602/904/5
f 427/606/5 350/501/5 351/502/5 399/607/5
f 399/905/5 351/906/5 322/907/5 319/908/5 354/909/5 357/900/5 603/910/5
f 579/911/2 582/895/2 598/898/2 604/912/2
f 605/913/3 393/880/3 373/914/3 606/915/3
f 336/916/5 347/917/5 607/918/5 608/919/5
f 603/920/5 357/508/5 428/608/5
f 609/921/1 610/922/1 611/923/1 612/924/1
f 613/925/4 614/926/4 615/927/4
f 616/928/3 617/929/3 618/930/3 619/931/3
f 588/879/5 335/888/5 379/932/5 370/933/5
f 351/906/1 620/934/1 621/935/1 193/936/1
f 622/937/3 579/911/3 604/912/3 623/938/3
f 586/877/3 624/939/3 625/940/3
f 335/888/1 626/941/1 627/942/1 379/932/1
f 457/647/1 184/617/1 185/943/1
f 370/933/2 628/944/2 606/915/2 373/914/2
f 319/908/5 322/907/5 629/945/5 630/946/5
f 631/947/1 632/948/1 633/949/1 634/950/1
f 635/951/3 605/952/3 606/953/3 636/954/3
f 637/955/6 638/956/6 639/957/6 640/958/6
f 350/959/2 641/960/2 620/934/2 351/906/2
f 585/961/1 594/962/1 593/963/1 642/964/1
f 643/965/6 644/966/6 645/967/6 646/968/6
f 647/969/1 648/970/1 649/971/1 650/972/1
f 427/973/5 399/905/5 651/974/5 652/975/5
f 333/887/2 653/976/2 626/941/2 335/888/2
f 586/877/6 582/977/6 654/978/6 624/939/6
f 653/976/3 333/887/3 420/979/3 655/980/3
f 594/892/6 656/981/6 657/982/6 595/893/6
f 614/983/8 647/984/8 658/985/8 659/986/8
f 647/987/4 614/926/4 613/925/4
f 660/988/3 653/989/3 655/990/3 661/991/3
f 610/992/8 660/993/8 661/994/8 617/995/8
f 648/996/4 647/987/4 613/925/4 662/997/4 663/998/4
f 664/999/2 665/1000/2 666/1001/2 667/1002/2
f 626/1003/1 610/1004/1 609/1005/1 627/1006/1
f 408/1007/5 411/1008/5 351/906/5 193/936/5 456/1009/5 376/1010/5 375/1011/5
f 668/1012/3 669/1013/3 670/1014/3 671/1015/3
f 580/1016/6 643/965/6 646/968/6 672/1017/6
f 673/1018/4 674/1019/4 675/1020/4 676/1021/4
f 677/1022/3 678/1023/3 679/1024/3 680/1025/3
f 681/1026/3 590/1027/3 589/1028/3 682/1029/3
f 683/1030/3 684/1031/3 685/1032/3 686/1033/3
f 653/989/2 660/988/2 610/1034/2 626/1035/2
f 687/1036/4 688/1037/4 689/1038/4 690/1039/4
f 456/1009/2 691/1040/2 692/1041/2 376/1010/2
f 691/1042/2 693/1043/2 694/1044/2 692/1045/2
f 695/1046/2 696/1047/2 697/1048/2 698/1049/2
f 581/1050/6 580/1016/6 672/1017/6 699/1051/6
f 621/1052/4 625/1053/4 700/1054/4 701/1055/4
f 702/1056/6 703/1057/6 704/1058/6 705/1059/6
f 582/977/3 581/1060/3 706/1061/3 654/978/3
f 674/1019/5 707/1062/5 708/1063/5 675/1020/5
f 703/1064/4 709/1065/4 654/1066/4 706/1067/4
f 411/1008/5 408/1007/5 710/1068/5 711/1069/5
f 322/907/5 351/906/5 411/1008/5
f 632/948/5 712/1070/5 713/1071/5 633/949/5
f 714/1072/3 715/1073/3 716/1074/3 717/1075/3
f 682/1076/6 718/1077/6 719/1078/6 720/1079/6
f 379/932/2 627/942/2 628/944/2 370/933/2
f 647/1080/1 650/1081/1 721/1082/1 722/1083/1
f 393/880/5 588/879/5 370/933/5 373/914/5
f 636/1084/2 723/1085/2 724/1086/2 725/1087/2
f 105/548/4 381/547/4 726/1088/4 727/1089/4
f 335/888/5 588/879/5 587/882/5 415/889/5
f 415/605/5 587/878/5 336/485/5 339/488/5
f 728/1090/1 729/1091/1 730/1092/1 731/1093/1
f 393/880/2 605/913/2 641/960/2 350/959/2
f 638/956/1 732/1094/1 733/1095/1 639/957/1
f 344/688/5 393/691/5 350/501/5 427/606/5
f 635/1096/6 590/1097/6 584/875/6 583/874/6
f 734/1098/1 735/1099/1 736/1100/1 737/1101/1
f 738/1102/3 739/1103/3 740/1104/3 741/1105/3
f 399/571/5 603/920/5 428/608/5 400/574/5
f 742/1106/6 593/891/6 596/894/6 743/1107/6
f 744/1108/4 745/1109/4 590/1097/4 681/1110/4
f 746/1111/4 712/1070/4 650/972/4 649/971/4
f 747/1112/4 748/1113/4 642/964/4 593/963/4
f 631/947/4 746/1111/4 649/971/4 718/1114/4
f 712/1070/4 632/948/4 749/1115/4 650/972/4
f 632/948/4 631/947/4 718/1114/4 749/1115/4
f 750/1116/4 744/1108/4 681/1110/4 656/1117/4
f 745/1109/4 751/1118/4 584/875/4 590/1097/4
f 751/1118/4 750/1116/4 656/1117/4 584/875/4
f 734/1098/4 747/1112/4 593/963/4 742/1119/4
f 748/1113/4 735/1099/4 752/1120/4 642/964/4
f 735/1099/4 734/1098/4 742/1119/4 752/1120/4
f 753/1121/4 754/1122/4 682/1029/4 589/1028/4
f 755/1123/4 756/1124/4 594/1125/4 585/876/4
f 732/1094/4 638/956/4 644/1126/4 757/1127/4
f 638/956/4 637/955/4 742/1119/4 644/1126/4
f 756/1124/4 684/1031/4 656/1117/4 594/1125/4
f 683/1030/4 755/1123/4 585/876/4 584/875/4
f 758/1128/4 732/1094/4 757/1127/4 752/1120/4
f 754/1122/4 759/1129/4 718/1114/4 682/1029/4
f 760/1130/4 753/1121/4 589/1028/4 749/1115/4
f 759/1129/4 760/1130/4 749/1115/4 718/1114/4
f 684/1031/4 683/1030/4 584/875/4 656/1117/4
f 637/955/4 758/1128/4 752/1120/4 742/1119/4
f 761/1131/4 640/1132/4 639/1133/4 733/1134/4
f 686/1135/4 685/1136/4 762/1137/4 763/1138/4
f 634/1139/4 633/1140/4 713/1141/4 764/1142/4
f 765/1143/4 766/1144/4 767/1145/4 768/1146/4
f 769/1147/4 770/1148/4 771/1149/4 772/1150/4
f 773/1151/4 774/1152/4 737/1153/4 736/1154/4
f 758/1128/3 637/955/3 640/958/3 761/1155/3
f 684/1031/6 756/1124/6 762/1156/6 685/1032/6
f 744/1108/6 750/1116/6 771/1157/6 770/1158/6
f 755/1123/5 683/1030/5 686/1033/5 763/1159/5
f 751/1118/5 745/1109/5 769/1160/5 772/1161/5
f 745/1109/3 744/1108/3 770/1158/3 769/1160/3
f 732/1094/5 758/1128/5 761/1155/5 733/1095/5
f 750/1116/1 751/1118/1 772/1161/1 771/1157/1
f 712/1070/3 746/1111/3 764/1162/3 713/1071/3
f 759/1129/6 754/1122/6 765/1163/6 768/1164/6
f 747/1112/6 734/1098/6 737/1101/6 774/1165/6
f 754/1122/1 753/1121/1 766/1166/1 765/1163/1
f 748/1113/3 747/1112/3 774/1165/3 773/1167/3
f 753/1121/5 760/1130/5 767/1168/5 766/1166/5
f 735/1099/5 748/1113/5 773/1167/5 736/1100/5
f 756/1124/1 755/1123/1 763/1159/1 762/1156/1
f 746/1111/6 631/947/6 634/950/6 764/1162/6
f 760/1130/3 759/1129/3 768/1164/3 767/1168/3
f 775/1169/1 601/903/1 776/1170/1 777/1171/1
f 595/893/1 651/974/1 778/1172/1 596/894/1
f 657/982/4 652/975/4 651/974/4 595/893/4
f 743/1107/4 600/902/4 599/901/4 645/967/4
f 779/1173/3 780/1174/3 720/1079/3 607/918/3
f 608/919/4 719/1078/4 777/1171/4 776/1170/4
f 601/903/4 775/1169/4 781/1175/4 782/1176/4 602/904/4
f 607/918/4 720/1079/4 719/1078/4 608/919/4
f 780/1174/4 779/1173/4 652/975/4 657/982/4
f 596/894/4 778/1172/4 600/902/4 743/1107/4
f 339/1177/5 336/916/5 608/919/5 776/1170/5
f 681/1178/6 682/1076/6 720/1079/6 780/1174/6
f 344/881/5 427/973/5 652/975/5 779/1173/5
f 400/1179/5 428/899/5 600/902/5 778/1172/5
f 648/1180/6 663/1181/6 781/1175/6 775/1169/6
f 399/905/5 400/1179/5 778/1172/5 651/974/5
f 347/917/5 344/881/5 779/1173/5 607/918/5
f 649/1182/6 648/1180/6 775/1169/6 777/1171/6
f 656/981/6 681/1178/6 780/1174/6 657/982/6
f 644/966/6 742/1106/6 743/1107/6 645/967/6
f 718/1077/6 649/1182/6 777/1171/6 719/1078/6
f 415/889/5 339/1177/5 776/1170/5 601/903/5
f 630/946/3 672/1017/3 646/968/3 783/1183/3
f 783/1183/3 646/968/3 645/967/3 599/901/3
f 705/1059/3 784/1184/3 785/1185/3 786/1186/3
f 699/1051/3 629/945/3 711/1069/3 787/1187/3
f 672/1017/2 630/946/2 629/945/2 699/1051/2
f 710/1068/4 704/1058/4 787/1187/4 711/1069/4
f 706/1188/6 581/1050/6 699/1051/6 787/1187/6
f 375/1011/5 376/1010/5 785/1185/5 784/1184/5
f 703/1057/6 706/1188/6 787/1187/6 704/1058/6
f 376/1010/2 692/1041/2 786/1186/2 785/1185/2
f 354/909/5 319/908/5 630/946/5 783/1183/5
f 357/900/5 354/909/5 783/1183/5 599/901/5
f 322/907/5 411/1008/5 711/1069/5 629/945/5
f 419/1189/2 788/1190/2 655/980/2 420/979/2
f 788/1191/2 789/1192/2 661/991/2 655/990/2
f 333/1193/5 790/1194/5 419/1195/5 420/1196/5
f 678/1023/2 677/1022/2 605/1197/2 635/1096/2
f 791/1198/2 792/1199/2 627/1006/2 609/1005/2
f 792/1199/2 793/1200/2 628/1201/2 627/1006/2
f 794/1202/2 791/1198/2 609/1005/2 723/1203/2
f 793/1200/2 794/1202/2 723/1203/2 628/1201/2
f 677/1022/2 729/1091/2 641/1204/2 605/1197/2
f 728/1090/2 678/1023/2 635/1096/2 583/874/2
f 729/1091/2 728/1090/2 583/874/2 641/1204/2
f 795/1205/2 796/1206/2 586/877/2 620/1207/2
f 797/1208/2 798/1209/2 636/954/2 606/953/2
f 714/1072/2 797/1208/2 606/953/2 628/1201/2
f 668/1012/2 795/1205/2 620/1207/2 641/1204/2
f 798/1209/2 715/1073/2 723/1203/2 636/954/2
f 796/1206/2 669/1013/2 583/874/2 586/877/2
f 715/1073/2 714/1072/2 628/1201/2 723/1203/2
f 669/1013/2 668/1012/2 641/1204/2 583/874/2
f 717/1210/2 716/1211/2 799/1212/2 800/1213/2
f 671/1214/2 670/1215/2 801/1216/2 802/1217/2
f 803/1218/2 804/1219/2 805/1220/2 806/1221/2
f 680/1222/2 679/1223/2 731/1224/2 730/1225/2
f 792/1199/3 791/1198/3 804/1226/3 803/1227/3
f 796/1206/1 795/1205/1 802/1228/1 801/1229/1
f 793/1200/6 792/1199/6 803/1227/6 806/1230/6
f 798/1209/1 797/1208/1 800/1231/1 799/1232/1
f 791/1198/5 794/1202/5 805/1233/5 804/1226/5
f 797/1208/6 714/1072/6 717/1075/6 800/1231/6
f 794/1202/1 793/1200/1 806/1230/1 805/1233/1
f 795/1205/6 668/1012/6 671/1015/6 802/1228/6
f 729/1091/6 677/1022/6 680/1025/6 730/1092/6
f 715/1073/5 798/1209/5 799/1232/5 716/1074/5
f 678/1023/5 728/1090/5 731/1093/5 679/1024/5
f 669/1013/5 796/1206/5 801/1229/5 670/1014/5
f 807/1234/3 808/1235/3 757/1127/3 644/1126/3
f 809/1236/3 810/1237/3 643/1238/3 622/1239/3
f 810/1237/3 807/1234/3 644/1126/3 643/1238/3
f 808/1235/3 809/1236/3 622/1239/3 757/1127/3
f 674/1019/3 673/1018/3 580/871/3 579/870/3
f 811/1240/3 707/1062/3 622/1239/3 643/1238/3
f 707/1062/3 674/1019/3 579/870/3 622/1239/3
f 673/1018/3 811/1240/3 643/1238/3 580/871/3
f 812/1241/3 813/1242/3 814/1243/3 815/1244/3
f 676/1245/3 675/1246/3 708/1247/3 816/1248/3
f 807/1234/6 810/1237/6 812/1249/6 815/1250/6
f 811/1240/6 673/1018/6 676/1021/6 816/1251/6
f 808/1235/2 807/1234/2 815/1250/2 814/1252/2
f 707/1062/2 811/1240/2 816/1251/2 708/1063/2
f 809/1236/5 808/1235/5 814/1252/5 813/1253/5
f 810/1237/4 809/1236/4 813/1253/4 812/1249/4
f 408/1007/5 375/1011/5 784/1184/5 710/1068/5
f 704/1058/3 710/1068/3 784/1184/3 705/1059/3
f 692/1041/6 702/1056/6 705/1059/6 786/1186/6
f 817/1254/2 818/1255/2 819/1256/2 820/1257/2
f 696/1047/3 695/1046/3 709/1065/3 703/1064/3
f 695/1046/3 821/1258/3 822/1259/3 709/1065/3
f 823/1260/3 696/1047/3 703/1064/3 702/1261/3
f 821/1258/3 823/1260/3 702/1261/3 822/1259/3
f 824/1262/3 825/1263/3 692/1045/3 694/1044/3
f 817/1254/3 824/1262/3 694/1044/3 822/1259/3
f 825/1263/3 818/1255/3 702/1261/3 692/1045/3
f 818/1255/3 817/1254/3 822/1259/3 702/1261/3
f 820/1264/3 819/1265/3 826/1266/3 827/1267/3
f 698/1268/3 697/1269/3 828/1270/3 829/1271/3
f 824/1262/5 817/1254/5 820/1257/5 827/1272/5
f 823/1260/4 821/1258/4 829/1273/4 828/1274/4
f 821/1258/5 695/1046/5 698/1049/5 829/1273/5
f 818/1255/6 825/1263/6 826/1275/6 819/1256/6
f 825/1263/4 824/1262/4 827/1272/4 826/1275/4
f 696/1047/6 823/1260/6 828/1274/6 697/1048/6
f 665/1000/1 664/999/1 620/1207/1 586/877/1
f 830/1276/1 831/1277/1 625/940/1 621/1278/1
f 664/999/1 830/1276/1 621/1278/1 620/1207/1
f 831/1277/1 665/1000/1 586/877/1 625/940/1
f 667/1279/1 666/1280/1 832/1281/1 833/1282/1
f 665/1000/5 831/1277/5 832/1283/5 666/1001/5
f 831/1277/4 830/1276/4 833/1284/4 832/1283/4
f 830/1276/6 664/999/6 667/1002/6 833/1284/6
f 752/1285/4 757/1286/4 834/1287/4 835/1288/4
f 624/1289/4 654/1290/4 836/1291/4 837/1292/4
f 838/1293/4 839/1294/4 840/1295/4 841/1296/4
f 842/1297/4 843/1298/4 844/1299/4 845/1300/4
f 739/1103/2 846/1301/2 847/1302/2 740/1104/2
f 848/1303/2 849/1304/2 850/1305/2 851/1306/2
f 843/1298/3 852/1307/3 853/1308/3 844/1299/3
f 846/1301/2 854/1309/2 855/1310/2 847/1302/2
f 852/1307/3 738/1102/3 741/1105/3 853/1308/3
f 856/1311/1 857/1312/1 858/1313/1 859/1314/1
f 860/1315/1 861/1316/1 862/1317/1 863/1318/1
f 625/1319/1 624/1289/1 837/1292/1 864/1320/1
f 642/1321/4 752/1285/4 835/1288/4 865/1322/4
f 585/1323/1 642/1321/1 865/1322/1 866/1324/1
f 749/1325/4 589/883/4 592/886/4 867/1326/4
f 694/1327/2 693/1328/2 868/1329/2 869/1330/2
f 757/1286/3 622/937/3 623/938/3 834/1287/3
f 654/1290/4 709/1331/4 870/1332/4 836/1291/4
f 650/1081/4 749/1325/4 867/1326/4 721/1082/4
f 723/1085/2 609/921/2 612/924/2 724/1086/2
f 586/896/1 585/1323/1 866/1324/1 597/897/1
f 709/1331/3 822/1333/3 871/1334/3 870/1332/3
f 610/922/1 647/1080/1 722/1083/1 611/923/1
f 635/1335/3 636/1084/3 725/1087/3 872/1336/3
f 822/1333/3 694/1327/3 869/1330/3 871/1334/3
f 590/884/3 635/1335/3 872/1336/3 591/885/3
f 860/1315/6 873/1337/6 591/885/6 872/1336/6
f 738/1102/6 852/1307/6 611/923/6 722/1083/6
f 846/1301/6 739/1103/6 721/1082/6 867/1326/6
f 739/1103/6 738/1102/6 722/1083/6 721/1082/6
f 873/1337/6 854/1309/6 592/886/6 591/885/6
f 874/1338/6 875/1339/6 597/897/6 866/1324/6
f 848/1303/6 874/1338/6 866/1324/6 865/1322/6
f 842/1297/6 861/1316/6 725/1087/6 724/1086/6
f 861/1316/6 860/1315/6 872/1336/6 725/1087/6
f 852/1307/6 843/1298/6 612/924/6 611/923/6
f 839/1294/6 838/1293/6 604/912/6 598/898/6
f 876/1340/6 857/1312/6 869/1330/6 868/1329/6
f 856/1311/6 877/1341/6 870/1332/6 871/1334/6
f 878/1342/6 879/1343/6 880/1344/6 864/1320/6
f 877/1341/6 881/1345/6 836/1291/6 870/1332/6
f 875/1339/6 839/1294/6 598/898/6 597/897/6
f 854/1309/6 846/1301/6 867/1326/6 592/886/6
f 843/1298/6 842/1297/6 724/1086/6 612/924/6
f 881/1345/6 882/1346/6 837/1292/6 836/1291/6
f 882/1346/6 878/1342/6 864/1320/6 837/1292/6
f 838/1293/6 883/1347/6 623/938/6 604/912/6
f 883/1347/6 884/1348/6 834/1287/6 623/938/6
f 884/1348/6 849/1304/6 835/1288/6 834/1287/6
f 857/1312/6 856/1311/6 871/1334/6 869/1330/6
f 849/1304/6 848/1303/6 865/1322/6 835/1288/6
f 885/1349/6 853/1350/6 741/1351/6 886/1352/6
f 886/1352/6 741/1351/6 740/1353/6 847/1354/6
f 887/1355/6 888/1356/6 850/1357/6 889/1358/6 890/1359/6 841/1360/6 840/1361/6
f 850/1357/6 888/1356/6 851/1362/6
f 885/1349/6 863/1363/6 862/1364/6 845/1365/6
f 853/1350/6 885/1349/6 845/1365/6 844/1366/6
f 891/1367/6 886/1352/6 847/1354/6 855/1368/6
f 863/1363/6 885/1349/6 886/1352/6 891/1367/6
f 892/1369/6 893/1370/6 894/1371/6 859/1372/6 895/1373/6
f 895/1373/6 859/1372/6 858/1374/6 896/1375/6 897/1376/6
f 882/1346/2 881/1345/2 893/1377/2 892/1378/2
f 857/1312/4 876/1340/4 896/1379/4 858/1313/4
f 854/1309/1 873/1337/1 891/1380/1 855/1310/1
f 878/1342/3 882/1346/3 892/1378/3 895/1381/3
f 877/1341/1 856/1311/1 859/1314/1 894/1382/1
f 875/1339/3 874/1338/3 888/1383/3 887/1384/3
f 883/1347/1 838/1293/1 841/1296/1 890/1385/1
f 876/1340/3 879/1343/3 897/1386/3 896/1379/3
f 874/1338/3 848/1303/3 851/1306/3 888/1383/3
f 884/1348/1 883/1347/1 890/1385/1 889/1387/1
f 881/1345/2 877/1341/2 894/1382/2 893/1377/2
f 861/1316/4 842/1297/4 845/1300/4 862/1317/4
f 849/1304/2 884/1348/2 889/1387/2 850/1305/2
f 873/1337/1 860/1315/1 863/1318/1 891/1380/1
f 839/1294/4 875/1339/4 887/1384/4 840/1295/4
f 662/1388/6 688/1389/6 689/1390/6
f 687/1036/5 369/532/5 690/1039/5
f 426/767/6 453/1391/6 454/1392/6
f 452/642/5 85/101/5 455/645/5
f 898/1393/6 273/1394/6 899/1395/6 900/1396/6
f 270/1397/2 276/374/2 144/168/2 141/167/2
f 271/367/2 270/366/2 141/161/2 140/160/2
f 901/1398/2 902/1399/2 903/1400/2 274/1401/2
f 275/371/5 276/374/5 903/1402/5 902/1403/5
f 276/374/1 270/1397/1 274/1404/1 903/1402/1
f 904/1405/1 905/1406/1 186/219/1 385/554/1
f 727/1407/1 197/234/1 184/217/1 185/218/1
f 905/1408/1 727/1407/1 185/218/1 186/221/1
f 727/1089/1 726/1088/1 457/647/1 185/943/1
f 196/233/1 195/232/1 456/646/1
f 726/1409/1 196/233/1 456/646/1 457/649/1
f 196/1410/1 701/1411/1 691/1040/1 456/1009/1
f 701/1055/1 700/1054/1 693/1043/1 691/1042/1
f 693/1328/1 700/1412/1 880/1344/1 868/1329/1
f 155/183/5 102/117/5 904/1405/5 385/554/5
f 456/1009/5 193/936/5 196/1410/5
f 193/936/4 621/935/4 701/1411/4 196/1410/4
f 381/1413/4 193/230/4 196/233/4 726/1409/4
f 102/117/4 101/116/4 905/1406/4 904/1405/4
f 101/1414/4 105/1415/4 727/1407/4 905/1408/4
f 184/617/5 105/548/5 727/1089/5 185/943/5
f 184/217/1 186/221/1 185/218/1
f 105/1415/7 104/227/7 197/234/7 727/1407/7
f 625/1319/4 864/1320/4 880/1344/4 700/1412/4
f 880/1344/6 879/1343/6 876/1340/6 868/1329/6
f 897/1386/2 879/1343/2 878/1342/2 895/1381/2
f 906/1416/9 907/1417/9 908/1418/9 909/1419/9
f 910/1420/10 906/1416/10 909/1419/10 911/1421/10
f 907/1417/9 906/1416/9 912/1422/9 913/1423/9
f 660/993/3 661/994/3 912/1422/3 906/1416/3
f 647/1080/3 610/922/3 910/1424/3 911/1425/3
f 911/1421/10 909/1419/10 914/1426/10 915/1427/10
f 659/986/4 658/985/4 915/1427/4 914/1426/4
f 916/1428/4 659/986/4 914/1426/4 917/1429/4
f 647/1080/3 911/1425/3 915/1430/3 658/1431/3
f 909/1419/9 908/1418/9 917/1429/9 914/1426/9
f 615/1432/11 614/983/11 659/986/11 916/1428/11
f 617/995/8 661/994/8 918/1433/8 618/1434/8
f 918/1433/2 919/1435/2 920/1436/2 921/1437/2
f 906/1416/10 910/1420/10 616/1438/10 912/1422/10
f 910/1424/3 610/922/3 617/929/3 616/928/3
f 618/1434/12 918/1433/12 921/1437/12 619/1439/12
f 661/994/11 789/1440/11 919/1435/11 918/1433/11
f 912/1422/10 616/1438/10 619/1439/10 921/1437/10
f 913/1423/9 912/1422/9 921/1437/9 920/1436/9
f 922/1441/4 923/1442/4 924/1443/4 925/1444/4
f 926/1445/4 927/1446/4 415/591/4 369/593/4
f 339/488/1 415/605/1 423/1447/1 499/705/1
f 926/1445/5 925/1444/5 924/1443/5
f 499/705/4 498/704/4 473/673/4 339/488/4
f 927/1446/4 424/602/4 423/601/4 415/591/4
f 425/603/6 424/602/6 928/1448/6 923/1442/6
f 923/1442/6 928/1448/6 929/1449/6 930/1450/6
f 424/602/1 927/1446/1 931/1451/1 928/1448/1
f 425/603/6 923/1442/6 922/1441/6
f 927/1446/5 926/1445/5 924/1443/5 931/1451/5
f 932/1452/4 930/1453/4 929/1454/4 933/1455/4
f 928/1448/1 931/1451/1 933/1456/1 929/1449/1
f 924/1443/3 923/1442/3 930/1450/3 932/1457/3
f 931/1451/5 924/1443/5 932/1457/5 933/1456/5
f 264/352/1 60/63/1 263/351/1 262/350/1
f 38/40/5 61/64/5 934/1458/5 223/1459/5
f 109/1460/6 111/1461/6 179/1462/6 935/1463/6
f 181/1464/6 109/1460/6 935/1463/6 936/1465/6
f 934/1458/5 61/64/5 937/1466/5
f 183/1467/6 938/1468/6 939/1469/6 940/1470/6
f 61/64/3 183/216/3 940/1471/3 941/1472/3
f 183/216/4 182/215/4 942/1473/4 938/1474/4
f 181/1464/6 936/1465/6 942/1475/6 182/1476/6
f 61/64/3 941/1472/3 943/1477/3 944/1478/3
f 941/1479/6 945/1480/6 946/1481/6 943/1482/6
f 941/1472/4 940/1471/4 939/1483/4 945/1484/4
f 937/1466/5 61/64/5 947/1485/5
f 944/1478/4 943/1477/4 946/1486/4 948/1487/4
f 944/1488/6 948/1489/6 949/1490/6 950/1491/6
f 947/1485/5 61/64/5 951/1492/5
f 952/1493/4 950/1494/4 949/1495/4 953/1496/4
f 951/1492/5 61/64/5 952/1493/5 953/1496/5
f 61/64/3 944/1478/3 950/1494/3 952/1493/3
f 954/1497/6 955/1498/6 956/1499/6 957/1500/6
f 663/998/2 662/997/2 956/1501/2 955/1502/2
f 782/1503/4 781/1504/4 954/1497/4 957/1500/4
f 781/1504/3 663/1505/3 955/1498/3 954/1497/3
f 958/1506/3 959/1507/3 960/1508/3 961/1509/3
f 273/1510/2 898/1511/2 901/1398/2 274/1401/2
f 273/369/13 272/368/13 959/1507/13 958/1506/13 899/1512/13
f 272/1513/5 962/1514/5 963/1515/5 959/1516/5
f 964/1517/2 965/1518/2 961/1509/2 960/1508/2
f 958/1506/2 966/1519/2 900/1520/2 899/1512/2
f 959/1516/5 963/1515/5 964/1521/5 960/1522/5
f 966/1523/6 958/1524/6 961/1525/6 965/1526/6
f 967/1527/2 968/1528/2 969/1529/2 970/1530/2
f 535/780/2 971/1531/2 417/595/2 416/594/2
f 534/1532/2 972/1533/2 971/1531/2 535/780/2 412/779/2
f 417/595/1 971/1531/1 968/1534/1 967/1535/1
f 418/596/5 417/595/5 967/1535/5 970/1536/5
f 971/1531/6 972/1533/6 969/1537/6 968/1534/6
f 973/1538/2 974/1539/2 975/1540/2 976/1541/2
f 977/1542/6 978/1543/6 979/1544/6 980/1545/6
f 981/1546/5 982/1547/5 983/1548/5 984/1549/5
f 985/1550/5 981/1551/5 984/1552/5 986/1553/5
f 987/1554/6 988/1555/6 989/1556/6 990/1557/6
f 991/1558/5 992/1559/5 993/1560/5 994/1561/5
f 995/1562/7 996/1563/7 990/1564/7 997/1565/7
f 998/1566/7 999/1567/7 1000/1568/7 1001/1569/7
f 1002/1570/6 1003/1571/6 1004/1572/6 1005/1573/6
f 1006/1574/1 1007/1575/1 1008/1576/1 1009/1577/1
f 988/1555/6 1001/1569/6 1000/1568/6 989/1556/6
f 1010/1578/5 1011/1579/5 1012/1580/5 1013/1581/5
f 1014/1582/7 1015/1583/7 978/1543/7 977/1542/7
f 992/1559/5 1016/1584/5 1017/1585/5 993/1560/5
f 1018/1586/5 1019/1587/5 1020/1588/5 1021/1589/5
f 1022/1590/1 1023/1591/1 1024/1592/1 1025/1593/1
f 1019/1594/5 1026/1595/5 1013/1581/5 1027/1596/5 1028/1597/5 1029/1598/5 1020/1599/5
f 978/1600/6 1030/1601/6 1031/1602/6 1025/1593/6 1024/1592/6 1032/1603/6 979/1604/6
f 1033/1605/1 1034/1606/1 1035/1607/1 986/1553/1
f 982/1608/5 1036/1609/5 1037/1610/5 983/1611/5
f 1026/1612/5 1010/1613/5 1013/1614/5
f 1032/1603/6 1038/1615/6 1039/1616/6 979/1604/6
f 973/1538/1 1022/1590/1 1025/1593/1 1031/1602/1
f 1040/1617/4 86/98/4 85/97/4
f 997/1618/6 85/101/6 87/100/6
f 1041/1619/7 1042/1620/7 1043/1621/7 1044/1622/7
f 1045/1623/1 1046/1624/1 1047/1625/1 1048/1626/1
f 985/1550/5 1049/1627/5 1050/1628/5 994/1561/5
f 996/1629/1 1051/1630/1 1052/1631/1 990/1557/1
f 1020/1599/3 1053/1632/3 1054/1633/3 1055/1634/3
f 987/1554/6 1044/1622/6 1043/1621/6 1056/1635/6
f 1015/1583/1 1057/1636/1 1058/1637/1 978/1543/1
f 994/1561/3 1050/1628/3 1059/1638/3 1060/1639/3
f 1049/1627/2 1035/1607/2 1034/1606/2 1061/1640/2
f 1062/1641/3 1063/1642/3 1064/1643/3 1040/1617/3
f 1028/1597/5 1065/1644/5 1066/1645/5 1029/1598/5
f 1067/1646/3 1068/1647/3 1069/1648/3 1070/1649/3
f 1071/1650/1 1042/1620/1 1034/1651/1 1033/1652/1
f 1072/1653/6 1073/1654/6 1074/1655/6 1075/1656/6
f 1021/1657/2 1020/1599/2 1055/1634/2 1076/1658/2
f 1077/1659/3 1078/1660/3 1002/1661/3 1005/1662/3
f 1079/1663/6 1080/1664/6 1081/1665/6 1082/1666/6
f 1083/1667/3 999/1567/3 1084/1668/3 1085/1669/3
f 1018/1586/5 1086/1670/5 1087/1671/5 1019/1587/5
f 991/1558/2 994/1561/2 1060/1639/2 1088/1672/2
f 1089/1673/7 1090/1674/7 1091/1675/7 1092/1676/7
f 1088/1672/1 1093/1677/1 1094/1678/1 991/1558/1
f 1005/1573/6 1004/1572/6 1095/1679/6 1096/1680/6
f 990/1557/6 989/1556/6 85/101/6 997/1618/6
f 1083/1681/4 1040/1617/4 85/97/4 989/1682/4
f 995/1562/1 1097/1683/1 1093/1684/1 1088/1685/1
f 87/100/6 146/170/6 1098/1686/6 997/1618/6
f 1085/1687/4 1062/1641/4 1040/1617/4 1083/1681/4
f 1031/1602/7 1030/1601/7 974/1539/7 973/1538/7
f 989/1556/1 1000/1568/1 999/1567/1 1083/1667/1
f 979/1604/1 1039/1616/1 1078/1660/1 1077/1659/1
f 980/1545/7 979/1544/7 1077/1688/7 1099/1689/7
f 1056/1635/1 1043/1621/1 1042/1620/1 1071/1650/1
f 1038/1615/7 1024/1592/7 1023/1591/7 1100/1690/7
f 1101/1691/2 1102/1692/2 1103/1693/2 1104/1694/2
f 1060/1695/3 1059/1696/3 1051/1630/3 996/1629/3
f 1105/1697/5 1106/1698/5 1107/1699/5 1108/1700/5 1053/1632/5 1020/1599/5 1109/1701/5
f 1110/1702/1 1111/1703/1 1112/1704/1 1113/1705/1
f 1040/1617/5 1064/1643/5 162/190/5 86/98/5
f 976/1706/6 1114/1707/6 1080/1664/6 1079/1663/6
f 1115/1708/4 1116/1709/4 1117/1710/4 1118/1711/4
f 1119/1712/1 1120/1713/1 1121/1714/1 1122/1715/1
f 1123/1716/1 1124/1717/1 1007/1575/1 1006/1574/1
f 1125/1718/1 1126/1719/1 1127/1720/1 1128/1721/1
f 1088/1685/2 1060/1722/2 996/1563/2 995/1562/2
f 1129/1723/4 180/211/4 179/210/4 1063/1724/4
f 1063/1724/4 179/210/4 162/213/4 1064/1725/4
f 1016/1584/1 1130/1726/1 1131/1727/1 1132/1728/1
f 1133/1729/7 1047/1625/7 1046/1624/7 1134/1730/7
f 1108/1700/2 1107/1699/2 1135/1731/2 1136/1732/2
f 1136/1733/2 1135/1734/2 1047/1625/2 1133/1729/2
f 1137/1735/2 1138/1736/2 1139/1737/2 1140/1738/2
f 978/1600/6 1058/1739/6 1134/1730/6 1046/1624/6 1045/1623/6 1092/1676/6 1091/1675/6
f 975/1740/6 1141/1741/6 1114/1707/6 976/1706/6
f 1142/1742/7 1143/1743/7 1144/1744/7 1145/1745/7
f 1058/1739/6 1146/1746/6 1133/1729/6 1134/1730/6
f 1147/1747/6 1148/1748/6 1149/1749/6 1150/1750/6
f 974/1751/1 1090/1752/1 1151/1753/1 975/1754/1
f 1030/1755/1 1091/1756/1 1090/1752/1 974/1751/1
f 1118/1711/5 1117/1710/5 1152/1757/5 1153/1758/5
f 1150/1759/4 1151/1760/4 1090/1674/4 1089/1673/4
f 1109/1701/5 1154/1761/5 1155/1762/5 1105/1697/5
f 978/1600/6 1091/1675/6 1030/1601/6
f 1029/1598/5 1109/1701/5 1020/1599/5
f 1070/1649/5 1069/1648/5 1156/1763/5 1157/1764/5
f 1158/1765/1 1159/1766/1 1160/1767/1 1161/1768/1
f 1124/1769/6 1162/1770/6 1163/1771/6 1164/1772/6
f 1050/1628/2 1049/1627/2 1061/1640/2 1059/1638/2
f 990/1557/6 1052/1631/6 1044/1622/6 987/1554/6
f 986/1553/5 1035/1607/5 1049/1627/5 985/1550/5
f 1051/1630/7 1041/1619/7 1044/1622/7 1052/1631/7
f 1009/1577/6 1008/1576/6 1001/1569/6 988/1555/6
f 1007/1575/7 998/1566/7 1001/1569/7 1008/1576/7
f 1056/1635/6 1009/1577/6 988/1555/6 987/1554/6
f 994/1561/5 993/1560/5 981/1551/5 985/1550/5
f 993/1773/5 1165/1774/5 982/1547/5 981/1546/5
f 1166/1775/3 1167/1776/3 1168/1777/3 1169/1778/3
f 1009/1779/7 980/1545/7 1099/1689/7 1006/1780/7
f 986/1553/2 1021/1657/2 1076/1658/2 1033/1605/2
f 1075/1656/3 1074/1655/3 1170/1781/3 1171/1782/3
f 984/1783/5 1018/1586/5 1021/1589/5 986/1784/5
f 1129/1785/5 180/276/5 223/275/5 992/1786/5
f 1071/1787/7 1014/1582/7 977/1542/7 1056/1788/7
f 1056/1788/6 977/1542/6 980/1545/6 1009/1779/6
f 1039/1616/7 1038/1615/7 1100/1690/7 1078/1660/7
f 1172/1789/3 1173/1790/3 1174/1791/3 1175/1792/3
f 1024/1592/6 1038/1615/6 1032/1603/6
f 1019/1793/5 1176/1794/5 1010/1613/5 1026/1612/5
f 1177/1795/6 1178/1796/6 1003/1571/6 1002/1570/6
f 1179/1797/4 1123/1798/4 1006/1780/4 1180/1799/4
f 1181/1800/4 1084/1668/4 999/1567/4 1157/1764/4
f 1182/1801/4 1002/1661/4 1078/1660/4 1183/1802/4
f 1067/1646/4 1164/1803/4 1084/1668/4 1181/1800/4
f 1157/1764/4 999/1567/4 998/1566/4 1070/1649/4
f 1070/1649/4 998/1566/4 1164/1803/4 1067/1646/4
f 1184/1804/4 1096/1805/4 1123/1798/4 1179/1797/4
f 1180/1799/4 1006/1780/4 1099/1689/4 1185/1806/4
f 1185/1806/4 1099/1689/4 1096/1805/4 1184/1804/4
f 1172/1789/4 1177/1807/4 1002/1661/4 1182/1801/4
f 1183/1802/4 1078/1660/4 1100/1690/4 1175/1792/4
f 1175/1792/4 1100/1690/4 1177/1807/4 1172/1789/4
f 1186/1808/4 1007/1575/4 1124/1717/4 1187/1809/4
f 1188/1810/4 1077/1688/4 1005/1811/4 1189/1812/4
f 1171/1782/4 1023/1591/4 1082/1813/4 1075/1656/4
f 1075/1656/4 1082/1813/4 1177/1807/4 1072/1653/4
f 1189/1812/4 1005/1811/4 1096/1805/4 1128/1721/4
f 1125/1718/4 1099/1689/4 1077/1688/4 1188/1810/4
f 1190/1814/4 1100/1690/4 1023/1591/4 1171/1782/4
f 1187/1809/4 1124/1717/4 1164/1803/4 1191/1815/4
f 1192/1816/4 998/1566/4 1007/1575/4 1186/1808/4
f 1191/1815/4 1164/1803/4 998/1566/4 1192/1816/4
f 1128/1721/4 1096/1805/4 1099/1689/4 1125/1718/4
f 1072/1653/4 1177/1807/4 1100/1690/4 1190/1814/4
f 1193/1817/4 1170/1818/4 1074/1819/4 1073/1820/4
f 1126/1821/4 1194/1822/4 1195/1823/4 1127/1824/4
f 1068/1825/4 1196/1826/4 1156/1827/4 1069/1828/4
f 1197/1829/4 1198/1830/4 1199/1831/4 1200/1832/4
f 1201/1833/4 1202/1834/4 1203/1835/4 1204/1836/4
f 1205/1837/4 1174/1838/4 1173/1839/4 1206/1840/4
f 1190/1814/1 1193/1841/1 1073/1654/1 1072/1653/1
f 1128/1721/6 1127/1720/6 1195/1842/6 1189/1812/6
f 1179/1797/6 1204/1843/6 1203/1844/6 1184/1804/6
f 1188/1810/5 1194/1845/5 1126/1719/5 1125/1718/5
f 1185/1806/5 1202/1846/5 1201/1847/5 1180/1799/5
f 1180/1799/1 1201/1847/1 1204/1843/1 1179/1797/1
f 1171/1782/5 1170/1781/5 1193/1841/5 1190/1814/5
f 1184/1804/3 1203/1844/3 1202/1846/3 1185/1806/3
f 1157/1764/1 1156/1763/1 1196/1848/1 1181/1800/1
f 1191/1815/6 1198/1849/6 1197/1850/6 1187/1809/6
f 1182/1801/6 1206/1851/6 1173/1790/6 1172/1789/6
f 1187/1809/3 1197/1850/3 1200/1852/3 1186/1808/3
f 1183/1802/1 1205/1853/1 1206/1851/1 1182/1801/1
f 1186/1808/5 1200/1852/5 1199/1854/5 1192/1816/5
f 1175/1792/5 1174/1791/5 1205/1853/5 1183/1802/5
f 1189/1812/3 1195/1842/3 1194/1845/3 1188/1810/3
f 1181/1800/6 1196/1848/6 1068/1647/6 1067/1646/6
f 1192/1816/1 1199/1854/1 1198/1849/1 1191/1815/1
f 1004/1572/3 1003/1571/3 1207/1855/3 1087/1856/3
f 1095/1679/4 1004/1572/4 1087/1856/4 1086/1857/4
f 1178/1796/4 1081/1665/4 1012/1580/4 1011/1579/4
f 1208/1858/1 1037/1610/1 1162/1770/1 1209/1859/1
f 1036/1609/4 1210/1860/4 1211/1861/4 1163/1771/4
f 1017/1585/4 1016/1584/4 1132/1728/4 1212/1862/4
f 1037/1610/4 1036/1609/4 1163/1771/4 1162/1770/4
f 1209/1859/4 1095/1679/4 1086/1857/4 1208/1858/4
f 1003/1571/4 1178/1796/4 1011/1579/4 1207/1855/4
f 1165/1863/5 1210/1860/5 1036/1609/5 982/1608/5
f 1123/1864/6 1209/1859/6 1162/1770/6 1124/1769/6
f 984/1783/5 1208/1865/5 1086/1670/5 1018/1586/5
f 1176/1866/5 1207/1855/5 1011/1579/5 1010/1578/5
f 1085/1867/6 1212/1862/6 1132/1728/6 1062/1868/6
f 1019/1594/5 1087/1856/5 1207/1855/5 1176/1866/5
f 983/1611/5 1037/1610/5 1208/1858/5 984/1552/5
f 1084/1869/6 1211/1861/6 1212/1862/6 1085/1867/6
f 1096/1680/6 1095/1679/6 1209/1859/6 1123/1864/6
f 1082/1666/6 1081/1665/6 1178/1796/6 1177/1795/6
f 1164/1772/6 1163/1771/6 1211/1861/6 1084/1869/6
f 993/1560/5 1017/1585/5 1210/1860/5 1165/1863/5
f 1065/1644/1 1213/1870/1 1080/1664/1 1114/1707/1
f 1213/1870/1 1012/1580/1 1081/1665/1 1080/1664/1
f 1148/1748/1 1214/1871/1 1215/1872/1 1216/1873/1
f 1141/1741/1 1217/1874/1 1154/1761/1 1066/1645/1
f 1114/1707/2 1141/1741/2 1066/1645/2 1065/1644/2
f 1155/1762/4 1154/1761/4 1217/1874/4 1149/1749/4
f 1151/1875/6 1217/1874/6 1141/1741/6 975/1740/6
f 1106/1698/5 1216/1873/5 1215/1872/5 1107/1699/5
f 1150/1750/6 1149/1749/6 1217/1874/6 1151/1875/6
f 1107/1699/2 1215/1872/2 1214/1871/2 1135/1731/2
f 1027/1596/5 1213/1870/5 1065/1644/5 1028/1597/5
f 1013/1581/5 1012/1580/5 1213/1870/5 1027/1596/5
f 1029/1598/5 1066/1645/5 1154/1761/5 1109/1701/5
f 1218/1876/3 1219/1877/3 1220/1878/3 1221/1879/3 1222/1880/3
f 275/371/2 1223/1881/2 1097/1683/2 1098/1882/2 146/372/2
f 997/1565/1 1098/1882/1 1097/1683/1 995/1562/1
f 1122/1715/2 1071/1787/2 1033/1883/2 1119/1712/2
f 1224/1884/2 1051/1630/2 1059/1696/2 1225/1885/2
f 1225/1885/2 1059/1696/2 1061/1886/2 1226/1887/2
f 1227/1888/2 1041/1619/2 1051/1630/2 1224/1884/2
f 1226/1887/2 1061/1886/2 1041/1619/2 1227/1888/2
f 1119/1712/2 1033/1883/2 1076/1889/2 1169/1778/2
f 1166/1775/2 1014/1582/2 1071/1787/2 1122/1715/2
f 1169/1778/2 1076/1889/2 1014/1582/2 1166/1775/2
f 1228/1890/2 1055/1891/2 1015/1583/2 1229/1892/2
f 1230/1893/2 1034/1651/2 1042/1620/2 1231/1894/2
f 1158/1765/2 1061/1886/2 1034/1651/2 1230/1893/2
f 1110/1702/2 1076/1889/2 1055/1891/2 1228/1890/2
f 1231/1894/2 1042/1620/2 1041/1619/2 1161/1768/2
f 1229/1892/2 1015/1583/2 1014/1582/2 1113/1705/2
f 1161/1768/2 1041/1619/2 1061/1886/2 1158/1765/2
f 1113/1705/2 1014/1582/2 1076/1889/2 1110/1702/2
f 1159/1895/2 1232/1896/2 1233/1897/2 1160/1898/2
f 1111/1899/2 1234/1900/2 1235/1901/2 1112/1902/2
f 1236/1903/2 1237/1904/2 1238/1905/2 1239/1906/2
f 1120/1907/2 1168/1908/2 1167/1909/2 1121/1910/2
f 1225/1885/1 1236/1911/1 1239/1912/1 1224/1884/1
f 1229/1892/3 1235/1913/3 1234/1914/3 1228/1890/3
f 1226/1887/6 1237/1915/6 1236/1911/6 1225/1885/6
f 1231/1894/3 1233/1916/3 1232/1917/3 1230/1893/3
f 1224/1884/5 1239/1912/5 1238/1918/5 1227/1888/5
f 1230/1893/6 1232/1917/6 1159/1766/6 1158/1765/6
f 1227/1888/3 1238/1918/3 1237/1915/3 1226/1887/3
f 1228/1890/6 1234/1914/6 1111/1703/6 1110/1702/6
f 1169/1778/6 1168/1777/6 1120/1713/6 1119/1712/6
f 1161/1768/5 1160/1767/5 1233/1916/5 1231/1894/5
f 1122/1715/5 1121/1714/5 1167/1776/5 1166/1775/5
f 1113/1705/5 1112/1704/5 1235/1913/5 1229/1892/5
f 1240/1919/1 1082/1813/1 1023/1591/1 1241/1920/1
f 1242/1921/1 1022/1590/1 1079/1922/1 1243/1923/1
f 1243/1923/1 1079/1922/1 1082/1813/1 1240/1919/1
f 1241/1920/1 1023/1591/1 1022/1590/1 1242/1921/1
f 1118/1711/1 973/1538/1 976/1541/1 1115/1708/1
f 1244/1924/1 1079/1922/1 1022/1590/1 1153/1758/1
f 1153/1758/1 1022/1590/1 973/1538/1 1118/1711/1
f 1115/1708/1 976/1541/1 1079/1922/1 1244/1924/1
f 1245/1925/1 1246/1926/1 1247/1927/1 1248/1928/1
f 1116/1929/1 1249/1930/1 1152/1931/1 1117/1932/1
f 1240/1919/6 1246/1933/6 1245/1934/6 1243/1923/6
f 1244/1924/6 1249/1935/6 1116/1709/6 1115/1708/6
f 1241/1920/2 1247/1936/2 1246/1933/2 1240/1919/2
f 1153/1758/2 1152/1757/2 1249/1935/2 1244/1924/2
f 1242/1921/5 1248/1937/5 1247/1936/5 1241/1920/5
f 1243/1923/4 1245/1934/4 1248/1937/4 1242/1921/4
f 1105/1697/5 1155/1762/5 1216/1873/5 1106/1698/5
f 1149/1749/1 1148/1748/1 1216/1873/1 1155/1762/1
f 1135/1731/6 1214/1871/6 1148/1748/6 1147/1747/6
f 1250/1938/2 1251/1939/2 1252/1940/2 1253/1941/2
f 1092/1676/1 1045/1623/1 1048/1626/1 1089/1673/1
f 1140/1738/1 1150/1759/1 1089/1673/1 1137/1735/1
f 1137/1735/1 1089/1673/1 1048/1626/1 1254/1942/1
f 1255/1943/1 1147/1944/1 1150/1759/1 1140/1738/1
f 1254/1942/1 1048/1626/1 1147/1944/1 1255/1943/1
f 1256/1945/1 1047/1625/1 1135/1734/1 1257/1946/1
f 1250/1938/1 1048/1626/1 1047/1625/1 1256/1945/1
f 1257/1946/1 1135/1734/1 1147/1944/1 1253/1941/1
f 1253/1941/1 1147/1944/1 1048/1626/1 1250/1938/1
f 1251/1947/1 1258/1948/1 1259/1949/1 1252/1950/1
f 1138/1951/1 1260/1952/1 1261/1953/1 1139/1954/1
f 1256/1945/5 1258/1955/5 1251/1939/5 1250/1938/5
f 1255/1943/4 1261/1956/4 1260/1957/4 1254/1942/4
f 1254/1942/5 1260/1957/5 1138/1736/5 1137/1735/5
f 1253/1941/6 1252/1940/6 1259/1958/6 1257/1946/6
f 1257/1946/4 1259/1958/4 1258/1955/4 1256/1945/4
f 1140/1738/6 1139/1737/6 1261/1956/6 1255/1943/6
f 1104/1694/3 1015/1583/3 1055/1891/3 1101/1691/3
f 1262/1959/3 1054/1960/3 1057/1636/3 1263/1961/3
f 1101/1691/3 1055/1891/3 1054/1960/3 1262/1959/3
f 1263/1961/3 1057/1636/3 1015/1583/3 1104/1694/3
f 1102/1962/3 1264/1963/3 1265/1964/3 1103/1965/3
f 1104/1694/5 1103/1693/5 1265/1966/5 1263/1961/5
f 1263/1961/4 1265/1966/4 1264/1967/4 1262/1959/4
f 1262/1959/6 1264/1967/6 1102/1692/6 1101/1691/6
f 1266/1968/2 1267/1969/2 1268/1970/2 1269/1971/2
f 1270/1972/6 1271/1973/6 1272/1974/6 1273/1975/6
f 1274/1976/5 998/1566/5 1007/1575/5 1006/1574/5
f 1275/1977/5 1274/1978/5 1006/1979/5 1071/1980/5
f 1276/1981/6 1277/1982/6 1278/1983/6 1279/1984/6
f 995/1985/5 85/480/5 1083/1986/5 996/1987/5
f 1280/1988/7 1281/1989/7 1279/1990/7 1282/1991/7
f 1283/1992/7 1284/1993/7 1285/1994/7 1286/1995/7
f 1287/1996/6 1288/1997/6 1289/1998/6 1290/1999/6
f 1291/2000/1 1292/2001/1 1293/2002/1 1294/2003/1
f 1277/1982/6 1286/1995/6 1285/1994/6 1278/1983/6
f 1100/2004/5 1295/2005/5 1296/2006/5 1023/2007/5
f 1297/2008/7 1298/2009/7 1271/1973/7 1270/1972/7
f 85/480/5 353/504/5 1299/2010/5 1083/1986/5
f 1099/1689/5 1077/1688/5 1015/1583/5 1014/1582/5
f 1300/2011/1 1301/2012/1 1302/2013/1 1303/2014/1
f 1077/2015/5 1304/2016/5 1023/2007/5 1022/2017/5 973/2018/5 974/2019/5 1015/2020/5
f 1271/2021/6 1305/2022/6 1306/2023/6 1303/2014/6 1302/2013/6 1307/2024/6 1272/2025/6
f 1308/2026/1 1309/2027/1 1042/2028/1 1071/1980/1
f 998/2029/5 1310/2030/5 1311/2031/5 1007/2032/5
f 1304/2033/5 1100/1690/5 1023/1591/5
f 1307/2024/6 1312/2034/6 1313/2035/6 1272/2025/6
f 1266/1968/1 1300/2011/1 1303/2014/1 1306/2023/1
f 1282/2036/6 369/532/6 368/531/6
f 1314/2037/7 1315/2038/7 1316/2039/7 1317/2040/7
f 1318/2041/1 1319/2042/1 1320/2043/1 1321/2044/1
f 1275/1977/5 1041/2045/5 1051/2046/5 996/1987/5
f 1281/2047/1 1322/2048/1 1323/2049/1 1279/1984/1
f 1015/2020/3 1057/2050/3 1324/2051/3 1325/2052/3
f 1276/1981/6 1317/2040/6 1316/2039/6 1326/2053/6
f 1298/2009/1 1142/2054/1 1145/2055/1 1271/1973/1
f 996/1987/3 1051/2046/3 1327/2056/3 1328/2057/3
f 1136/1732/2 1329/2058/2 1108/1700/2
f 1041/2045/2 1042/2028/2 1309/2027/2 1330/2059/2
f 973/2018/5 1331/2060/5 1332/2061/5 974/2019/5
f 1333/2062/3 1334/2063/3 1335/2064/3 1336/2065/3
f 1337/2066/1 1315/2038/1 1309/2067/1 1308/2068/1
f 1338/2069/6 1339/2070/6 1340/2071/6 1341/2072/6
f 1014/2073/2 1015/2020/2 1325/2052/2 1342/2074/2
f 1343/2075/3 1344/2076/3 1287/2077/3 1290/2078/3
f 1345/2079/6 1346/2080/6 1347/2081/6 1348/2082/6
f 1099/2083/5 1349/2084/5 1350/2085/5 1077/2015/5
f 995/1985/2 996/1987/2 1328/2057/2 1351/2086/2
f 1352/2087/7 1353/2088/7 1354/2089/7 1355/2090/7
f 1351/2086/1 1356/2091/1 1097/2092/1 995/1985/1
f 1290/1999/6 1289/1998/6 1357/2093/6 1358/2094/6
f 1279/1984/6 1278/1983/6 369/532/6 1282/2036/6
f 1359/2095/7 369/593/7 1278/2096/7
f 1360/2097/2 1361/2098/2 419/597/2 418/596/2 1362/2099/2
f 368/531/6 422/600/6 1363/2100/6 1282/2036/6
f 1364/2101/4 426/604/4 425/603/4 1365/2102/4
f 1306/2023/7 1305/2022/7 1267/1969/7 1266/1968/7
f 1278/1983/1 1285/1994/1 1284/1993/1 1359/2103/1
f 1272/2025/1 1313/2035/1 1344/2076/1 1343/2075/1
f 1273/1975/7 1272/1974/7 1343/2104/7 1366/2105/7
f 1326/2053/1 1316/2039/1 1315/2038/1 1337/2066/1
f 1312/2034/7 1302/2013/7 1301/2012/7 1367/2106/7
f 1368/2107/2 1369/2108/2 1370/2109/2 1371/2110/2
f 1328/2111/3 1327/2112/3 1322/2048/3 1281/2047/3
f 1089/2113/5 1048/2114/5 1047/2115/5 1133/2116/5 1057/2050/5 1015/2020/5 1090/2117/5
f 1372/2118/1 1373/2119/1 1374/2120/1 1375/2121/1
f 1269/2122/6 1376/2123/6 1346/2080/6 1345/2079/6
f 1377/2124/4 1378/2125/4 1379/2126/4 1380/2127/4
f 1381/2128/1 1382/2129/1 1383/2130/1 1384/2131/1
f 1385/2132/1 1386/2133/1 1292/2001/1 1291/2000/1
f 1387/2134/1 1388/2135/1 1389/2136/1 1390/2137/1
f 1351/2138/2 1328/2139/2 1281/1989/2 1280/1988/2
f 1391/2140/4 455/645/4 454/644/4 1392/2141/4
f 1393/2142/7 1320/2043/7 1319/2042/7
f 1133/2116/2 1047/2115/2 1394/2143/2 1395/2144/2
f 1395/2145/2 1394/2146/2 1320/2043/2 1393/2142/2
f 1396/2147/2 1397/2148/2 1398/2149/2 1399/2150/2
f 1271/2021/6 1145/1745/6 1393/2142/6 1319/2042/6 1318/2041/6 1355/2090/6 1354/2089/6
f 1268/2151/6 1400/2152/6 1376/2123/6 1269/2122/6
f 1145/1745/6 1144/1744/6 1393/2142/6
f 1401/2153/6 1402/2154/6 1403/2155/6 1404/2156/6
f 1267/2157/1 1353/2158/1 1405/2159/1 1268/2160/1
f 1305/2161/1 1354/2162/1 1353/2158/1 1267/2157/1
f 1380/2127/5 1379/2126/5 1406/2163/5 1407/2164/5
f 1404/2165/4 1405/2166/4 1353/2088/4 1352/2087/4
f 1090/2117/5 1408/2167/5 1409/2168/5 1089/2113/5
f 1271/2021/6 1354/2089/6 1305/2022/6
f 974/2019/5 1090/2117/5 1015/2020/5
f 1336/2065/5 1335/2064/5 1410/2169/5 1411/2170/5
f 1412/2171/1 1413/2172/1 1414/2173/1 1415/2174/1
f 1386/2175/6 1416/2176/6 1417/2177/6 1418/2178/6
f 1051/2046/2 1041/2045/2 1330/2059/2 1327/2056/2
f 1279/1984/6 1323/2049/6 1317/2040/6 1276/1981/6
f 1071/1980/5 1042/2028/5 1041/2045/5 1275/1977/5
f 1322/2048/7 1314/2037/7 1317/2040/7 1323/2049/7
f 1294/2003/6 1293/2002/6 1286/1995/6 1277/1982/6
f 1292/2001/7 1283/1992/7 1286/1995/7 1293/2002/7
f 1326/2053/6 1294/2003/6 1277/1982/6 1276/1981/6
f 996/1987/5 1083/1986/5 1274/1978/5 1275/1977/5
f 1083/1667/5 999/1567/5 998/1566/5 1274/1976/5
f 1419/2179/3 1420/2180/3 1421/2181/3 1422/2182/3
f 1294/2183/7 1273/1975/7 1366/2105/7 1291/2184/7
f 1071/1980/2 1014/2073/2 1342/2074/2 1308/2026/2
f 1341/2072/3 1340/2071/3 1423/2185/3 1424/2186/3
f 1006/1780/5 1099/1689/5 1014/1582/5 1071/1787/5
f 1337/2187/7 1297/2008/7 1270/1972/7 1326/2188/7
f 1326/2188/6 1270/1972/6 1273/1975/6 1294/2183/6
f 1313/2035/7 1312/2034/7 1367/2106/7 1344/2076/7
f 1425/2189/3 1426/2190/3 1427/2191/3 1428/2192/3
f 1302/2013/6 1312/2034/6 1307/2024/6
f 1077/1659/5 1078/1660/5 1100/1690/5 1304/2033/5
f 1429/2193/6 1430/2194/6 1288/1997/6 1287/1996/6
f 1431/2195/4 1385/2196/4 1291/2184/4 1432/2197/4
f 1433/2198/4 1287/2077/4 1344/2076/4 1434/2199/4
f 1333/2062/4 1418/2200/4 1435/2201/4 1436/2202/4
f 1411/2170/4 1284/1993/4 1283/1992/4 1336/2065/4
f 1336/2065/4 1283/1992/4 1418/2200/4 1333/2062/4
f 1437/2203/4 1358/2204/4 1385/2196/4 1431/2195/4
f 1432/2197/4 1291/2184/4 1366/2105/4 1438/2205/4
f 1438/2205/4 1366/2105/4 1358/2204/4 1437/2203/4
f 1425/2189/4 1429/2206/4 1287/2077/4 1433/2198/4
f 1434/2199/4 1344/2076/4 1367/2106/4 1428/2192/4
f 1428/2192/4 1367/2106/4 1429/2206/4 1425/2189/4
f 1439/2207/4 1292/2001/4 1386/2133/4 1440/2208/4
f 1441/2209/4 1343/2104/4 1290/2210/4 1442/2211/4
f 1424/2186/4 1301/2012/4 1348/2212/4 1341/2072/4
f 1341/2072/4 1348/2212/4 1429/2206/4 1338/2069/4
f 1442/2211/4 1290/2210/4 1358/2204/4 1390/2137/4
f 1387/2134/4 1366/2105/4 1343/2104/4 1441/2209/4
f 1443/2213/4 1367/2106/4 1301/2012/4 1424/2186/4
f 1440/2208/4 1386/2133/4 1418/2200/4 1444/2214/4
f 1445/2215/4 1283/1992/4 1292/2001/4 1439/2207/4
f 1444/2214/4 1418/2200/4 1283/1992/4 1445/2215/4
f 1390/2137/4 1358/2204/4 1366/2105/4 1387/2134/4
f 1338/2069/4 1429/2206/4 1367/2106/4 1443/2213/4
f 1446/2216/4 1423/2217/4 1340/2218/4 1339/2219/4
f 1388/2220/4 1447/2221/4 1448/2222/4 1389/2223/4
f 1334/2224/4 1449/2225/4 1410/2226/4 1335/2227/4
f 1450/2228/4 1451/2229/4 1452/2230/4 1453/2231/4
f 1454/2232/4 1455/2233/4 1456/2234/4 1457/2235/4
f 1458/2236/4 1427/2237/4 1426/2238/4 1459/2239/4
f 1443/2213/1 1446/2240/1 1339/2070/1 1338/2069/1
f 1390/2137/6 1389/2136/6 1448/2241/6 1442/2211/6
f 1431/2195/6 1457/2242/6 1456/2243/6 1437/2203/6
f 1441/2209/5 1447/2244/5 1388/2135/5 1387/2134/5
f 1438/2205/5 1455/2245/5 1454/2246/5 1432/2197/5
f 1432/2197/1 1454/2246/1 1457/2242/1 1431/2195/1
f 1424/2186/5 1423/2185/5 1446/2240/5 1443/2213/5
f 1437/2203/3 1456/2243/3 1455/2245/3 1438/2205/3
f 1411/2170/1 1410/2169/1 1449/2247/1 1436/2202/1
f 1444/2214/6 1451/2248/6 1450/2249/6 1440/2208/6
f 1433/2198/6 1459/2250/6 1426/2190/6 1425/2189/6
f 1440/2208/3 1450/2249/3 1453/2251/3 1439/2207/3
f 1434/2199/1 1458/2252/1 1459/2250/1 1433/2198/1
f 1439/2207/5 1453/2251/5 1452/2253/5 1445/2215/5
f 1428/2192/5 1427/2191/5 1458/2252/5 1434/2199/5
f 1442/2211/3 1448/2241/3 1447/2244/3 1441/2209/3
f 1436/2202/6 1449/2247/6 1334/2063/6 1333/2062/6
f 1445/2215/1 1452/2253/1 1451/2248/1 1444/2214/1
f 1289/1998/3 1288/1997/3 1460/2254/3 1350/2085/3
f 1357/2093/4 1289/1998/4 1350/2085/4 1349/2084/4
f 1430/2194/4 1347/2081/4 1296/2006/4 1295/2005/4
f 1461/2255/1 1311/2031/1 1416/2176/1 1462/2256/1
f 1310/2030/4 1299/2010/4 1463/2257/4 1417/2177/4
f 1299/2010/4 353/504/4 527/762/4 1463/2257/4
f 1311/2031/4 1310/2030/4 1417/2177/4 1416/2176/4
f 1462/2256/4 1357/2093/4 1349/2084/4 1461/2255/4
f 1288/1997/4 1430/2194/4 1295/2005/4 1460/2254/4
f 999/2258/5 1299/2010/5 1310/2030/5 998/2029/5
f 1385/2259/6 1462/2256/6 1416/2176/6 1386/2175/6
f 1006/1979/5 1461/2255/5 1349/2084/5 1099/2083/5
f 1078/2260/5 1460/2254/5 1295/2005/5 1100/2004/5
f 1364/2261/6 1463/2257/6 527/762/6 426/767/6
f 1077/2015/5 1350/2085/5 1460/2254/5 1078/2260/5
f 1007/2032/5 1311/2031/5 1461/2255/5 1006/1979/5
f 1435/2262/6 1463/2257/6 1364/2261/6
f 1358/2094/6 1357/2093/6 1462/2256/6 1385/2259/6
f 1348/2082/6 1347/2081/6 1430/2194/6 1429/2193/6
f 1418/2178/6 1417/2177/6 1463/2257/6 1435/2262/6
f 1083/1986/5 1299/2010/5 999/2258/5
f 1331/2060/1 1464/2263/1 1346/2080/1 1376/2123/1
f 1464/2263/1 1296/2006/1 1347/2081/1 1346/2080/1
f 1402/2154/1 1465/2264/1 1466/2265/1 1467/2266/1
f 1400/2152/1 1468/2267/1 1408/2167/1 1332/2061/1
f 1376/2123/2 1400/2152/2 1332/2061/2 1331/2060/2
f 1409/2168/4 1408/2167/4 1468/2267/4 1403/2155/4
f 1405/2268/6 1468/2267/6 1400/2152/6 1268/2151/6
f 1048/2114/5 1467/2266/5 1466/2265/5 1047/2115/5
f 1404/2156/6 1403/2155/6 1468/2267/6 1405/2268/6
f 1047/2115/2 1466/2265/2 1465/2264/2 1394/2143/2
f 1022/2017/5 1464/2263/5 1331/2060/5 973/2018/5
f 1023/2007/5 1296/2006/5 1464/2263/5 1022/2017/5
f 974/2019/5 1332/2061/5 1408/2167/5 1090/2117/5
f 533/775/2 1097/2092/2 1356/2091/2 534/776/2
f 419/597/7 1361/2098/7 1363/2269/7 422/777/7
f 1280/1988/1 1361/2098/1 1360/2097/1 1469/2270/1 1356/2271/1 1351/2138/1
f 995/2272/5 1097/2273/5 533/783/5 536/782/5
f 1282/1991/1 1363/2269/1 1361/2098/1 1280/1988/1
f 1384/2131/2 1337/2187/2 1308/2274/2 1381/2128/2
f 1470/2275/2 1322/2048/2 1327/2112/2 1471/2276/2
f 1471/2276/2 1327/2112/2 1330/2277/2 1472/2278/2
f 1473/2279/2 1314/2037/2 1322/2048/2 1470/2275/2
f 1472/2278/2 1330/2277/2 1314/2037/2 1473/2279/2
f 1381/2128/2 1308/2274/2 1342/2280/2 1422/2182/2
f 1419/2179/2 1297/2008/2 1337/2187/2 1384/2131/2
f 1422/2182/2 1342/2280/2 1297/2008/2 1419/2179/2
f 1474/2281/2 1325/2282/2 1298/2009/2 1475/2283/2
f 1476/2284/2 1309/2067/2 1315/2038/2 1477/2285/2
f 1412/2171/2 1330/2277/2 1309/2067/2 1476/2284/2
f 1372/2118/2 1342/2280/2 1325/2282/2 1474/2281/2
f 1477/2285/2 1315/2038/2 1314/2037/2 1415/2174/2
f 1475/2283/2 1298/2009/2 1297/2008/2 1375/2121/2
f 1415/2174/2 1314/2037/2 1330/2277/2 1412/2171/2
f 1375/2121/2 1297/2008/2 1342/2280/2 1372/2118/2
f 1413/2286/2 1478/2287/2 1479/2288/2 1414/2289/2
f 1373/2290/2 1480/2291/2 1481/2292/2 1374/2293/2
f 1482/2294/2 1483/2295/2 1484/2296/2 1485/2297/2
f 1382/2298/2 1421/2299/2 1420/2300/2 1383/2301/2
f 1471/2276/1 1482/2302/1 1485/2303/1 1470/2275/1
f 1475/2283/3 1481/2304/3 1480/2305/3 1474/2281/3
f 1472/2278/6 1483/2306/6 1482/2302/6 1471/2276/6
f 1477/2285/3 1479/2307/3 1478/2308/3 1476/2284/3
f 1470/2275/5 1485/2303/5 1484/2309/5 1473/2279/5
f 1476/2284/6 1478/2308/6 1413/2172/6 1412/2171/6
f 1473/2279/3 1484/2309/3 1483/2306/3 1472/2278/3
f 1474/2281/6 1480/2305/6 1373/2119/6 1372/2118/6
f 1422/2182/6 1421/2181/6 1382/2129/6 1381/2128/6
f 1415/2174/5 1414/2173/5 1479/2307/5 1477/2285/5
f 1384/2131/5 1383/2130/5 1420/2180/5 1419/2179/5
f 1375/2121/5 1374/2120/5 1481/2304/5 1475/2283/5
f 1486/2310/1 1348/2212/1 1301/2012/1 1487/2311/1
f 1488/2312/1 1300/2011/1 1345/2313/1 1489/2314/1
f 1489/2314/1 1345/2313/1 1348/2212/1 1486/2310/1
f 1487/2311/1 1301/2012/1 1300/2011/1 1488/2312/1
f 1380/2127/1 1266/1968/1 1269/1971/1 1377/2124/1
f 1490/2315/1 1345/2313/1 1300/2011/1 1407/2164/1
f 1407/2164/1 1300/2011/1 1266/1968/1 1380/2127/1
f 1377/2124/1 1269/1971/1 1345/2313/1 1490/2315/1
f 1491/2316/1 1492/2317/1 1493/2318/1 1494/2319/1
f 1378/2320/1 1495/2321/1 1406/2322/1 1379/2323/1
f 1486/2310/6 1492/2324/6 1491/2325/6 1489/2314/6
f 1490/2315/6 1495/2326/6 1378/2125/6 1377/2124/6
f 1487/2311/2 1493/2327/2 1492/2324/2 1486/2310/2
f 1407/2164/2 1406/2163/2 1495/2326/2 1490/2315/2
f 1488/2312/5 1494/2328/5 1493/2327/5 1487/2311/5
f 1489/2314/4 1491/2325/4 1494/2328/4 1488/2312/4
f 1089/2113/5 1409/2168/5 1467/2266/5 1048/2114/5
f 1403/2155/1 1402/2154/1 1467/2266/1 1409/2168/1
f 1394/2143/6 1465/2264/6 1402/2154/6 1401/2153/6
f 1496/2329/2 1497/2330/2 1498/2331/2 1499/2332/2
f 1355/2090/1 1318/2041/1 1321/2044/1 1352/2087/1
f 1399/2150/1 1404/2165/1 1352/2087/1 1396/2147/1
f 1396/2147/1 1352/2087/1 1321/2044/1 1500/2333/1
f 1501/2334/1 1401/2335/1 1404/2165/1 1399/2150/1
f 1500/2333/1 1321/2044/1 1401/2335/1 1501/2334/1
f 1502/2336/1 1320/2043/1 1394/2146/1 1503/2337/1
f 1496/2329/1 1321/2044/1 1320/2043/1 1502/2336/1
f 1503/2337/1 1394/2146/1 1401/2335/1 1499/2332/1
f 1499/2332/1 1401/2335/1 1321/2044/1 1496/2329/1
f 1497/2338/1 1504/2339/1 1505/2340/1 1498/2341/1
f 1397/2342/1 1506/2343/1 1507/2344/1 1398/2345/1
f 1502/2336/5 1504/2346/5 1497/2330/5 1496/2329/5
f 1501/2334/4 1507/2347/4 1506/2348/4 1500/2333/4
f 1500/2333/5 1506/2348/5 1397/2148/5 1396/2147/5
f 1499/2332/6 1498/2331/6 1505/2349/6 1503/2337/6
f 1503/2337/4 1505/2349/4 1504/2346/4 1502/2336/4
f 1399/2150/6 1398/2149/6 1507/2347/6 1501/2334/6
f 1371/2110/3 1298/2009/3 1325/2282/3 1368/2107/3
f 1508/2350/3 1324/2351/3 1142/2054/3 1509/2352/3
f 1368/2107/3 1325/2282/3 1324/2351/3 1508/2350/3
f 1509/2352/3 1142/2054/3 1298/2009/3 1371/2110/3
f 1369/2353/3 1510/2354/3 1511/2355/3 1370/2356/3
f 1371/2110/5 1370/2109/5 1511/2357/5 1509/2352/5
f 1509/2352/4 1511/2357/4 1510/2358/4 1508/2350/4
f 1508/2350/6 1510/2358/6 1369/2108/6 1368/2107/6
f 1512/2359/2 1513/2360/2 1514/2361/2 1515/2362/2
f 1516/2363/6 1517/2364/6 1518/2365/6 1519/2366/6
f 1520/2367/5 1283/1992/5 1292/2001/5 1291/2000/5
f 1521/2368/5 1520/2369/5 1291/2370/5 1337/2371/5
f 1522/2372/1 1523/2373/1 1524/2374/1 1525/2375/1
f 1280/2376/5 369/890/5 1359/2377/5 1281/2378/5
f 1526/2379/6 1527/2380/6 1528/2381/6 1529/2382/6
f 1513/2383/2 1530/2384/2 1531/2385/2 1517/2386/2
f 1367/2387/5 1532/2388/5 1533/2389/5 1301/2390/5
f 369/890/5 602/904/5 1534/2391/5 1359/2377/5
f 1366/2105/5 1343/2104/5 1298/2009/5 1297/2008/5
f 1343/2392/5 1535/2393/5 1301/2390/5 1300/2394/5 1266/2395/5 1267/2396/5 1298/2397/5
f 1512/2398/2 1536/2399/2 1530/2384/2 1513/2383/2
f 1537/2400/1 1538/2401/1 1315/2402/1 1337/2371/1
f 1283/2403/5 1539/2404/5 1540/2405/5 1292/2406/5
f 1535/2407/5 1367/2106/5 1301/2012/5
f 1541/2408/3 1542/2409/3 1543/2410/3 1544/2411/3
f 613/925/4 615/927/4 1545/2412/4
f 1546/2413/1 1547/2414/1 1548/2415/1 1549/2416/1
f 1521/2368/5 1314/2417/5 1322/2418/5 1281/2378/5
f 1298/2397/3 1142/2419/3 1550/2420/3 1551/2421/3
f 1552/2422/1 1553/2423/1 1536/2399/1 1512/2398/1
f 1517/2364/3 1554/2424/3 1555/2425/3
f 1281/2378/3 1322/2418/3 1556/2426/3 1557/2427/3
f 1395/2144/1 1134/2428/1 1133/2116/1
f 1314/2417/2 1315/2402/2 1538/2401/2 1558/2429/2
f 1266/2395/5 1559/2430/5 1560/2431/5 1267/2396/5
f 1561/2432/3 1562/2433/3 1563/2434/3 1564/2435/3
f 1565/2436/1 1566/2437/1 1538/2438/1 1537/2439/1
f 1567/2440/6 1568/2441/6 1569/2442/6 1570/2443/6
f 1297/2444/2 1298/2397/2 1551/2421/2 1571/2445/2
f 1518/2446/3 1572/2447/3 1526/2448/3 1529/2449/3
f 1573/2450/6 1574/2451/6 1575/2452/6 1576/2453/6
f 1577/2454/3 1578/2455/3 1579/2456/3 1580/2457/3
f 1366/2458/5 1581/2459/5 1582/2460/5 1343/2392/5
f 1280/2376/2 1281/2378/2 1557/2427/2 1583/2461/2
f 1517/2364/6 1555/2425/6 1584/2462/6 1513/2463/6
f 1583/2461/1 1585/2464/1 1361/2465/1 1280/2376/1
f 1529/2382/6 1528/2381/6 1586/2466/6 1587/2467/6
f 1545/2468/14 1588/2469/14 1589/2470/14 1577/2471/14
f 1577/2472/4 613/925/4 1545/2412/4
f 1590/2473/1 1591/2474/1 1585/2475/1 1583/2476/1
f 1544/2477/14 1549/2478/14 1591/2479/14 1590/2480/14
f 1580/2481/4 1592/2482/4 662/997/4 613/925/4 1577/2472/4
f 1593/2483/2 1594/2484/2 1595/2485/2 1596/2486/2
f 1557/2487/3 1556/2488/3 1541/2489/3 1544/2490/3
f 1352/2491/5 1321/2492/5 1320/2493/5 1393/2494/5 1142/2419/5 1298/2397/5 1353/2495/5
f 1597/2496/1 1598/2497/1 1599/2498/1 1600/2499/1
f 1515/2500/6 1601/2501/6 1574/2451/6 1573/2450/6
f 1602/2502/4 1603/2503/4 1604/2504/4 1605/2505/4
f 1606/2506/1 1607/2507/1 1608/2508/1 1609/2509/1
f 1610/2510/1 1611/2511/1 1522/2512/1 1525/2513/1
f 1612/2514/1 1613/2515/1 1614/2516/1 1615/2517/1
f 1583/2476/2 1557/2518/2 1544/2519/2 1590/2473/2
f 1616/2520/4 690/1039/4 689/1038/4 1617/2521/4
f 1393/2494/2 1320/2493/2 1618/2522/2 1619/2523/2
f 1619/2524/2 1618/2525/2 1620/2526/2 1621/2527/2
f 1622/2528/2 1623/2529/2 1624/2530/2 1625/2531/2
f 1514/2532/6 1626/2533/6 1601/2501/6 1515/2500/6
f 1550/2534/4 1627/2535/4 1628/2536/4 1554/2537/4
f 1629/2538/6 1630/2539/6 1631/2540/6 1632/2541/6
f 1513/2463/1 1584/2462/1 1633/2542/1 1514/2543/1
f 1605/2505/5 1604/2504/5 1634/2544/5 1635/2545/5
f 1632/2546/4 1633/2547/4 1584/2548/4 1636/2549/4
f 1353/2495/5 1637/2550/5 1638/2551/5 1352/2491/5
f 1267/2396/5 1353/2495/5 1298/2397/5
f 1564/2435/5 1563/2434/5 1639/2552/5 1640/2553/5
f 1641/2554/1 1642/2555/1 1643/2556/1 1644/2557/1
f 1611/2558/6 1645/2559/6 1646/2560/6 1647/2561/6
f 1322/2418/2 1314/2417/2 1558/2429/2 1556/2426/2
f 1577/2562/3 1648/2563/3 1649/2564/3 1578/2565/3
f 1337/2371/5 1315/2402/5 1314/2417/5 1521/2368/5
f 1566/2566/2 1650/2567/2 1651/2568/2 1652/2569/2
f 1057/2050/4 1653/2570/4 1654/2571/4 1324/2051/4
f 1281/2378/5 1359/2377/5 1520/2369/5 1521/2368/5
f 1359/2103/5 1284/1993/5 1283/1992/5 1520/2367/5
f 1655/2572/3 1656/2573/3 1657/2574/3 1658/2575/3
f 1337/2371/2 1297/2444/2 1571/2445/2 1537/2400/2
f 1570/2443/3 1569/2442/3 1659/2576/3 1660/2577/3
f 1291/2184/5 1366/2105/5 1297/2008/5 1337/2187/5
f 1565/2578/6 1516/2363/6 1519/2366/6 1525/2579/6
f 1661/2580/3 1662/2581/3 1663/2582/3 1664/2583/3
f 1665/2584/1 1666/2585/1 1667/2586/1 1668/2587/1
f 1343/2075/5 1344/2076/5 1367/2106/5 1535/2407/5
f 1669/2588/6 1670/2589/6 1527/2380/6 1526/2379/6
f 1671/2590/4 1610/2591/4 1525/2579/4 1672/2592/4
f 1673/2593/4 1579/2456/4 1578/2455/4 1640/2553/4
f 1674/2594/4 1526/2448/4 1572/2447/4 1675/2595/4
f 1561/2432/4 1647/2596/4 1579/2456/4 1673/2593/4
f 1640/2553/4 1578/2455/4 1676/2597/4 1564/2435/4
f 1564/2435/4 1676/2597/4 1647/2596/4 1561/2432/4
f 1677/2598/4 1587/2599/4 1610/2591/4 1671/2590/4
f 1672/2592/4 1525/2579/4 1519/2366/4 1678/2600/4
f 1678/2600/4 1519/2366/4 1587/2599/4 1677/2598/4
f 1661/2580/4 1669/2601/4 1526/2448/4 1674/2594/4
f 1675/2595/4 1572/2447/4 1679/2602/4 1664/2583/4
f 1664/2583/4 1679/2602/4 1669/2601/4 1661/2580/4
f 1680/2603/4 1522/2512/4 1611/2511/4 1681/2604/4
f 1682/2605/4 1518/2365/4 1529/2606/4 1683/2607/4
f 1660/2577/4 1684/2608/4 1576/2609/4 1570/2443/4
f 1570/2443/4 1576/2609/4 1669/2601/4 1567/2440/4
f 1683/2607/4 1529/2606/4 1587/2599/4 1615/2517/4
f 1612/2514/4 1519/2366/4 1518/2365/4 1682/2605/4
f 1685/2610/4 1679/2602/4 1684/2608/4 1660/2577/4
f 1681/2604/4 1611/2511/4 1647/2596/4 1686/2611/4
f 1687/2612/4 1676/2597/4 1522/2512/4 1680/2603/4
f 1686/2611/4 1647/2596/4 1676/2597/4 1687/2612/4
f 1615/2517/4 1587/2599/4 1519/2366/4 1612/2514/4
f 1567/2440/4 1669/2601/4 1679/2602/4 1685/2610/4
f 1688/2613/4 1659/2614/4 1569/2615/4 1568/2616/4
f 1613/2617/4 1689/2618/4 1690/2619/4 1614/2620/4
f 1562/2621/4 1691/2622/4 1639/2623/4 1563/2624/4
f 1692/2625/4 1693/2626/4 1694/2627/4 1695/2628/4
f 1696/2629/4 1697/2630/4 1698/2631/4 1699/2632/4
f 1700/2633/4 1663/2634/4 1662/2635/4 1701/2636/4
f 1685/2610/1 1688/2637/1 1568/2441/1 1567/2440/1
f 1615/2517/6 1614/2516/6 1690/2638/6 1683/2607/6
f 1671/2590/6 1699/2639/6 1698/2640/6 1677/2598/6
f 1682/2605/5 1689/2641/5 1613/2515/5 1612/2514/5
f 1678/2600/5 1697/2642/5 1696/2643/5 1672/2592/5
f 1672/2592/1 1696/2643/1 1699/2639/1 1671/2590/1
f 1660/2577/5 1659/2576/5 1688/2637/5 1685/2610/5
f 1677/2598/3 1698/2640/3 1697/2642/3 1678/2600/3
f 1640/2553/1 1639/2552/1 1691/2644/1 1673/2593/1
f 1686/2611/6 1693/2645/6 1692/2646/6 1681/2604/6
f 1674/2594/6 1701/2647/6 1662/2581/6 1661/2580/6
f 1681/2604/3 1692/2646/3 1695/2648/3 1680/2603/3
f 1675/2595/1 1700/2649/1 1701/2647/1 1674/2594/1
f 1680/2603/5 1695/2648/5 1694/2650/5 1687/2612/5
f 1664/2583/5 1663/2582/5 1700/2649/5 1675/2595/5
f 1683/2607/3 1690/2638/3 1689/2641/3 1682/2605/3
f 1673/2593/6 1691/2644/6 1562/2433/6 1561/2432/6
f 1687/2612/1 1694/2650/1 1693/2645/1 1686/2611/1
f 1702/2651/3 1703/2652/3 1704/2653/3 1534/2391/3
f 1528/2381/3 1527/2380/3 1705/2654/3 1582/2460/3
f 1586/2466/4 1528/2381/4 1582/2460/4 1581/2459/4
f 1670/2589/4 1575/2452/4 1533/2389/4 1532/2388/4
f 1706/2655/1 1540/2405/1 1645/2559/1 1707/2656/1
f 1539/2404/4 1704/2653/4 1703/2652/4 1646/2560/4
f 1534/2391/4 602/904/4 782/1176/4 1708/2657/4 1702/2651/4
f 1540/2405/4 1539/2404/4 1646/2560/4 1645/2559/4
f 1707/2656/4 1586/2466/4 1581/2459/4 1706/2655/4
f 1527/2380/4 1670/2589/4 1532/2388/4 1705/2654/4
f 1284/2658/5 1704/2653/5 1539/2404/5 1283/2403/5
f 1610/2659/6 1707/2656/6 1645/2559/6 1611/2558/6
f 1291/2370/5 1706/2655/5 1581/2459/5 1366/2458/5
f 1344/2660/5 1705/2654/5 1532/2388/5 1367/2387/5
f 1580/2661/6 1702/2651/6 1708/2657/6 1592/2662/6
f 1343/2392/5 1582/2460/5 1705/2654/5 1344/2660/5
f 1292/2406/5 1540/2405/5 1706/2655/5 1291/2370/5
f 1579/2663/6 1703/2652/6 1702/2651/6 1580/2661/6
f 1587/2467/6 1586/2466/6 1707/2656/6 1610/2659/6
f 1576/2453/6 1575/2452/6 1670/2589/6 1669/2588/6
f 1647/2561/6 1646/2560/6 1703/2652/6 1579/2663/6
f 1359/2377/5 1534/2391/5 1704/2653/5 1284/2658/5
f 1559/2430/1 1709/2664/1 1574/2451/1 1601/2501/1
f 1709/2664/1 1533/2389/1 1575/2452/1 1574/2451/1
f 1630/2539/1 1710/2665/1 1711/2666/1 1712/2667/1
f 1626/2533/1 1713/2668/1 1637/2550/1 1560/2431/1
f 1601/2501/2 1626/2533/2 1560/2431/2 1559/2430/2
f 1638/2551/4 1637/2550/4 1713/2668/4 1631/2540/4
f 1633/2669/6 1713/2668/6 1626/2533/6 1514/2532/6
f 1321/2492/5 1712/2667/5 1711/2666/5 1320/2493/5
f 1632/2541/6 1631/2540/6 1713/2668/6 1633/2669/6
f 1320/2493/2 1711/2666/2 1710/2665/2 1618/2522/2
f 1300/2394/5 1709/2664/5 1559/2430/5 1266/2395/5
f 1301/2390/5 1533/2389/5 1709/2664/5 1300/2394/5
f 1267/2396/5 1560/2431/5 1637/2550/5 1353/2495/5
f 419/1189/2 1361/2465/2 1585/2464/2 788/1190/2
f 788/1191/2 1585/2475/2 1591/2474/2 789/1192/2
f 1280/2670/5 1361/2671/5 419/1195/5 790/1194/5
f 1609/2509/2 1565/2578/2 1537/2672/2 1606/2506/2
f 1714/2673/2 1541/2489/2 1556/2488/2 1715/2674/2
f 1715/2674/2 1556/2488/2 1558/2675/2 1716/2676/2
f 1717/2677/2 1652/2678/2 1541/2489/2 1714/2673/2
f 1716/2676/2 1558/2675/2 1652/2678/2 1717/2677/2
f 1606/2506/2 1537/2672/2 1571/2679/2 1658/2575/2
f 1655/2572/2 1516/2363/2 1565/2578/2 1609/2509/2
f 1658/2575/2 1571/2679/2 1516/2363/2 1655/2572/2
f 1718/2680/2 1551/2681/2 1517/2364/2 1719/2682/2
f 1720/2683/2 1538/2438/2 1566/2437/2 1721/2684/2
f 1641/2554/2 1558/2675/2 1538/2438/2 1720/2683/2
f 1597/2496/2 1571/2679/2 1551/2681/2 1718/2680/2
f 1721/2684/2 1566/2437/2 1652/2678/2 1644/2557/2
f 1719/2682/2 1517/2364/2 1516/2363/2 1600/2499/2
f 1644/2557/2 1652/2678/2 1558/2675/2 1641/2554/2
f 1600/2499/2 1516/2363/2 1571/2679/2 1597/2496/2
f 1642/2685/2 1722/2686/2 1723/2687/2 1643/2688/2
f 1598/2689/2 1724/2690/2 1725/2691/2 1599/2692/2
f 1726/2693/2 1727/2694/2 1728/2695/2 1729/2696/2
f 1607/2697/2 1657/2698/2 1656/2699/2 1608/2700/2
f 1715/2674/1 1726/2701/1 1729/2702/1 1714/2673/1
f 1719/2682/3 1725/2703/3 1724/2704/3 1718/2680/3
f 1716/2676/6 1727/2705/6 1726/2701/6 1715/2674/6
f 1721/2684/3 1723/2706/3 1722/2707/3 1720/2683/3
f 1714/2673/5 1729/2702/5 1728/2708/5 1717/2677/5
f 1720/2683/6 1722/2707/6 1642/2555/6 1641/2554/6
f 1717/2677/3 1728/2708/3 1727/2705/3 1716/2676/3
f 1718/2680/6 1724/2704/6 1598/2497/6 1597/2496/6
f 1658/2575/6 1657/2574/6 1607/2507/6 1606/2506/6
f 1644/2557/5 1643/2556/5 1723/2706/5 1721/2684/5
f 1609/2509/5 1608/2508/5 1656/2573/5 1655/2572/5
f 1600/2499/5 1599/2498/5 1725/2703/5 1719/2682/5
f 1730/2709/1 1576/2609/1 1684/2608/1 1731/2710/1
f 1732/2711/1 1552/2712/1 1573/2713/1 1733/2714/1
f 1733/2714/1 1573/2713/1 1576/2609/1 1730/2709/1
f 1731/2710/1 1684/2608/1 1552/2712/1 1732/2711/1
f 1605/2505/1 1512/2359/1 1515/2362/1 1602/2502/1
f 1734/2715/1 1573/2713/1 1552/2712/1 1635/2545/1
f 1635/2545/1 1552/2712/1 1512/2359/1 1605/2505/1
f 1602/2502/1 1515/2362/1 1573/2713/1 1734/2715/1
f 1735/2716/1 1736/2717/1 1737/2718/1 1738/2719/1
f 1603/2720/1 1739/2721/1 1634/2722/1 1604/2723/1
f 1730/2709/6 1736/2724/6 1735/2725/6 1733/2714/6
f 1734/2715/6 1739/2726/6 1603/2503/6 1602/2502/6
f 1731/2710/2 1737/2727/2 1736/2724/2 1730/2709/2
f 1635/2545/2 1634/2544/2 1739/2726/2 1734/2715/2
f 1732/2711/5 1738/2728/5 1737/2727/5 1731/2710/5
f 1733/2714/4 1735/2725/4 1738/2728/4 1732/2711/4
f 1352/2491/5 1638/2551/5 1712/2667/5 1321/2492/5
f 1631/2540/1 1630/2539/1 1712/2667/1 1638/2551/1
f 1618/2522/6 1710/2665/6 1630/2539/6 1629/2538/6
f 1740/2729/2 1741/2730/2 1742/2731/2 1743/2732/2
f 1625/2531/1 1632/2546/1 1636/2549/1 1622/2528/1
f 1622/2528/1 1636/2549/1 1744/2733/1 1745/2734/1
f 1746/2735/1 1629/2736/1 1632/2546/1 1625/2531/1
f 1745/2734/1 1744/2733/1 1629/2736/1 1746/2735/1
f 1747/2737/1 1620/2526/1 1618/2525/1 1748/2738/1
f 1740/2729/1 1744/2733/1 1620/2526/1 1747/2737/1
f 1748/2738/1 1618/2525/1 1629/2736/1 1743/2732/1
f 1743/2732/1 1629/2736/1 1744/2733/1 1740/2729/1
f 1741/2739/1 1749/2740/1 1750/2741/1 1742/2742/1
f 1623/2743/1 1751/2744/1 1752/2745/1 1624/2746/1
f 1747/2737/5 1749/2747/5 1741/2730/5 1740/2729/5
f 1746/2735/4 1752/2748/4 1751/2749/4 1745/2734/4
f 1745/2734/5 1751/2749/5 1623/2529/5 1622/2528/5
f 1743/2732/6 1742/2731/6 1750/2750/6 1748/2738/6
f 1748/2738/4 1750/2750/4 1749/2747/4 1747/2737/4
f 1625/2531/6 1624/2530/6 1752/2748/6 1746/2735/6
f 1596/2486/3 1517/2364/3 1551/2681/3 1593/2483/3
f 1753/2751/3 1550/2752/3 1554/2424/3 1754/2753/3
f 1593/2483/3 1551/2681/3 1550/2752/3 1753/2751/3
f 1754/2753/3 1554/2424/3 1517/2364/3 1596/2486/3
f 1594/2754/3 1755/2755/3 1756/2756/3 1595/2757/3
f 1596/2486/5 1595/2485/5 1756/2758/5 1754/2753/5
f 1754/2753/4 1756/2758/4 1755/2759/4 1753/2751/4
f 1753/2751/6 1755/2759/6 1594/2484/6 1593/2483/6
f 1679/2760/4 1757/2761/4 1758/2762/4 1684/2763/4
f 1555/2764/4 1759/2765/4 1760/2766/4 1584/2767/4
f 1761/2768/4 1762/2769/4 1763/2770/4 1764/2771/4
f 1765/2772/4 1766/2773/4 1767/2774/4 1768/2775/4
f 1668/2587/2 1667/2586/2 1769/2776/2 1770/2777/2
f 1771/2778/2 1772/2779/2 1773/2780/2 1774/2781/2
f 1768/2775/1 1767/2774/1 1775/2782/1 1776/2783/1
f 1770/2777/2 1769/2776/2 1777/2784/2 1778/2785/2
f 1776/2783/1 1775/2782/1 1666/2585/1 1665/2584/1
f 1779/2786/3 1780/2787/3 1781/2788/3 1782/2789/3
f 1783/2790/3 1784/2791/3 1785/2792/3 1786/2793/3
f 1554/2794/3 1787/2795/3 1759/2765/3 1555/2764/3
f 1572/2796/4 1788/2797/4 1757/2761/4 1679/2760/4
f 1518/2798/3 1789/2799/3 1788/2797/3 1572/2796/3
f 1676/2800/4 1790/2801/4 1523/2373/4 1522/2372/4
f 1620/2802/2 1791/2803/2 1792/2804/2 1621/2805/2
f 1684/2763/1 1758/2762/1 1553/2423/1 1552/2422/1
f 1584/2767/4 1760/2766/4 1793/2806/4 1636/2807/4
f 1578/2565/4 1649/2564/4 1790/2801/4 1676/2800/4
f 1652/2569/2 1651/2568/2 1542/2409/2 1541/2408/2
f 1517/2386/3 1531/2385/3 1789/2799/3 1518/2798/3
f 1636/2807/1 1793/2806/1 1794/2808/1 1744/2809/1
f 1544/2411/3 1543/2410/3 1648/2563/3 1577/2562/3
f 1565/2810/1 1795/2811/1 1650/2567/1 1566/2566/1
f 1744/2809/1 1794/2808/1 1791/2803/1 1620/2802/1
f 1525/2375/1 1524/2374/1 1795/2811/1 1565/2810/1
f 1783/2790/6 1795/2811/6 1524/2374/6 1796/2812/6
f 1665/2584/6 1648/2563/6 1543/2410/6 1776/2783/6
f 1770/2777/6 1790/2801/6 1649/2564/6 1668/2587/6
f 1668/2587/6 1649/2564/6 1648/2563/6 1665/2584/6
f 1796/2812/6 1524/2374/6 1523/2373/6 1778/2785/6
f 1797/2813/6 1789/2799/6 1531/2385/6 1798/2814/6
f 1771/2778/6 1788/2797/6 1789/2799/6 1797/2813/6
f 1765/2772/6 1651/2568/6 1650/2567/6 1786/2793/6
f 1786/2793/6 1650/2567/6 1795/2811/6 1783/2790/6
f 1776/2783/6 1543/2410/6 1542/2409/6 1768/2775/6
f 1764/2771/6 1530/2384/6 1536/2399/6 1761/2768/6
f 1799/2815/6 1792/2804/6 1791/2803/6 1782/2789/6
f 1779/2786/6 1794/2808/6 1793/2806/6 1800/2816/6
f 1801/2817/6 1787/2795/6 1802/2818/6 1803/2819/6
f 1800/2816/6 1793/2806/6 1760/2766/6 1804/2820/6
f 1798/2814/6 1531/2385/6 1530/2384/6 1764/2771/6
f 1778/2785/6 1523/2373/6 1790/2801/6 1770/2777/6
f 1768/2775/6 1542/2409/6 1651/2568/6 1765/2772/6
f 1804/2820/6 1760/2766/6 1759/2765/6 1805/2821/6
f 1805/2821/6 1759/2765/6 1787/2795/6 1801/2817/6
f 1761/2768/6 1536/2399/6 1553/2423/6 1806/2822/6
f 1806/2822/6 1553/2423/6 1758/2762/6 1807/2823/6
f 1807/2823/6 1758/2762/6 1757/2761/6 1774/2781/6
f 1782/2789/6 1791/2803/6 1794/2808/6 1779/2786/6
f 1774/2781/6 1757/2761/6 1788/2797/6 1771/2778/6
f 1808/2824/6 1809/2825/6 1666/2826/6 1775/2827/6
f 1809/2825/6 1769/2828/6 1667/2829/6 1666/2826/6
f 1810/2830/6 1763/2831/6 1762/2832/6 1811/2833/6 1812/2834/6 1773/2835/6 1813/2836/6
f 1773/2835/6 1772/2837/6 1813/2836/6
f 1808/2824/6 1766/2838/6 1785/2839/6 1784/2840/6
f 1775/2827/6 1767/2841/6 1766/2838/6 1808/2824/6
f 1814/2842/6 1777/2843/6 1769/2828/6 1809/2825/6
f 1784/2840/6 1814/2842/6 1809/2825/6 1808/2824/6
f 1815/2844/6 1816/2845/6 1780/2846/6 1817/2847/6 1818/2848/6
f 1816/2845/6 1819/2849/6 1820/2850/6 1781/2851/6 1780/2846/6
f 1805/2821/2 1815/2852/2 1818/2853/2 1804/2820/2
f 1782/2789/4 1781/2788/4 1820/2854/4 1799/2815/4
f 1778/2785/3 1777/2784/3 1814/2855/3 1796/2812/3
f 1801/2817/1 1816/2856/1 1815/2852/1 1805/2821/1
f 1800/2816/3 1817/2857/3 1780/2787/3 1779/2786/3
f 1798/2814/1 1810/2858/1 1813/2859/1 1797/2813/1
f 1806/2822/3 1811/2860/3 1762/2769/3 1761/2768/3
f 1799/2815/1 1820/2854/1 1819/2861/1 1803/2819/1
f 1797/2813/1 1813/2859/1 1772/2779/1 1771/2778/1
f 1807/2823/3 1812/2862/3 1811/2860/3 1806/2822/3
f 1804/2820/2 1818/2853/2 1817/2857/2 1800/2816/2
f 1786/2793/4 1785/2792/4 1766/2773/4 1765/2772/4
f 1774/2781/2 1773/2780/2 1812/2862/2 1807/2823/2
f 1796/2812/3 1814/2855/3 1784/2791/3 1783/2790/3
f 1764/2771/4 1763/2770/4 1810/2858/4 1798/2814/4
f 662/1388/6 689/1390/6 1617/2863/6
f 1616/2520/5 690/1039/5 369/532/5
f 426/767/6 454/1392/6 1392/2864/6
f 1391/2140/5 455/645/5 85/101/5
f 898/1393/6 900/1396/6 1821/2865/6 1220/2866/6
f 1218/2867/2 1093/1684/2 1097/1683/2 1223/1881/2
f 1222/1880/2 1094/1678/2 1093/1677/2 1218/1876/2
f 901/1398/2 1219/2868/2 1822/2869/2 902/1399/2
f 275/371/5 902/1403/5 1822/2870/5 1223/1881/5
f 1223/1881/3 1822/2870/3 1219/2871/3 1218/2867/3
f 1823/2872/3 1329/2058/3 1136/1732/3 1824/2873/3
f 1653/2874/1 1134/1730/1 1133/1729/1 1146/1746/1
f 1824/2875/3 1136/1733/3 1134/1730/3 1653/2874/3
f 1653/2570/3 1134/2428/3 1395/2144/3 1654/2571/3
f 1143/1743/1 1393/2142/1 1144/1744/1
f 1654/2876/3 1395/2145/3 1393/2142/3 1143/1743/3
f 1143/2877/3 1393/2494/3 1619/2523/3 1627/2878/3
f 1627/2535/3 1619/2524/3 1621/2527/3 1628/2536/3
f 1621/2805/3 1792/2804/3 1802/2818/3 1628/2879/3
f 1108/1700/5 1329/2058/5 1823/2872/5 1053/1632/5
f 1393/2494/5 1143/2877/5 1142/2419/5
f 1142/2419/4 1143/2877/4 1627/2878/4 1550/2420/4
f 1324/2880/4 1654/2876/4 1143/1743/4 1142/1742/4
f 1053/1632/4 1823/2872/4 1824/2873/4 1054/1633/4
f 1054/2881/4 1824/2875/4 1653/2874/4 1057/2882/4
f 1133/2116/5 1134/2428/5 1653/2570/5 1057/2050/5
f 1133/1729/1 1134/1730/1 1136/1733/1
f 1057/2882/7 1653/2874/7 1146/1746/7 1058/1739/7
f 1554/2794/4 1628/2879/4 1802/2818/4 1787/2795/4
f 1802/2818/6 1792/2804/6 1799/2815/6 1803/2819/6
f 1819/2861/2 1816/2856/2 1801/2817/2 1803/2819/2
f 1825/2883/15 1826/2884/15 908/1418/15 907/1417/15
f 1827/2885/16 1828/2886/16 1826/2884/16 1825/2883/16
f 907/1417/15 913/1423/15 1829/2887/15 1825/2883/15
f 1590/2480/1 1825/2883/1 1829/2887/1 1591/2479/1
f 1577/2562/1 1828/2888/1 1827/2889/1 1544/2411/1
f 1828/2886/16 1830/2890/16 1831/2891/16 1826/2884/16
f 1588/2469/4 1831/2891/4 1830/2890/4 1589/2470/4
f 916/1428/4 917/1429/4 1831/2891/4 1588/2469/4
f 1577/2562/1 1589/2892/1 1830/2893/1 1828/2888/1
f 1826/2884/15 1831/2891/15 917/1429/15 908/1418/15
f 615/1432/17 916/1428/17 1588/2469/17 1545/2468/17
f 1549/2478/14 1548/2894/14 1832/2895/14 1591/2479/14
f 1832/2895/2 1833/2896/2 920/1436/2 919/1435/2
f 1825/2883/16 1829/2887/16 1546/2897/16 1827/2885/16
f 1827/2889/1 1546/2413/1 1549/2416/1 1544/2411/1
f 1548/2894/18 1547/2898/18 1833/2896/18 1832/2895/18
f 1591/2479/17 1832/2895/17 919/1435/17 789/1440/17
f 1829/2887/16 1833/2896/16 1547/2898/16 1546/2897/16
f 913/1423/15 920/1436/15 1833/2896/15 1829/2887/15
f 922/1441/4 925/1444/4 1834/2899/4 1835/2900/4
f 926/1445/4 369/593/4 1359/2095/4 1836/2901/4
f 1284/1993/3 1435/2201/3 1364/2902/3 1359/2103/3
f 926/1445/5 1834/2899/5 925/1444/5
f 1435/2201/4 1284/1993/4 1411/2170/4 1436/2202/4
f 1836/2901/4 1359/2095/4 1364/2101/4 1365/2102/4
f 425/603/6 1835/2900/6 1837/2903/6 1365/2102/6
f 1835/2900/6 1838/2904/6 1839/2905/6 1837/2903/6
f 1365/2102/3 1837/2903/3 1840/2906/3 1836/2901/3
f 425/603/6 922/1441/6 1835/2900/6
f 1836/2901/5 1840/2906/5 1834/2899/5 926/1445/5
f 1841/2907/4 1842/2908/4 1839/2909/4 1838/2910/4
f 1837/2903/3 1839/2905/3 1842/2911/3 1840/2906/3
f 1834/2899/1 1841/2912/1 1838/2904/1 1835/2900/1
f 1840/2906/5 1842/2911/5 1841/2912/5 1834/2899/5
f 1212/1862/3 1211/1861/3 1210/1860/3 1017/1585/3
f 992/1559/5 223/1459/5 934/1458/5 1016/1584/5
f 1062/2913/6 935/1463/6 179/1462/6 1063/2914/6
f 1132/2915/6 936/1465/6 935/1463/6 1062/2913/6
f 934/1458/5 937/1466/5 1016/1584/5
f 1130/2916/6 1843/2917/6 939/1469/6 938/1468/6
f 1016/1584/1 1844/2918/1 1843/2919/1 1130/1726/1
f 1130/1726/4 938/1474/4 942/1473/4 1131/1727/4
f 1132/2915/6 1131/2920/6 942/1475/6 936/1465/6
f 1016/1584/1 1845/2921/1 1846/2922/1 1844/2918/1
f 1844/2923/6 1846/2924/6 946/1481/6 945/1480/6
f 1844/2918/4 945/1484/4 939/1483/4 1843/2919/4
f 937/1466/5 947/1485/5 1016/1584/5
f 1845/2921/4 948/1487/4 946/1486/4 1846/2922/4
f 1845/2925/6 1847/2926/6 949/1490/6 948/1489/6
f 947/1485/5 951/1492/5 1016/1584/5
f 1848/2927/4 953/1496/4 949/1495/4 1847/2928/4
f 951/1492/5 953/1496/5 1848/2927/5 1016/1584/5
f 1016/1584/1 1848/2927/1 1847/2928/1 1845/2921/1
f 1849/2929/6 957/1500/6 956/1499/6 1850/2930/6
f 1592/2482/2 1850/2931/2 956/1501/2 662/997/2
f 782/1503/4 957/1500/4 1849/2929/4 1708/2932/4
f 1708/2932/1 1849/2929/1 1850/2930/1 1592/2933/1
f 1851/2934/1 1852/2935/1 1853/2936/1 1854/2937/1
f 1220/2938/2 1219/2868/2 901/1398/2 898/1511/2
f 1220/1878/19 1821/2939/19 1851/2934/19 1854/2937/19 1221/1879/19
f 1221/2940/5 1854/2941/5 963/1515/5 962/1514/5
f 964/1517/2 1853/2936/2 1852/2935/2 965/1518/2
f 1851/2934/2 1821/2939/2 900/1520/2 966/1519/2
f 1854/2941/5 1853/2942/5 964/1521/5 963/1515/5
f 966/1523/6 965/1526/6 1852/2943/6 1851/2944/6
f 1855/2945/2 970/1530/2 969/1529/2 1856/2946/2
f 1469/2270/2 1360/2097/2 1362/2099/2 1857/2947/2
f 534/1532/2 1356/2271/2 1469/2270/2 1857/2947/2 972/1533/2
f 1362/2099/3 1855/2948/3 1856/2949/3 1857/2947/3
f 418/596/5 970/1536/5 1855/2948/5 1362/2099/5
f 1857/2947/6 1856/2949/6 969/1537/6 972/1533/6
f 1858/2950/1 1859/2951/1 1860/2952/1 1861/2953/1
f 1860/2952/1 1862/2954/1 1863/2955/1 1861/2953/1
f 1864/2956/1 1865/2957/1 1866/2958/1 1867/2959/1
f 1867/2959/1 1868/2960/1 1861/2953/1
f 1868/2960/1 1869/2961/1 1870/2962/1 1861/2953/1
f 1870/2962/1 1871/2963/1 1872/2964/1 1861/2953/1
f 1873/2965/1 1874/2966/1 1875/2967/1 1861/2953/1
f 1872/2964/1 1876/2968/1 1873/2965/1 1861/2953/1
f 1875/2967/1 1877/2969/1 1878/2970/1 1879/2971/1
f 1880/2972/4 1866/2973/4 1881/2974/4 1882/2975/4
f 1858/2950/5 1861/2953/5 1883/2976/5 1884/2977/5
f 1878/2970/20 1877/2969/20 1885/2978/20 1886/2979/20
f 1879/2971/2 1878/2970/2 1886/2979/2 1887/2980/2
f 1888/2981/1 1889/2982/1 1890/2983/1 1891/2984/1
f 1868/2960/21 1880/2985/21 1882/2986/21 1892/2987/21
f 1874/2988/4 1873/2989/4 1893/2990/4 1894/2991/4
f 1872/2964/6 1871/2963/6 1895/2992/6 1896/2993/6
f 1871/2994/4 1870/2995/4 1897/2996/4 1895/2997/4
f 1869/2998/4 1868/2999/4 1892/3000/4 1898/3001/4
f 1899/3002/5 1900/3003/5 1901/3004/5 1902/3005/5
f 1864/3006/4 1863/3007/4 1903/3008/4 1904/3009/4
f 1862/3010/4 1860/3011/4 1905/3012/4 1906/3013/4
f 1860/2952/6 1859/2951/6 1907/3014/6 1905/3015/6
f 1875/2967/6 1874/2966/6 1894/3016/6 1908/3017/6
f 1863/2955/6 1862/2954/6 1906/3018/6 1903/3019/6
f 1859/3020/4 1858/3021/4 1884/3022/4 1907/3023/4
f 1870/2962/6 1869/2961/6 1898/3024/6 1897/3025/6
f 1866/2958/6 1865/2957/6 1909/3026/6 1881/3027/6
f 1910/3028/1 1911/3029/1 1912/3030/1 1913/3031/1
f 1911/3032/6 1914/3033/6 1915/3034/6 1912/3035/6
f 1916/3036/6 1917/3037/6 1918/3038/6 1919/3039/6
f 1920/3040/22 1921/3041/22 1922/3042/22 1923/3043/22
f 1924/3044/1 1916/3045/1 1919/3046/1 1925/3047/1
f 1917/3048/1 1926/3049/1 1927/3050/1 1918/3051/1
f 1889/3052/6 1924/3053/6 1925/3054/6 1890/3055/6
f 1873/2965/6 1876/2968/6 1928/3056/6 1893/3057/6
f 1929/3058/6 1930/3059/6 1931/3060/6 1932/3061/6
f 1933/3062/6 1888/3063/6 1891/3064/6 1934/3065/6
f 1935/3066/3 1920/3040/3 1923/3043/3 1936/3067/3
f 1937/3068/1 1933/3069/1 1934/3070/1 1938/3071/1
f 1926/3072/23 1939/3073/23 1940/3074/23 1927/3075/23
f 1939/3076/1 1929/3077/1 1932/3078/1 1940/3079/1
f 1941/3080/1 1899/3081/1 1902/3082/1 1942/3083/1
f 1876/3084/4 1872/3085/4 1896/3086/4 1928/3087/4
f 1943/3088/6 1937/3089/6 1938/3090/6 1944/3091/6
f 1914/3092/1 1945/3093/1 1946/3094/1 1915/3095/1
f 1900/3096/24 1899/3097/24 1941/3098/24 1945/3099/24
f 1900/3096/25 1945/3099/25 1914/3100/25 1911/3101/25
f 1910/3102/26 1935/3103/26 1900/3096/26 1911/3101/26
f 1939/3073/27 1926/3072/27 1935/3066/27 1929/3058/27
f 1926/3072/28 1917/3037/28 1916/3036/28 1935/3066/28
f 1916/3036/29 1924/3053/29 1889/3052/29 1935/3066/29
f 1889/3052/30 1888/3063/30 1933/3062/30 1935/3066/30
f 1943/3088/31 1935/3066/31 1933/3062/31 1937/3089/31
f 1945/3104/6 1941/3105/6 1942/3106/6 1946/3107/6
f 1908/3017/32 1894/3016/32 1893/3057/32 1887/2980/32
f 1896/2993/33 1887/2980/33 1893/3057/33 1928/3056/33
f 1897/3025/34 1887/2980/34 1896/2993/34 1895/2992/34
f 1892/2987/35 1887/2980/35 1897/3025/35 1898/3024/35
f 1892/2987/36 1882/2986/36 1881/3027/36 1887/2980/36
f 1904/3108/37 1887/2980/37 1881/3027/37 1909/3026/37
f 1903/3109/38 1906/3110/38 1905/3111/38 1883/3112/38
f 1884/3113/39 1883/3112/39 1905/3111/39 1907/3114/39
f 1921/3041/40 1920/3040/40 1935/3066/40 1943/3088/40
f 1921/3115/1 1943/3116/1 1944/3117/1 1922/3118/1
f 1900/3096/3 1935/3103/3 1936/3119/3 1901/3120/3
f 1885/2978/41 1908/3017/41 1887/2980/41 1886/2979/41
f 1877/3121/4 1875/3122/4 1908/3123/4 1885/3124/4
f 1861/3125/2 1879/3126/2 1887/3127/2 1883/3112/2
f 1875/2967/1 1879/2971/1 1861/2953/1
f 1930/3059/42 1929/3058/42 1935/3066/42 1910/3128/42
f 1930/3129/1 1910/3028/1 1913/3031/1 1931/3130/1
f 1903/3109/43 1883/3112/43 1887/3127/43 1904/3131/43
f 1865/3132/4 1864/3006/4 1904/3009/4 1909/3133/4
f 1866/2958/1 1880/2985/1 1868/2960/1 1867/2959/1
f 1863/2955/1 1864/2956/1 1867/2959/1 1861/2953/1
f 1880/2972/4 1947/3134/4 1948/3135/4 1866/2973/4
f 1858/2950/5 1949/3136/5 1950/3137/5 1861/2953/5
f 1878/2970/20 1951/3138/20 1952/3139/20 1877/2969/20
f 1879/2971/2 1953/3140/2 1951/3138/2 1878/2970/2
f 1954/3141/3 1955/3142/3 1956/3143/3 1957/3144/3
f 1868/2960/21 1958/3145/21 1947/3146/21 1880/2985/21
f 1874/2988/4 1959/3147/4 1960/3148/4 1873/2989/4
f 1872/2964/6 1961/3149/6 1962/3150/6 1871/2963/6
f 1871/2994/4 1962/3151/4 1963/3152/4 1870/2995/4
f 1869/2998/4 1964/3153/4 1958/3154/4 1868/2999/4
f 1965/3155/5 1966/3156/5 1967/3157/5 1968/3158/5
f 1864/3006/4 1969/3159/4 1970/3160/4 1863/3007/4
f 1862/3010/4 1971/3161/4 1972/3162/4 1860/3011/4
f 1860/2952/6 1972/3163/6 1973/3164/6 1859/2951/6
f 1875/2967/6 1974/3165/6 1959/3166/6 1874/2966/6
f 1863/2955/6 1970/3167/6 1971/3168/6 1862/2954/6
f 1859/3020/4 1973/3169/4 1949/3170/4 1858/3021/4
f 1870/2962/6 1963/3171/6 1964/3172/6 1869/2961/6
f 1866/2958/6 1948/3173/6 1975/3174/6 1865/2957/6
f 1976/3175/3 1977/3176/3 1978/3177/3 1979/3178/3
f 1979/3179/6 1978/3180/6 1980/3181/6 1981/3182/6
f 1982/3183/6 1983/3184/6 1984/3185/6 1985/3186/6
f 1986/3187/44 1987/3188/44 1988/3189/44 1989/3190/44
f 1990/3191/3 1991/3192/3 1983/3193/3 1982/3194/3
f 1985/3195/3 1984/3196/3 1992/3197/3 1993/3198/3
f 1957/3199/6 1956/3200/6 1991/3201/6 1990/3202/6
f 1873/2965/6 1960/3203/6 1994/3204/6 1876/2968/6
f 1995/3205/6 1996/3206/6 1997/3207/6 1998/3208/6
f 1999/3209/6 2000/3210/6 1955/3211/6 1954/3212/6
f 2001/3213/1 2002/3214/1 1987/3188/1 1986/3187/1
f 2003/3215/3 2004/3216/3 2000/3217/3 1999/3218/3
f 1993/3219/45 1992/3220/45 2005/3221/45 2006/3222/45
f 2006/3223/3 2005/3224/3 1996/3225/3 1995/3226/3
f 2007/3227/3 2008/3228/3 1966/3229/3 1965/3230/3
f 1876/3084/4 1994/3231/4 1961/3232/4 1872/3085/4
f 2009/3233/6 2010/3234/6 2004/3235/6 2003/3236/6
f 1981/3237/3 1980/3238/3 2011/3239/3 2012/3240/3
f 1968/3241/46 2012/3242/46 2007/3243/46 1965/3244/46
f 1968/3241/47 1979/3245/47 1981/3246/47 2012/3242/47
f 1976/3247/48 1979/3245/48 1968/3241/48 2001/3248/48
f 2006/3222/49 1995/3205/49 2001/3213/49 1993/3219/49
f 1993/3219/50 2001/3213/50 1982/3183/50 1985/3186/50
f 1982/3183/51 2001/3213/51 1957/3199/51 1990/3202/51
f 1957/3199/52 2001/3213/52 1999/3209/52 1954/3212/52
f 2009/3233/53 2003/3236/53 1999/3209/53 2001/3213/53
f 2012/3249/6 2011/3250/6 2008/3251/6 2007/3252/6
f 1974/3165/54 1953/3140/54 1960/3203/54 1959/3166/54
f 1961/3149/55 1994/3204/55 1960/3203/55 1953/3140/55
f 1963/3171/56 1962/3150/56 1961/3149/56 1953/3140/56
f 1958/3145/57 1964/3172/57 1963/3171/57 1953/3140/57
f 1958/3145/58 1953/3140/58 1948/3173/58 1947/3146/58
f 1969/3253/59 1975/3174/59 1948/3173/59 1953/3140/59
f 1970/3254/60 1950/3255/60 1972/3256/60 1971/3257/60
f 1949/3258/61 1973/3259/61 1972/3256/61 1950/3255/61
f 1989/3190/62 2009/3233/62 2001/3213/62 1986/3187/62
f 1989/3260/3 1988/3261/3 2010/3262/3 2009/3263/3
f 1968/3241/1 1967/3264/1 2002/3265/1 2001/3248/1
f 1952/3139/63 1951/3138/63 1953/3140/63 1974/3165/63
f 1877/3121/4 1952/3266/4 1974/3267/4 1875/3122/4
f 1861/3125/2 1950/3255/2 1953/3268/2 1879/3126/2
f 1998/3208/64 1976/3269/64 2001/3213/64 1995/3205/64
f 1998/3270/3 1997/3271/3 1977/3176/3 1976/3175/3
f 1970/3254/65 1969/3272/65 1953/3268/65 1950/3255/65
f 1865/3132/4 1975/3273/4 1969/3159/4 1864/3006/4
f 2013/3274/4 2014/3275/4 2015/3276/4 2016/3277/4
f 2017/3278/4 2018/3279/4 2019/3280/4 2020/3281/4
f 2021/3282/4 2022/3283/4 2023/3284/4 2024/3285/4
f 2025/3286/4 2026/3287/4 2027/3288/4 2028/3289/4
f 2014/3275/4 2017/3278/4 2020/3281/4 2015/3276/4
f 2029/3290/2 2030/3291/2 2031/3292/2 2032/3293/2
f 2033/3294/2 2034/3295/2 2035/3296/2 2036/3297/2
f 2037/3298/2 2038/3299/2 2039/3300/2 2040/3301/2
f 2038/3299/5 2041/3302/5 2042/3303/5 2043/3304/5
f 2044/3305/4 2045/3306/4 2046/3307/4 2047/3308/4
f 2048/3309/4 2044/3305/4 2047/3308/4 2049/3310/4
f 2045/3306/4 2050/3311/4 2051/3312/4 2046/3307/4
f 2052/3313/6 2053/3314/6 2054/3315/6 2055/3316/6
f 2056/3317/1 2057/3318/1 2058/3319/1 2059/3320/1
f 2060/3321/5 2061/3322/5 2062/3323/5 2063/3324/5
f 2064/3325/6 2039/3300/6 2065/3326/6 2066/3327/6
f 2067/3328/3 2060/3321/3 2063/3324/3 2068/3329/3
f 2050/3311/4 2048/3309/4 2049/3310/4 2051/3312/4
f 2069/3330/2 2070/3331/2 2071/3332/2 2072/3333/2
f 2031/3292/3 2030/3291/3 2073/3334/3 2074/3335/3
f 2075/3336/3 2076/3337/3 2077/3338/3 2078/3339/3
f 2068/3329/4 2063/3324/4 2059/3320/4 2058/3319/4
f 2079/3340/4 2080/3341/4 2081/3342/4 2082/3343/4
f 2083/3344/4 2084/3345/4 2085/3346/4 2086/3347/4
f 2087/3348/2 2088/3349/2 2070/3331/2 2069/3330/2
f 2072/3333/2 2071/3332/2 2089/3350/2 2090/3351/2
f 2090/3351/2 2089/3350/2 2088/3349/2 2087/3348/2
f 2091/3352/4 2092/3353/4 2093/3354/4 2094/3355/4
f 2095/3356/6 2096/3357/6 2097/3358/6 2098/3359/6
f 2099/3360/6 2100/3361/6 2101/3362/6 2102/3363/6
f 2029/3290/1 2032/3293/1 2103/3364/1 2104/3365/1
f 2105/3366/2 2106/3367/2 2107/3368/2 2108/3369/2
f 2109/3370/3 2110/3371/3 2111/3372/3 2112/3373/3
f 2110/3371/6 2113/3374/6 2114/3375/6 2111/3372/6
f 2108/3369/2 2107/3368/2 2115/3376/2 2116/3377/2
f 2117/3378/2 2118/3379/2 2106/3367/2 2105/3366/2
f 2119/3380/4 2120/3381/4 2043/3304/4 2042/3303/4
f 2121/3382/2 2122/3383/2 2123/3384/2 2124/3385/2
f 2032/3293/2 2031/3292/2 2125/3386/2 2126/3387/2
f 2127/3388/1 2121/3382/1 2083/3344/1 2128/3389/1
f 2116/3377/2 2115/3376/2 2118/3379/2 2117/3378/2
f 2129/3390/4 2094/3355/4 2093/3354/4 2130/3391/4
f 2131/3392/2 2132/3393/2 2133/3394/2 2134/3395/2
f 2123/3384/5 2085/3346/5 2135/3396/5 2136/3397/5
f 2137/3398/4 2138/3399/4 2139/3400/4 2140/3401/4
f 2141/3402/6 2142/3403/6 2054/3315/6 2053/3314/6
f 2143/3404/4 2054/3315/4 2142/3403/4 2062/3323/4
f 2084/3345/3 2124/3385/3 2144/3405/3 2143/3404/3
f 2145/3406/2 2146/3407/2 2132/3393/2 2131/3392/2
f 2134/3395/2 2133/3394/2 2147/3408/2 2148/3409/2
f 2148/3409/2 2147/3408/2 2146/3407/2 2145/3406/2
f 2149/3410/4 2150/3411/4 2151/3412/4 2078/3339/4
f 2152/3413/5 2153/3414/5 2026/3287/5 2025/3286/5
f 2154/3415/4 2129/3390/4 2130/3391/4 2102/3363/4
f 2123/3384/5 2122/3383/5 2086/3347/5 2085/3346/5
f 2155/3416/2 2156/3417/2 2157/3418/2 2158/3419/2
f 2095/3356/2 2159/3420/2 2160/3421/2 2096/3357/2
f 2161/3422/6 2162/3423/6 2024/3285/6 2023/3284/6
f 2158/3419/2 2157/3418/2 2163/3424/2 2164/3425/2
f 2165/3426/2 2166/3427/2 2156/3417/2 2155/3416/2
f 2167/3428/1 2168/3429/1 2169/3430/1 2170/3431/1
f 2063/3324/4 2062/3323/4 2142/3403/4 2059/3320/4
f 2143/3404/4 2128/3389/4 2055/3316/4 2054/3315/4
f 2171/3432/2 2172/3433/2 2173/3434/2 2174/3435/2
f 2164/3425/2 2163/3424/2 2166/3427/2 2165/3426/2
f 2040/3301/5 2175/3436/5 2176/3437/5 2177/3438/5
f 2178/3439/2 2179/3440/2 2180/3441/2 2181/3442/2
f 2182/3443/2 2183/3444/2 2184/3445/2 2185/3446/2
f 2186/3447/6 2187/3448/6 2188/3449/6 2189/3450/6
f 2183/3444/5 2190/3451/5 2191/3452/5 2192/3453/5
f 2193/3454/6 2184/3445/6 2194/3455/6 2195/3456/6
f 2196/3457/2 2197/3458/2 2198/3459/2 2199/3460/2
f 2200/3461/2 2201/3462/2 2179/3440/2 2178/3439/2
f 2181/3442/2 2180/3441/2 2202/3463/2 2203/3464/2
f 2203/3464/2 2202/3463/2 2201/3462/2 2200/3461/2
f 2204/3465/2 2152/3413/2 2205/3466/2 2161/3422/2
f 2095/3356/1 2098/3359/1 2022/3283/1 2205/3466/1
f 2206/3467/4 2101/3362/4 2207/3468/4 2208/3469/4
f 2209/3470/6 2210/3471/6 2211/3472/6 2212/3473/6
f 2213/3474/2 2214/3475/2 2215/3476/2 2216/3477/2
f 2098/3359/4 2097/3358/4 2217/3478/4 2218/3479/4
f 2219/3480/3 2033/3294/3 2220/3481/3 2221/3482/3
f 2216/3477/2 2215/3476/2 2222/3483/2 2223/3484/2
f 2224/3485/2 2225/3486/2 2214/3475/2 2213/3474/2
f 2226/3487/4 2137/3398/4 2140/3401/4 2227/3488/4
f 2228/3489/5 2229/3490/5 2230/3491/5 2231/3492/5
f 2232/3493/1 2233/3494/1 2234/3495/1 2235/3496/1
f 2236/3497/3 2228/3489/3 2231/3492/3 2237/3498/3
f 2223/3484/2 2222/3483/2 2225/3486/2 2224/3485/2
f 2100/3361/2 2238/3499/2 2036/3297/2 2035/3296/2
f 2239/3500/5 2240/3501/5 2241/3502/5 2242/3503/5
f 2243/3504/5 2244/3505/5 2082/3343/5 2081/3342/5
f 2173/3434/6 2172/3433/6 2245/3506/6 2246/3507/6
f 2247/3508/2 2243/3504/2 2172/3433/2 2171/3432/2
f 2018/3279/4 2013/3274/4 2016/3277/4 2019/3280/4
f 2188/3449/3 2187/3448/3 2152/3413/3 2025/3286/3
f 2248/3509/4 2249/3510/4 2250/3511/4 2251/3512/4
f 2032/3293/6 2126/3387/6 2252/3513/6 2103/3364/6
f 2025/3286/4 2028/3289/4 2023/3284/4 2022/3283/4
f 2253/3514/2 2244/3505/2 2243/3504/2 2247/3508/2
f 2252/3513/3 2126/3387/3 2254/3515/3 2255/3516/3
f 2125/3386/5 2031/3292/5 2074/3335/5 2256/3517/5
f 2257/3518/4 2248/3509/4 2251/3512/4 2258/3519/4
f 2249/3510/4 2259/3520/4 2260/3521/4 2250/3511/4
f 2259/3520/4 2257/3518/4 2258/3519/4 2260/3521/4
f 2161/3422/6 2023/3284/6 2028/3289/6 2204/3465/6
f 2239/3500/5 2242/3503/5 2218/3479/5 2159/3420/5
f 2153/3414/1 2186/3447/1 2189/3450/1 2026/3287/1
f 2254/3515/5 2029/3290/5 2104/3365/5 2255/3516/5
f 2261/3522/4 2262/3523/4 2263/3524/4 2264/3525/4
f 2265/3526/2 2266/3527/2 2267/3528/2 2268/3529/2
f 2186/3447/2 2240/3501/2 2239/3500/2 2187/3448/2
f 2262/3523/4 2269/3530/4 2270/3531/4 2263/3524/4
f 2271/3532/4 2261/3522/4 2264/3525/4 2272/3533/4
f 2273/3534/1 2265/3526/1 2129/3390/1 2154/3415/1
f 2254/3515/2 2274/3535/2 2030/3291/2 2029/3290/2
f 2255/3516/4 2104/3365/4 2073/3334/4 2275/3536/4
f 2276/3537/4 2277/3538/4 2246/3507/4 2245/3506/4
f 2269/3530/4 2271/3532/4 2272/3533/4 2270/3531/4
f 2189/3450/4 2188/3449/4 2242/3503/4 2241/3502/4
f 2278/3539/4 2279/3540/4 2280/3541/4 2281/3542/4
f 2282/3543/4 2283/3544/4 2194/3455/4 2192/3453/4
f 2091/3352/4 2221/3482/4 2284/3545/4 2092/3353/4
f 2285/3546/4 2286/3547/4 2287/3548/4 2288/3549/4
f 2289/3550/6 2182/3443/6 2282/3543/6 2290/3551/6
f 2291/3552/4 2285/3546/4 2288/3549/4 2292/3553/4
f 2293/3554/4 2278/3539/4 2281/3542/4 2294/3555/4
f 2279/3540/4 2295/3556/4 2296/3557/4 2280/3541/4
f 2295/3556/4 2293/3554/4 2294/3555/4 2296/3557/4
f 2097/3358/4 2021/3282/4 2024/3285/4 2217/3478/4
f 2266/3527/3 2099/3360/3 2102/3363/3 2130/3391/3
f 2096/3357/3 2297/3558/3 2021/3282/3 2097/3358/3
f 2298/3559/2 2209/3470/2 2299/3560/2 2300/3561/2
f 2301/3562/4 2302/3563/4 2303/3564/4 2304/3565/4
f 2297/3558/5 2205/3466/5 2022/3283/5 2021/3282/5
f 2162/3423/1 2160/3421/1 2217/3478/1 2024/3285/1
f 2302/3563/4 2305/3566/4 2306/3567/4 2303/3564/4
f 2307/3568/4 2301/3562/4 2304/3565/4 2308/3569/4
f 2309/3570/6 2204/3465/6 2028/3289/6 2027/3288/6
f 2233/3494/5 2310/3571/5 2311/3572/5 2234/3495/5
f 2312/3573/6 2232/3493/6 2235/3496/6 2313/3574/6
f 2236/3497/2 2233/3494/2 2232/3493/2 2228/3489/2
f 2305/3566/4 2307/3568/4 2308/3569/4 2306/3567/4
f 2273/3534/2 2099/3360/2 2266/3527/2 2265/3526/2
f 2170/3431/4 2169/3430/4 2112/3373/4 2111/3372/4
f 2152/3413/2 2204/3465/2 2309/3570/2 2153/3414/2
f 2076/3337/6 2314/3575/6 2315/3576/6 2077/3338/6
f 2316/3577/6 2037/3298/6 2120/3381/6 2119/3380/6
f 2274/3535/2 2254/3515/2 2174/3435/2 2173/3434/2
f 2298/3559/1 2300/3561/1 2317/3578/1 2318/3579/1
f 2115/3376/5 2107/3368/5 2020/3281/5 2019/3280/5
f 2155/3416/1 2158/3419/1 2262/3523/1 2261/3522/1
f 2319/3580/4 2237/3498/4 2234/3495/4 2311/3572/4
f 2106/3367/6 2118/3379/6 2016/3277/6 2015/3276/6
f 2320/3581/4 2149/3410/4 2078/3339/4 2077/3338/4
f 2300/3561/2 2299/3560/2 2321/3582/2 2322/3583/2
f 2169/3430/4 2323/3584/4 2324/3585/4 2112/3373/4
f 2153/3414/2 2309/3570/2 2240/3501/2 2186/3447/2
f 2225/3486/1 2222/3483/1 2306/3567/1 2308/3569/1
f 2247/3508/3 2171/3432/3 2276/3537/3 2080/3341/3
f 2158/3419/6 2164/3425/6 2269/3530/6 2262/3523/6
f 2167/3428/2 2110/3371/2 2109/3370/2 2168/3429/2
f 2171/3432/5 2174/3435/5 2277/3538/5 2276/3537/5
f 2165/3426/5 2155/3416/5 2261/3522/5 2271/3532/5
f 2325/3586/4 2068/3329/4 2058/3319/4 2135/3396/4
f 2160/3421/5 2159/3420/5 2218/3479/5 2217/3478/5
f 2118/3379/1 2115/3376/1 2019/3280/1 2016/3277/1
f 2079/3340/4 2252/3513/4 2255/3516/4 2277/3538/4
f 2120/3381/4 2177/3438/4 2065/3326/4 2043/3304/4
f 2255/3516/4 2275/3536/4 2246/3507/4 2277/3538/4
f 2133/3394/1 2132/3393/1 2251/3512/1 2250/3511/1
f 2173/3434/6 2246/3507/6 2275/3536/6 2274/3535/6
f 2326/3587/1 2325/3586/1 2062/3323/1 2061/3322/1
f 2164/3425/3 2165/3426/3 2271/3532/3 2269/3530/3
f 2220/3481/4 2208/3469/4 2207/3468/4 2327/3588/4
f 2096/3357/2 2160/3421/2 2162/3423/2 2297/3558/2
f 2325/3586/4 2084/3345/4 2143/3404/4 2062/3323/4
f 2178/3439/3 2181/3442/3 2279/3540/3 2278/3539/3
f 2053/3314/2 2144/3405/2 2061/3322/2 2141/3402/2
f 2182/3443/3 2185/3446/3 2283/3544/3 2282/3543/3
f 2121/3382/6 2124/3385/6 2084/3345/6 2083/3344/6
f 2168/3429/2 2109/3370/2 2328/3589/2 2329/3590/2
f 2132/3393/5 2146/3407/5 2258/3519/5 2251/3512/5
f 2199/3460/2 2198/3459/2 2330/3591/2 2331/3592/2
f 2069/3330/3 2072/3333/3 2048/3309/3 2050/3311/3
f 2147/3408/6 2133/3394/6 2250/3511/6 2260/3521/6
f 2185/3446/5 2332/3593/5 2333/3594/5 2283/3544/5
f 2067/3328/2 2057/3318/2 2056/3317/2 2060/3321/2
f 2146/3407/3 2147/3408/3 2260/3521/3 2258/3519/3
f 2196/3457/1 2199/3460/1 2285/3546/1 2291/3552/1
f 2026/3287/4 2189/3450/4 2241/3502/4 2027/3288/4
f 2206/3467/4 2154/3415/4 2102/3363/4 2101/3362/4
f 2200/3461/6 2178/3439/6 2278/3539/6 2293/3554/6
f 2057/3318/5 2136/3397/5 2135/3396/5 2058/3319/5
f 2238/3499/2 2100/3361/2 2099/3360/2 2273/3534/2
f 2181/3442/5 2203/3464/5 2295/3556/5 2279/3540/5
f 2141/3402/6 2056/3317/6 2059/3320/6 2142/3403/6
f 2238/3499/5 2273/3534/5 2154/3415/5 2206/3467/5
f 2203/3464/1 2200/3461/1 2293/3554/1 2295/3556/1
f 2127/3388/2 2052/3313/2 2122/3383/2 2121/3382/2
f 2326/3587/2 2136/3397/2 2057/3318/2 2067/3328/2
f 2037/3298/3 2040/3301/3 2177/3438/3 2120/3381/3
f 2087/3348/6 2069/3330/6 2050/3311/6 2045/3306/6
f 2157/3418/3 2156/3417/3 2264/3525/3 2263/3524/3
f 2098/3359/4 2188/3449/4 2025/3286/4 2022/3283/4
f 2072/3333/5 2090/3351/5 2044/3305/5 2048/3309/5
f 2267/3528/5 2266/3527/5 2130/3391/5 2093/3354/5
f 2035/3296/6 2207/3468/6 2101/3362/6 2100/3361/6
f 2090/3351/1 2087/3348/1 2045/3306/1 2044/3305/1
f 2094/3355/3 2268/3529/3 2238/3499/3 2206/3467/3
f 2318/3579/4 2317/3578/4 2334/3595/4 2212/3473/4
f 2267/3528/5 2093/3354/5 2092/3353/5 2335/3596/5
f 2163/3424/5 2157/3418/5 2263/3524/5 2270/3531/5
f 2213/3474/1 2216/3477/1 2302/3563/1 2301/3562/1
f 2336/3597/1 2091/3352/1 2208/3469/1 2036/3297/1
f 2156/3417/6 2166/3427/6 2272/3533/6 2264/3525/6
f 2091/3352/4 2094/3355/4 2206/3467/4 2208/3469/4
f 2335/3596/2 2336/3597/2 2268/3529/2 2267/3528/2
f 2336/3597/2 2335/3596/2 2337/3598/2 2219/3480/2
f 2033/3294/5 2036/3297/5 2208/3469/5 2220/3481/5
f 2104/3365/4 2103/3364/4 2074/3335/4 2073/3334/4
f 2144/3405/2 2053/3314/2 2052/3313/2 2127/3388/2
f 2216/3477/6 2223/3484/6 2305/3566/6 2302/3563/6
f 2105/3366/1 2108/3369/1 2017/3278/1 2014/3275/1
f 2144/3405/5 2127/3388/5 2128/3389/5 2143/3404/5
f 2224/3485/5 2213/3474/5 2301/3562/5 2307/3568/5
f 2034/3295/1 2337/3598/1 2284/3545/1 2327/3588/1
f 2126/3387/2 2253/3514/2 2174/3435/2 2254/3515/2
f 2338/3599/2 2075/3336/2 2339/3600/2 2340/3601/2
f 2240/3501/3 2309/3570/3 2027/3288/3 2241/3502/3
f 2166/3427/1 2163/3424/1 2270/3531/1 2272/3533/1
f 2317/3578/4 2341/3602/4 2342/3603/4 2334/3595/4
f 2108/3369/6 2116/3377/6 2018/3279/6 2017/3278/6
f 2265/3526/6 2268/3529/6 2094/3355/6 2129/3390/6
f 2343/3604/6 2236/3497/6 2237/3498/6 2319/3580/6
f 2117/3378/5 2105/3366/5 2014/3275/5 2013/3274/5
f 2180/3441/1 2179/3440/1 2281/3542/1 2280/3541/1
f 2237/3498/4 2231/3492/4 2235/3496/4 2234/3495/4
f 2221/3482/4 2220/3481/4 2327/3588/4 2284/3545/4
f 2184/3445/1 2183/3444/1 2192/3453/1 2194/3455/1
f 2223/3484/3 2224/3485/3 2307/3568/3 2305/3566/3
f 2103/3364/4 2252/3513/4 2256/3517/4 2074/3335/4
f 2219/3480/2 2337/3598/2 2034/3295/2 2033/3294/2
f 2344/3605/1 2338/3599/1 2149/3410/1 2320/3581/1
f 2253/3514/6 2247/3508/6 2080/3341/6 2079/3340/6
f 2290/3551/4 2282/3543/4 2192/3453/4 2191/3452/4
f 2071/3332/1 2070/3331/1 2051/3312/1 2049/3310/1
f 2080/3341/4 2276/3537/4 2245/3506/4 2081/3342/4
f 2197/3458/6 2345/3606/6 2346/3607/6 2292/3553/6
f 2122/3383/3 2052/3313/3 2055/3316/3 2086/3347/3
f 2116/3377/3 2117/3378/3 2013/3274/3 2018/3279/3
f 2198/3459/3 2197/3458/3 2292/3553/3 2288/3549/3
f 2347/3608/2 2348/3609/2 2349/3610/2 2350/3611/2
f 2336/3597/6 2219/3480/6 2221/3482/6 2091/3352/6
f 2179/3440/5 2201/3462/5 2294/3555/5 2281/3542/5
f 2172/3433/1 2243/3504/1 2081/3342/1 2245/3506/1
f 2131/3392/3 2134/3395/3 2249/3510/3 2248/3509/3
f 2202/3463/6 2180/3441/6 2280/3541/6 2296/3557/6
f 2030/3291/6 2274/3535/6 2275/3536/6 2073/3334/6
f 2244/3505/2 2253/3514/2 2126/3387/2 2125/3386/2
f 2201/3462/3 2202/3463/3 2296/3557/3 2294/3555/3
f 2326/3587/6 2067/3328/6 2068/3329/6 2325/3586/6
f 2039/3300/1 2038/3299/1 2043/3304/1 2065/3326/1
f 2035/3296/6 2034/3295/6 2327/3588/6 2207/3468/6
f 2070/3331/5 2088/3349/5 2046/3307/5 2051/3312/5
f 2253/3514/1 2079/3340/1 2277/3538/1 2174/3435/1
f 2337/3598/5 2335/3596/5 2092/3353/5 2284/3545/5
f 2089/3350/6 2071/3332/6 2049/3310/6 2047/3308/6
f 2079/3340/4 2082/3343/4 2256/3517/4 2252/3513/4
f 2347/3608/3 2350/3611/3 2138/3399/3 2137/3398/3
f 2088/3349/3 2089/3350/3 2047/3308/3 2046/3307/3
f 2125/3386/5 2256/3517/5 2082/3343/5 2244/3505/5
f 2299/3560/3 2209/3470/3 2212/3473/3 2334/3595/3
f 2351/3612/6 2349/3610/6 2139/3400/6 2352/3613/6
f 2145/3406/6 2131/3392/6 2248/3509/6 2257/3518/6
f 2215/3476/3 2214/3475/3 2304/3565/3 2303/3564/3
f 2348/3609/5 2353/3614/5 2227/3488/5 2140/3401/5
f 2134/3395/5 2148/3409/5 2259/3520/5 2249/3510/5
f 2349/3610/1 2348/3609/1 2140/3401/1 2139/3400/1
f 2344/3605/2 2076/3337/2 2075/3336/2 2338/3599/2
f 2148/3409/1 2145/3406/1 2257/3518/1 2259/3520/1
f 2350/3611/5 2354/3615/5 2355/3616/5 2138/3399/5
f 2128/3389/4 2083/3344/4 2086/3347/4 2055/3316/4
f 2356/3617/6 2347/3608/6 2137/3398/6 2226/3487/6
f 2222/3483/5 2215/3476/5 2303/3564/5 2306/3567/5
f 2107/3368/3 2106/3367/3 2015/3276/3 2020/3281/3
f 2268/3529/2 2336/3597/2 2036/3297/2 2238/3499/2
f 2214/3475/6 2225/3486/6 2308/3569/6 2304/3565/6
f 2357/3618/3 2358/3619/3 2359/3620/3 2360/3621/3
f 2361/3622/3 2362/3623/3 2363/3624/3 2364/3625/3
f 2365/3626/1 2366/3627/1 2367/3628/1 2368/3629/1
f 2369/3630/1 2370/3631/1 2371/3632/1 2372/3633/1
f 2373/3634/1 2374/3635/1 2375/3636/1 2376/3637/1
f 2377/3638/6 2378/3639/6 2379/3640/6 2380/3641/6
f 2381/3642/5 2382/3643/5 2383/3644/5 2384/3645/5
f 2385/3646/1 2386/3647/1 2387/3648/1 2388/3649/1
f 2389/3650/4 2390/3651/4 2391/3652/4 2392/3653/4
f 2390/3651/5 2393/3654/5 2394/3655/5 2391/3652/5
f 2395/3656/6 2389/3650/6 2392/3653/6 2396/3657/6
f 2378/3639/2 2381/3642/2 2384/3645/2 2379/3640/2
f 2397/3658/5 2398/3659/5 2399/3660/5 2400/3661/5
f 2401/3662/6 2402/3663/6 2403/3664/6 2404/3665/6
f 2405/3666/4 2406/3667/4 2407/3668/4 2408/3669/4
f 2374/3635/6 2409/3670/6 2410/3671/6 2411/3672/6
f 2378/3639/1 2390/3651/1 2389/3650/1 2381/3642/1
f 2385/3646/4 2388/3649/4 2412/3673/4 2413/3674/4
f 2409/3670/1 2397/3658/1 2402/3663/1 2414/3675/1
f 2410/3671/3 2415/3676/3 2403/3664/3 2400/3661/3
f 2370/3631/5 2416/3677/5 2417/3678/5 2418/3679/5
f 2419/3680/6 2371/3632/6 2420/3681/6 2421/3682/6
f 2422/3683/2 2423/3684/2 2424/3685/2 2425/3686/2
f 2426/3687/3 2427/3688/3 2428/3689/3 2429/3690/3
f 2430/3691/6 2431/3692/6 2432/3693/6 2433/3694/6
f 2434/3695/6 2435/3696/6 2436/3697/6 2437/3698/6
f 2438/3699/2 2439/3700/2 2440/3701/2 2441/3702/2
f 2439/3700/6 2442/3703/6 2443/3704/6 2440/3701/6
f 2444/3705/6 2373/3634/6 2445/3706/6 2446/3707/6
f 2447/3708/2 2448/3709/2 2449/3710/2 2450/3711/2
f 2388/3649/1 2387/3648/1 2451/3712/1 2452/3713/1
f 2402/3663/4 2397/3658/4 2400/3661/4 2403/3664/4
f 2414/3675/5 2375/3636/5 2453/3714/5 2415/3676/5
f 2374/3635/1 2398/3659/1 2397/3658/1 2409/3670/1
f 2398/3659/1 2374/3635/1 2373/3634/1 2454/3715/1
f 2411/3672/3 2445/3706/3 2455/3716/3 2453/3714/3
f 2456/3717/3 2457/3718/3 2418/3679/3 2417/3678/3
f 2458/3719/3 2429/3690/3 2428/3689/3 2459/3720/3
f 2460/3721/3 2461/3722/3 2462/3723/3 2463/3724/3
f 2464/3725/3 2465/3726/3 2466/3727/3 2425/3686/3
f 2467/3728/5 2468/3729/5 2362/3623/5 2361/3622/5
f 2469/3730/3 2458/3719/3 2459/3720/3 2437/3698/3
f 2430/3691/1 2470/3731/1 2471/3732/1 2431/3692/1
f 2472/3733/6 2473/3734/6 2360/3621/6 2359/3620/6
f 2374/3635/4 2411/3672/4 2453/3714/4 2375/3636/4
f 2454/3715/5 2474/3735/5 2399/3660/5 2398/3659/5
f 2445/3706/2 2373/3634/2 2376/3637/2 2455/3716/2
f 2401/3662/6 2404/3665/6 2475/3736/6 2476/3737/6
f 2454/3715/5 2477/3738/5 2478/3739/5 2474/3735/5
f 2479/3740/3 2480/3741/3 2481/3742/3 2482/3743/3
f 2483/3744/2 2484/3745/2 2485/3746/2 2486/3747/2
f 2376/3637/5 2487/3748/5 2488/3749/5 2455/3716/5
f 2489/3750/4 2490/3751/4 2491/3752/4 2492/3753/4
f 2372/3633/5 2493/3754/5 2494/3755/5 2495/3756/5
f 2496/3757/6 2497/3758/6 2498/3759/6 2499/3760/6
f 2500/3761/1 2467/3728/1 2501/3762/1 2472/3733/1
f 2430/3691/4 2433/3694/4 2358/3619/4 2501/3762/4
f 2502/3763/3 2436/3697/3 2503/3764/3 2504/3765/3
f 2433/3694/3 2432/3693/3 2505/3766/3 2506/3767/3
f 2507/3768/2 2365/3626/2 2508/3769/2 2509/3770/2
f 2510/3771/3 2460/3721/3 2463/3724/3 2511/3772/3
f 2435/3696/1 2512/3773/1 2368/3629/1 2367/3628/1
f 2513/3774/5 2514/3775/5 2515/3776/5 2516/3777/5
f 2498/3759/2 2497/3758/2 2467/3728/2 2361/3622/2
f 2376/3637/1 2476/3737/1 2517/3778/1 2487/3748/1
f 2455/3716/3 2488/3749/3 2518/3779/3 2475/3736/3
f 2519/3780/3 2520/3781/3 2450/3711/3 2449/3710/3
f 2521/3782/1 2522/3783/1 2523/3784/1 2524/3785/1
f 2525/3786/1 2526/3787/1 2527/3788/1 2528/3789/1
f 2415/3676/3 2453/3714/3 2404/3665/3 2403/3664/3
f 2486/3747/3 2485/3746/3 2408/3669/3 2407/3668/3
f 2526/3787/5 2529/3790/5 2530/3791/5 2531/3792/5
f 2361/3622/3 2364/3625/3 2359/3620/3 2358/3619/3
f 2472/3733/6 2359/3620/6 2364/3625/6 2500/3761/6
f 2513/3774/5 2516/3777/5 2506/3767/5 2470/3731/5
f 2468/3729/4 2496/3757/4 2499/3760/4 2362/3623/4
f 2532/3793/1 2533/3794/1 2534/3795/1 2535/3796/1
f 2496/3757/1 2514/3775/1 2513/3774/1 2497/3758/1
f 2536/3797/4 2532/3793/4 2458/3719/4 2469/3730/4
f 2499/3760/3 2498/3759/3 2516/3777/3 2515/3776/3
f 2537/3798/1 2538/3799/1 2522/3783/1 2521/3782/1
f 2539/3800/1 2448/3709/1 2447/3708/1 2540/3801/1
f 2541/3802/3 2542/3803/3 2543/3804/3 2544/3805/3
f 2413/3674/3 2412/3673/3 2545/3806/3 2546/3807/3
f 2547/3808/6 2483/3744/6 2486/3747/6 2548/3809/6
f 2386/3647/6 2549/3810/6 2550/3811/6 2546/3807/6
f 2551/3812/1 2552/3813/1 2448/3709/1 2539/3800/1
f 2553/3814/3 2541/3802/3 2544/3805/3 2554/3815/3
f 2426/3687/3 2509/3770/3 2555/3816/3 2427/3688/3
f 2432/3693/3 2357/3618/3 2360/3621/3 2505/3766/3
f 2533/3794/2 2434/3695/2 2437/3698/2 2459/3720/2
f 2431/3692/2 2556/3817/2 2357/3618/2 2432/3693/2
f 2556/3817/5 2501/3762/5 2358/3619/5 2357/3618/5
f 2473/3734/4 2471/3732/4 2505/3766/4 2360/3621/4
f 2557/3818/6 2500/3761/6 2364/3625/6 2363/3624/6
f 2536/3797/1 2434/3695/1 2533/3794/1 2532/3793/1
f 2487/3748/1 2517/3778/1 2477/3738/1 2444/3705/1
f 2448/3709/6 2552/3813/6 2558/3819/6 2449/3710/6
f 2492/3753/3 2491/3752/3 2441/3702/3 2440/3701/3
f 2527/3788/4 2526/3787/4 2531/3792/4 2559/3820/4
f 2528/3789/5 2560/3821/5 2482/3743/5 2561/3822/5
f 2467/3728/1 2500/3761/1 2557/3818/1 2468/3729/1
f 2525/3786/2 2528/3789/2 2561/3822/2 2562/3823/2
f 2423/3684/6 2563/3824/6 2564/3825/6 2424/3685/6
f 2565/3826/6 2369/3630/6 2457/3718/6 2456/3717/6
f 2477/3738/2 2517/3778/2 2518/3779/2 2478/3739/2
f 2566/3827/3 2464/3725/3 2425/3686/3 2424/3685/3
f 2491/3752/3 2567/3828/3 2568/3829/3 2441/3702/3
f 2562/3823/3 2561/3822/3 2559/3820/3 2531/3792/3
f 2468/3729/1 2557/3818/1 2514/3775/1 2496/3757/1
f 2411/3672/3 2410/3671/3 2400/3661/3 2399/3660/3
f 2489/3750/1 2439/3700/1 2438/3699/1 2490/3751/1
f 2520/3781/3 2480/3741/3 2569/3830/3 2450/3711/3
f 2471/3732/5 2470/3731/5 2506/3767/5 2505/3766/5
f 2487/3748/4 2444/3705/4 2446/3707/4 2488/3749/4
f 2540/3801/1 2447/3708/1 2570/3831/1 2571/3832/1
f 2444/3705/1 2477/3738/1 2454/3715/1 2373/3634/1
f 2457/3718/3 2495/3756/3 2420/3681/3 2418/3679/3
f 2539/3800/4 2540/3801/4 2520/3781/4 2519/3780/4
f 2570/3831/5 2569/3830/5 2530/3791/5 2529/3790/5
f 2572/3833/6 2573/3834/6 2558/3819/6 2552/3813/6
f 2508/3769/3 2504/3765/3 2503/3764/3 2574/3835/3
f 2481/3742/3 2558/3819/3 2573/3834/3 2482/3743/3
f 2480/3741/2 2571/3832/2 2551/3812/2 2481/3742/2
f 2431/3692/1 2471/3732/1 2473/3734/1 2556/3817/1
f 2490/3751/1 2438/3699/1 2575/3836/1 2576/3837/1
f 2570/3831/5 2447/3708/5 2450/3711/5 2569/3830/5
f 2476/3737/1 2376/3637/1 2375/3636/1 2401/3662/1
f 2362/3623/3 2499/3760/3 2515/3776/3 2363/3624/3
f 2502/3763/3 2469/3730/3 2437/3698/3 2436/3697/3
f 2380/3641/3 2379/3640/3 2391/3652/3 2394/3655/3
f 2409/3670/2 2414/3675/2 2415/3676/2 2410/3671/2
f 2512/3773/1 2435/3696/1 2434/3695/1 2536/3797/1
f 2479/3740/3 2562/3823/3 2531/3792/3 2530/3791/3
f 2455/3716/3 2475/3736/3 2404/3665/3 2453/3714/3
f 2577/3838/4 2479/3740/4 2482/3743/4 2560/3821/4
f 2512/3773/5 2536/3797/5 2469/3730/5 2502/3763/5
f 2552/3813/1 2551/3812/1 2560/3821/1 2572/3833/1
f 2540/3801/6 2571/3832/6 2480/3741/6 2520/3781/6
f 2484/3745/5 2578/3839/5 2579/3840/5 2485/3746/5
f 2369/3630/2 2372/3633/2 2495/3756/2 2457/3718/2
f 2537/3798/4 2521/3782/4 2541/3802/4 2553/3814/4
f 2433/3694/3 2498/3759/3 2361/3622/3 2358/3619/3
f 2572/3833/6 2527/3788/6 2559/3820/6 2573/3834/6
f 2534/3795/5 2533/3794/5 2459/3720/5 2428/3689/5
f 2577/3838/1 2529/3790/1 2526/3787/1 2525/3786/1
f 2367/3628/6 2503/3764/6 2436/3697/6 2435/3696/6
f 2429/3690/2 2535/3796/2 2512/3773/2 2502/3763/2
f 2534/3795/5 2428/3689/5 2427/3688/5 2580/3841/5
f 2488/3749/3 2446/3707/3 2478/3739/3 2518/3779/3
f 2581/3842/4 2426/3687/4 2504/3765/4 2368/3629/4
f 2426/3687/3 2429/3690/3 2502/3763/3 2504/3765/3
f 2580/3841/1 2581/3842/1 2535/3796/1 2534/3795/1
f 2551/3812/5 2539/3800/5 2519/3780/5 2481/3742/5
f 2581/3842/1 2580/3841/1 2582/3843/1 2507/3768/1
f 2365/3626/5 2368/3629/5 2504/3765/5 2508/3769/5
f 2412/3673/3 2583/3844/3 2584/3845/3 2545/3806/3
f 2379/3640/3 2384/3645/3 2392/3653/3 2391/3652/3
f 2366/3627/4 2582/3843/4 2555/3816/4 2574/3835/4
f 2585/3846/1 2422/3683/1 2586/3847/1 2587/3848/1
f 2446/3707/3 2445/3706/3 2474/3735/3 2478/3739/3
f 2548/3809/3 2486/3747/3 2407/3668/3 2588/3849/3
f 2514/3775/2 2557/3818/2 2363/3624/2 2515/3776/2
f 2532/3793/6 2535/3796/6 2429/3690/6 2458/3719/6
f 2538/3799/6 2589/3850/6 2590/3851/6 2554/3815/6
f 2509/3770/3 2508/3769/3 2574/3835/3 2555/3816/3
f 2507/3768/1 2582/3843/1 2366/3627/1 2365/3626/1
f 2591/3852/4 2585/3846/4 2464/3725/4 2566/3827/4
f 2522/3783/2 2538/3799/2 2554/3815/2 2544/3805/2
f 2592/3853/1 2593/3854/1 2594/3855/1 2595/3856/1
f 2581/3842/6 2507/3768/6 2509/3770/6 2426/3687/6
f 2371/3632/4 2370/3631/4 2418/3679/4 2420/3681/4
f 2517/3778/6 2476/3737/6 2475/3736/6 2518/3779/6
f 2367/3628/6 2366/3627/6 2574/3835/6 2503/3764/6
f 2577/3838/6 2525/3786/6 2562/3823/6 2479/3740/6
f 2582/3843/5 2580/3841/5 2427/3688/5 2555/3816/5
f 2411/3672/3 2399/3660/3 2474/3735/3 2445/3706/3
f 2592/3853/2 2595/3856/2 2461/3722/2 2460/3721/2
f 2387/3648/2 2386/3647/2 2546/3807/2 2545/3806/2
f 2596/3857/6 2405/3666/6 2408/3669/6 2597/3858/6
f 2598/3859/6 2594/3855/6 2462/3723/6 2599/3860/6
f 2406/3667/5 2600/3861/5 2588/3849/5 2407/3668/5
f 2483/3744/1 2406/3667/1 2405/3666/1 2484/3745/1
f 2593/3854/5 2601/3862/5 2511/3772/5 2463/3724/5
f 2414/3675/1 2402/3663/1 2401/3662/1 2375/3636/1
f 2594/3855/4 2593/3854/4 2463/3724/4 2462/3723/4
f 2591/3852/1 2423/3684/1 2422/3683/1 2585/3846/1
f 2481/3742/3 2519/3780/3 2449/3710/3 2558/3819/3
f 2595/3856/5 2602/3863/5 2603/3864/5 2461/3722/5
f 2604/3865/6 2592/3853/6 2460/3721/6 2510/3771/6
f 2561/3822/3 2482/3743/3 2573/3834/3 2559/3820/3
f 2535/3796/1 2581/3842/1 2368/3629/1 2512/3773/1
f 2283/3544/4 2333/3594/4 2195/3456/4 2194/3455/4
f 2605/3866/2 2345/3606/2 2197/3458/2 2196/3457/2
f 2606/3867/4 2291/3552/4 2292/3553/4 2346/3607/4
f 2605/3866/5 2196/3457/5 2291/3552/5 2606/3867/5
f 2330/3591/5 2198/3459/5 2288/3549/5 2287/3548/5
f 2289/3550/2 2190/3451/2 2183/3444/2 2182/3443/2
f 2286/3547/3 2331/3592/3 2605/3866/3 2606/3867/3
f 2199/3460/6 2331/3592/6 2286/3547/6 2285/3546/6
f 2193/3454/6 2195/3456/6 2346/3607/6 2345/3606/6
f 2290/3551/4 2286/3547/4 2606/3867/4 2333/3594/4
f 2606/3867/4 2346/3607/4 2195/3456/4 2333/3594/4
f 2345/3606/2 2605/3866/2 2332/3593/2 2193/3454/2
f 2330/3591/5 2287/3548/5 2191/3452/5 2190/3451/5
f 2289/3550/1 2290/3551/1 2333/3594/1 2332/3593/1
f 2290/3551/4 2191/3452/4 2287/3548/4 2286/3547/4
f 2190/3451/2 2289/3550/2 2331/3592/2 2330/3591/2
f 2185/3446/2 2184/3445/2 2193/3454/2 2332/3593/2
f 2331/3592/2 2289/3550/2 2332/3593/2 2605/3866/2
f 2231/3492/4 2230/3491/4 2313/3574/4 2235/3496/4
f 2607/3868/2 2210/3471/2 2209/3470/2 2298/3559/2
f 2608/3869/4 2318/3579/4 2212/3473/4 2211/3472/4
f 2607/3868/5 2298/3559/5 2318/3579/5 2608/3869/5
f 2321/3582/5 2299/3560/5 2334/3595/5 2342/3603/5
f 2343/3604/2 2310/3571/2 2233/3494/2 2236/3497/2
f 2341/3602/3 2322/3583/3 2607/3868/3 2608/3869/3
f 2300/3561/6 2322/3583/6 2341/3602/6 2317/3578/6
f 2312/3573/6 2313/3574/6 2211/3472/6 2210/3471/6
f 2319/3580/4 2341/3602/4 2608/3869/4 2230/3491/4
f 2608/3869/4 2211/3472/4 2313/3574/4 2230/3491/4
f 2210/3471/2 2607/3868/2 2229/3490/2 2312/3573/2
f 2321/3582/5 2342/3603/5 2311/3572/5 2310/3571/5
f 2343/3604/1 2319/3580/1 2230/3491/1 2229/3490/1
f 2319/3580/4 2311/3572/4 2342/3603/4 2341/3602/4
f 2310/3571/2 2343/3604/2 2322/3583/2 2321/3582/2
f 2228/3489/2 2232/3493/2 2312/3573/2 2229/3490/2
f 2322/3583/2 2343/3604/2 2229/3490/2 2607/3868/2
f 2325/3586/4 2135/3396/4 2085/3346/4 2084/3345/4
f 2136/3397/2 2326/3587/2 2124/3385/2 2123/3384/2
f 2060/3321/2 2056/3317/2 2141/3402/2 2061/3322/2
f 2124/3385/2 2326/3587/2 2061/3322/2 2144/3405/2
f 2609/3870/2 2610/3871/2 2611/3872/2 2612/3873/2
f 2613/3874/6 2614/3875/6 2615/3876/6 2616/3877/6
f 2617/3878/1 2618/3879/1 2619/3880/1 2620/3881/1
f 2621/3882/5 2622/3883/5 2623/3884/5 2624/3885/5
f 2625/3886/3 2621/3882/3 2624/3885/3 2626/3887/3
f 2611/3872/3 2610/3871/3 2627/3888/3 2628/3889/3
f 2626/3887/4 2624/3885/4 2620/3881/4 2619/3880/4
f 2629/3890/4 2630/3891/4 2631/3892/4 2632/3893/4
f 2633/3894/4 2634/3895/4 2635/3896/4 2636/3897/4
f 2609/3870/1 2612/3873/1 2637/3898/1 2638/3899/1
f 2639/3900/2 2640/3901/2 2641/3902/2 2642/3903/2
f 2612/3873/2 2611/3872/2 2643/3904/2 2644/3905/2
f 2645/3906/1 2639/3900/1 2633/3894/1 2646/3907/1
f 2641/3902/5 2635/3896/5 2647/3908/5 2648/3909/5
f 2649/3910/6 2650/3911/6 2615/3876/6 2614/3875/6
f 2651/3912/4 2615/3876/4 2650/3911/4 2623/3884/4
f 2634/3895/3 2642/3903/3 2652/3913/3 2651/3912/3
f 2641/3902/5 2640/3901/5 2636/3897/5 2635/3896/5
f 2624/3885/4 2623/3884/4 2650/3911/4 2620/3881/4
f 2651/3912/4 2646/3907/4 2616/3877/4 2615/3876/4
f 2653/3914/2 2654/3915/2 2655/3916/2 2656/3917/2
f 2657/3918/5 2658/3919/5 2632/3893/5 2631/3892/5
f 2655/3916/6 2654/3915/6 2659/3920/6 2660/3921/6
f 2661/3922/2 2657/3918/2 2654/3915/2 2653/3914/2
f 2612/3873/6 2644/3905/6 2662/3923/6 2637/3898/6
f 2663/3924/2 2658/3919/2 2657/3918/2 2661/3922/2
f 2662/3923/3 2644/3905/3 2664/3925/3 2665/3926/3
f 2643/3904/5 2611/3872/5 2628/3889/5 2666/3927/5
f 2664/3925/5 2609/3870/5 2638/3899/5 2665/3926/5
f 2664/3925/2 2667/3928/2 2610/3871/2 2609/3870/2
f 2665/3926/4 2638/3899/4 2627/3888/4 2668/3929/4
f 2669/3930/4 2670/3931/4 2660/3921/4 2659/3920/4
f 2667/3928/2 2664/3925/2 2656/3917/2 2655/3916/2
f 2661/3922/3 2653/3914/3 2669/3930/3 2630/3891/3
f 2653/3914/5 2656/3917/5 2670/3931/5 2669/3930/5
f 2671/3932/4 2626/3887/4 2619/3880/4 2647/3908/4
f 2629/3890/4 2662/3923/4 2665/3926/4 2670/3931/4
f 2665/3926/4 2668/3929/4 2660/3921/4 2670/3931/4
f 2655/3916/6 2660/3921/6 2668/3929/6 2667/3928/6
f 2672/3933/1 2671/3932/1 2623/3884/1 2622/3883/1
f 2671/3932/4 2634/3895/4 2651/3912/4 2623/3884/4
f 2614/3875/2 2652/3913/2 2622/3883/2 2649/3910/2
f 2639/3900/6 2642/3903/6 2634/3895/6 2633/3894/6
f 2625/3886/2 2618/3879/2 2617/3878/2 2621/3882/2
f 2618/3879/5 2648/3909/5 2647/3908/5 2619/3880/5
f 2649/3910/6 2617/3878/6 2620/3881/6 2650/3911/6
f 2645/3906/2 2613/3874/2 2640/3901/2 2639/3900/2
f 2672/3933/2 2648/3909/2 2618/3879/2 2625/3886/2
f 2638/3899/4 2637/3898/4 2628/3889/4 2627/3888/4
f 2652/3913/2 2614/3875/2 2613/3874/2 2645/3906/2
f 2652/3913/5 2645/3906/5 2646/3907/5 2651/3912/5
f 2644/3905/2 2663/3924/2 2656/3917/2 2664/3925/2
f 2637/3898/4 2662/3923/4 2666/3927/4 2628/3889/4
f 2663/3924/6 2661/3922/6 2630/3891/6 2629/3890/6
f 2630/3891/4 2669/3930/4 2659/3920/4 2631/3892/4
f 2640/3901/3 2613/3874/3 2616/3877/3 2636/3897/3
f 2654/3915/1 2657/3918/1 2631/3892/1 2659/3920/1
f 2610/3871/6 2667/3928/6 2668/3929/6 2627/3888/6
f 2658/3919/2 2663/3924/2 2644/3905/2 2643/3904/2
f 2672/3933/6 2625/3886/6 2626/3887/6 2671/3932/6
f 2663/3924/1 2629/3890/1 2670/3931/1 2656/3917/1
f 2629/3890/4 2632/3893/4 2666/3927/4 2662/3923/4
f 2643/3904/5 2666/3927/5 2632/3893/5 2658/3919/5
f 2646/3907/4 2633/3894/4 2636/3897/4 2616/3877/4
f 2671/3932/4 2647/3908/4 2635/3896/4 2634/3895/4
f 2648/3909/2 2672/3933/2 2642/3903/2 2641/3902/2
f 2621/3882/2 2617/3878/2 2649/3910/2 2622/3883/2
f 2642/3903/2 2672/3933/2 2622/3883/2 2652/3913/2
f 2177/3438/4 2176/3437/4 2066/3327/4 2065/3326/4
f 2673/3934/2 2113/3374/2 2110/3371/2 2167/3428/2
f 2674/3935/4 2170/3431/4 2111/3372/4 2114/3375/4
f 2673/3934/5 2167/3428/5 2170/3431/5 2674/3935/5
f 2328/3589/5 2109/3370/5 2112/3373/5 2324/3585/5
f 2316/3577/2 2041/3302/2 2038/3299/2 2037/3298/2
f 2323/3584/3 2329/3590/3 2673/3934/3 2674/3935/3
f 2168/3429/6 2329/3590/6 2323/3584/6 2169/3430/6
f 2064/3325/6 2066/3327/6 2114/3375/6 2113/3374/6
f 2119/3380/4 2323/3584/4 2674/3935/4 2176/3437/4
f 2674/3935/4 2114/3375/4 2066/3327/4 2176/3437/4
f 2113/3374/2 2673/3934/2 2175/3436/2 2064/3325/2
f 2328/3589/5 2324/3585/5 2042/3303/5 2041/3302/5
f 2316/3577/1 2119/3380/1 2176/3437/1 2175/3436/1
f 2119/3380/4 2042/3303/4 2324/3585/4 2323/3584/4
f 2041/3302/2 2316/3577/2 2329/3590/2 2328/3589/2
f 2040/3301/2 2039/3300/2 2064/3325/2 2175/3436/2
f 2329/3590/2 2316/3577/2 2175/3436/2 2673/3934/2
f 2138/3399/4 2355/3616/4 2352/3613/4 2139/3400/4
f 2675/3936/2 2314/3575/2 2076/3337/2 2344/3605/2
f 2676/3937/4 2320/3581/4 2077/3338/4 2315/3576/4
f 2675/3936/5 2344/3605/5 2320/3581/5 2676/3937/5
f 2339/3600/5 2075/3336/5 2078/3339/5 2151/3412/5
f 2356/3617/2 2353/3614/2 2348/3609/2 2347/3608/2
f 2150/3411/3 2340/3601/3 2675/3936/3 2676/3937/3
f 2338/3599/6 2340/3601/6 2150/3411/6 2149/3410/6
f 2351/3612/6 2352/3613/6 2315/3576/6 2314/3575/6
f 2226/3487/4 2150/3411/4 2676/3937/4 2355/3616/4
f 2676/3937/4 2315/3576/4 2352/3613/4 2355/3616/4
f 2314/3575/2 2675/3936/2 2354/3615/2 2351/3612/2
f 2339/3600/5 2151/3412/5 2227/3488/5 2353/3614/5
f 2356/3617/1 2226/3487/1 2355/3616/1 2354/3615/1
f 2226/3487/4 2227/3488/4 2151/3412/4 2150/3411/4
f 2353/3614/2 2356/3617/2 2340/3601/2 2339/3600/2
f 2350/3611/2 2349/3610/2 2351/3612/2 2354/3615/2
f 2340/3601/2 2356/3617/2 2354/3615/2 2675/3936/2
f 2098/3359/4 2218/3479/4 2242/3503/4 2188/3449/4
f 2159/3420/2 2095/3356/2 2187/3448/2 2239/3500/2
f 2297/3558/2 2162/3423/2 2161/3422/2 2205/3466/2
f 2187/3448/2 2095/3356/2 2205/3466/2 2152/3413/2
f 2677/3938/2 2678/3939/2 2679/3940/2 2680/3941/2
f 2681/3942/6 2682/3943/6 2683/3944/6 2684/3945/6
f 2685/3946/1 2686/3947/1 2687/3948/1 2688/3949/1
f 2689/3950/5 2690/3951/5 2691/3952/5 2692/3953/5
f 2693/3954/3 2689/3950/3 2692/3953/3 2694/3955/3
f 2679/3940/3 2678/3939/3 2695/3956/3 2696/3957/3
f 2694/3955/4 2692/3953/4 2688/3949/4 2687/3948/4
f 2697/3958/4 2698/3959/4 2699/3960/4 2700/3961/4
f 2701/3962/4 2702/3963/4 2703/3964/4 2704/3965/4
f 2677/3938/1 2680/3941/1 2705/3966/1 2706/3967/1
f 2707/3968/2 2708/3969/2 2709/3970/2 2710/3971/2
f 2680/3941/2 2679/3940/2 2711/3972/2 2712/3973/2
f 2713/3974/1 2707/3968/1 2701/3962/1 2714/3975/1
f 2709/3970/5 2703/3964/5 2715/3976/5 2716/3977/5
f 2717/3978/6 2718/3979/6 2683/3944/6 2682/3943/6
f 2719/3980/4 2683/3944/4 2718/3979/4 2691/3952/4
f 2702/3963/3 2710/3971/3 2720/3981/3 2719/3980/3
f 2709/3970/5 2708/3969/5 2704/3965/5 2703/3964/5
f 2692/3953/4 2691/3952/4 2718/3979/4 2688/3949/4
f 2719/3980/4 2714/3975/4 2684/3945/4 2683/3944/4
f 2721/3982/2 2722/3983/2 2723/3984/2 2724/3985/2
f 2725/3986/5 2726/3987/5 2700/3961/5 2699/3960/5
f 2723/3984/6 2722/3983/6 2727/3988/6 2728/3989/6
f 2729/3990/2 2725/3986/2 2722/3983/2 2721/3982/2
f 2680/3941/6 2712/3973/6 2730/3991/6 2705/3966/6
f 2731/3992/2 2726/3987/2 2725/3986/2 2729/3990/2
f 2730/3991/3 2712/3973/3 2732/3993/3 2733/3994/3
f 2711/3972/5 2679/3940/5 2696/3957/5 2734/3995/5
f 2732/3993/5 2677/3938/5 2706/3967/5 2733/3994/5
f 2732/3993/2 2735/3996/2 2678/3939/2 2677/3938/2
f 2733/3994/4 2706/3967/4 2695/3956/4 2736/3997/4
f 2737/3998/4 2738/3999/4 2728/3989/4 2727/3988/4
f 2735/3996/2 2732/3993/2 2724/3985/2 2723/3984/2
f 2729/3990/3 2721/3982/3 2737/3998/3 2698/3959/3
f 2721/3982/5 2724/3985/5 2738/3999/5 2737/3998/5
f 2739/4000/4 2694/3955/4 2687/3948/4 2715/3976/4
f 2697/3958/4 2730/3991/4 2733/3994/4 2738/3999/4
f 2733/3994/4 2736/3997/4 2728/3989/4 2738/3999/4
f 2723/3984/6 2728/3989/6 2736/3997/6 2735/3996/6
f 2740/4001/1 2739/4000/1 2691/3952/1 2690/3951/1
f 2739/4000/4 2702/3963/4 2719/3980/4 2691/3952/4
f 2682/3943/2 2720/3981/2 2690/3951/2 2717/3978/2
f 2707/3968/6 2710/3971/6 2702/3963/6 2701/3962/6
f 2693/3954/2 2686/3947/2 2685/3946/2 2689/3950/2
f 2686/3947/5 2716/3977/5 2715/3976/5 2687/3948/5
f 2717/3978/6 2685/3946/6 2688/3949/6 2718/3979/6
f 2713/3974/2 2681/3942/2 2708/3969/2 2707/3968/2
f 2740/4001/2 2716/3977/2 2686/3947/2 2693/3954/2
f 2706/3967/4 2705/3966/4 2696/3957/4 2695/3956/4
f 2720/3981/2 2682/3943/2 2681/3942/2 2713/3974/2
f 2720/3981/5 2713/3974/5 2714/3975/5 2719/3980/5
f 2712/3973/2 2731/3992/2 2724/3985/2 2732/3993/2
f 2705/3966/4 2730/3991/4 2734/3995/4 2696/3957/4
f 2731/3992/6 2729/3990/6 2698/3959/6 2697/3958/6
f 2698/3959/4 2737/3998/4 2727/3988/4 2699/3960/4
f 2708/3969/3 2681/3942/3 2684/3945/3 2704/3965/3
f 2722/3983/1 2725/3986/1 2699/3960/1 2727/3988/1
f 2678/3939/6 2735/3996/6 2736/3997/6 2695/3956/6
f 2726/3987/2 2731/3992/2 2712/3973/2 2711/3972/2
f 2740/4001/6 2693/3954/6 2694/3955/6 2739/4000/6
f 2731/3992/1 2697/3958/1 2738/3999/1 2724/3985/1
f 2697/3958/4 2700/3961/4 2734/3995/4 2730/3991/4
f 2711/3972/5 2734/3995/5 2700/3961/5 2726/3987/5
f 2714/3975/4 2701/3962/4 2704/3965/4 2684/3945/4
f 2739/4000/4 2715/3976/4 2703/3964/4 2702/3963/4
f 2716/3977/2 2740/4001/2 2710/3971/2 2709/3970/2
f 2689/3950/2 2685/3946/2 2717/3978/2 2690/3951/2
f 2710/3971/2 2740/4001/2 2690/3951/2 2720/3981/2
f 2485/3746/3 2579/3840/3 2597/3858/3 2408/3669/3
f 2741/4002/1 2589/3850/1 2538/3799/1 2537/3798/1
f 2742/4003/3 2553/3814/3 2554/3815/3 2590/3851/3
f 2741/4002/5 2537/3798/5 2553/3814/5 2742/4003/5
f 2523/3784/5 2522/3783/5 2544/3805/5 2543/3804/5
f 2547/3808/1 2600/3861/1 2406/3667/1 2483/3744/1
f 2542/3803/2 2524/3785/2 2741/4002/2 2742/4003/2
f 2521/3782/6 2524/3785/6 2542/3803/6 2541/3802/6
f 2596/3857/6 2597/3858/6 2590/3851/6 2589/3850/6
f 2548/3809/3 2542/3803/3 2742/4003/3 2579/3840/3
f 2742/4003/3 2590/3851/3 2597/3858/3 2579/3840/3
f 2589/3850/1 2741/4002/1 2578/3839/1 2596/3857/1
f 2523/3784/5 2543/3804/5 2588/3849/5 2600/3861/5
f 2547/3808/4 2548/3809/4 2579/3840/4 2578/3839/4
f 2548/3809/3 2588/3849/3 2543/3804/3 2542/3803/3
f 2600/3861/1 2547/3808/1 2524/3785/1 2523/3784/1
f 2484/3745/1 2405/3666/1 2596/3857/1 2578/3839/1
f 2524/3785/1 2547/3808/1 2578/3839/1 2741/4002/1
f 2384/3645/3 2383/3644/3 2396/3657/3 2392/3653/3
f 2743/4004/1 2549/3810/1 2386/3647/1 2385/3646/1
f 2744/4005/3 2413/3674/3 2546/3807/3 2550/3811/3
f 2743/4004/5 2385/3646/5 2413/3674/5 2744/4005/5
f 2451/3712/5 2387/3648/5 2545/3806/5 2584/3845/5
f 2377/3638/1 2393/3654/1 2390/3651/1 2378/3639/1
f 2583/3844/2 2452/3713/2 2743/4004/2 2744/4005/2
f 2388/3649/6 2452/3713/6 2583/3844/6 2412/3673/6
f 2395/3656/6 2396/3657/6 2550/3811/6 2549/3810/6
f 2380/3641/3 2583/3844/3 2744/4005/3 2383/3644/3
f 2744/4005/3 2550/3811/3 2396/3657/3 2383/3644/3
f 2549/3810/1 2743/4004/1 2382/3643/1 2395/3656/1
f 2451/3712/5 2584/3845/5 2394/3655/5 2393/3654/5
f 2377/3638/4 2380/3641/4 2383/3644/4 2382/3643/4
f 2380/3641/3 2394/3655/3 2584/3845/3 2583/3844/3
f 2393/3654/1 2377/3638/1 2452/3713/1 2451/3712/1
f 2381/3642/1 2389/3650/1 2395/3656/1 2382/3643/1
f 2452/3713/1 2377/3638/1 2382/3643/1 2743/4004/1
f 2479/3740/3 2530/3791/3 2569/3830/3 2480/3741/3
f 2529/3790/1 2577/3838/1 2571/3832/1 2570/3831/1
f 2528/3789/1 2527/3788/1 2572/3833/1 2560/3821/1
f 2571/3832/1 2577/3838/1 2560/3821/1 2551/3812/1
f 2745/4006/1 2746/4007/1 2747/4008/1 2748/4009/1
f 2749/4010/6 2750/4011/6 2751/4012/6 2752/4013/6
f 2753/4014/4 2754/4015/4 2755/4016/4 2756/4017/4
f 2757/4018/5 2758/4019/5 2759/4020/5 2760/4021/5
f 2761/4022/2 2757/4018/2 2760/4021/2 2762/4023/2
f 2747/4008/2 2746/4007/2 2763/4024/2 2764/4025/2
f 2762/4023/3 2760/4021/3 2756/4017/3 2755/4016/3
f 2765/4026/3 2766/4027/3 2767/4028/3 2768/4029/3
f 2769/4030/3 2770/4031/3 2771/4032/3 2772/4033/3
f 2745/4006/4 2748/4009/4 2773/4034/4 2774/4035/4
f 2775/4036/1 2776/4037/1 2777/4038/1 2778/4039/1
f 2748/4009/1 2747/4008/1 2779/4040/1 2780/4041/1
f 2781/4042/4 2775/4036/4 2769/4030/4 2782/4043/4
f 2777/4038/5 2771/4032/5 2783/4044/5 2784/4045/5
f 2785/4046/6 2786/4047/6 2751/4012/6 2750/4011/6
f 2787/4048/3 2751/4012/3 2786/4047/3 2759/4020/3
f 2770/4031/2 2778/4039/2 2788/4049/2 2787/4048/2
f 2777/4038/5 2776/4037/5 2772/4033/5 2771/4032/5
f 2760/4021/3 2759/4020/3 2786/4047/3 2756/4017/3
f 2787/4048/3 2782/4043/3 2752/4013/3 2751/4012/3
f 2789/4050/1 2790/4051/1 2791/4052/1 2792/4053/1
f 2793/4054/5 2794/4055/5 2768/4029/5 2767/4028/5
f 2791/4052/6 2790/4051/6 2795/4056/6 2796/4057/6
f 2797/4058/1 2793/4054/1 2790/4051/1 2789/4050/1
f 2748/4009/6 2780/4041/6 2798/4059/6 2773/4034/6
f 2799/4060/1 2794/4055/1 2793/4054/1 2797/4058/1
f 2798/4059/2 2780/4041/2 2800/4061/2 2801/4062/2
f 2779/4040/5 2747/4008/5 2764/4025/5 2802/4063/5
f 2800/4061/5 2745/4006/5 2774/4035/5 2801/4062/5
f 2800/4061/1 2803/4064/1 2746/4007/1 2745/4006/1
f 2801/4062/3 2774/4035/3 2763/4024/3 2804/4065/3
f 2805/4066/3 2806/4067/3 2796/4057/3 2795/4056/3
f 2803/4064/1 2800/4061/1 2792/4053/1 2791/4052/1
f 2797/4058/2 2789/4050/2 2805/4066/2 2766/4027/2
f 2789/4050/5 2792/4053/5 2806/4067/5 2805/4066/5
f 2807/4068/3 2762/4023/3 2755/4016/3 2783/4044/3
f 2765/4026/3 2798/4059/3 2801/4062/3 2806/4067/3
f 2801/4062/3 2804/4065/3 2796/4057/3 2806/4067/3
f 2791/4052/6 2796/4057/6 2804/4065/6 2803/4064/6
f 2808/4069/4 2807/4068/4 2759/4020/4 2758/4019/4
f 2807/4068/3 2770/4031/3 2787/4048/3 2759/4020/3
f 2750/4011/1 2788/4049/1 2758/4019/1 2785/4046/1
f 2775/4036/6 2778/4039/6 2770/4031/6 2769/4030/6
f 2761/4022/1 2754/4015/1 2753/4014/1 2757/4018/1
f 2754/4015/5 2784/4045/5 2783/4044/5 2755/4016/5
f 2785/4046/6 2753/4014/6 2756/4017/6 2786/4047/6
f 2781/4042/1 2749/4010/1 2776/4037/1 2775/4036/1
f 2808/4069/1 2784/4045/1 2754/4015/1 2761/4022/1
f 2774/4035/3 2773/4034/3 2764/4025/3 2763/4024/3
f 2788/4049/1 2750/4011/1 2749/4010/1 2781/4042/1
f 2788/4049/5 2781/4042/5 2782/4043/5 2787/4048/5
f 2780/4041/1 2799/4060/1 2792/4053/1 2800/4061/1
f 2773/4034/3 2798/4059/3 2802/4063/3 2764/4025/3
f 2799/4060/6 2797/4058/6 2766/4027/6 2765/4026/6
f 2766/4027/3 2805/4066/3 2795/4056/3 2767/4028/3
f 2776/4037/2 2749/4010/2 2752/4013/2 2772/4033/2
f 2790/4051/4 2793/4054/4 2767/4028/4 2795/4056/4
f 2746/4007/6 2803/4064/6 2804/4065/6 2763/4024/6
f 2794/4055/1 2799/4060/1 2780/4041/1 2779/4040/1
f 2808/4069/6 2761/4022/6 2762/4023/6 2807/4068/6
f 2799/4060/4 2765/4026/4 2806/4067/4 2792/4053/4
f 2765/4026/3 2768/4029/3 2802/4063/3 2798/4059/3
f 2779/4040/5 2802/4063/5 2768/4029/5 2794/4055/5
f 2782/4043/3 2769/4030/3 2772/4033/3 2752/4013/3
f 2807/4068/3 2783/4044/3 2771/4032/3 2770/4031/3
f 2784/4045/1 2808/4069/1 2778/4039/1 2777/4038/1
f 2757/4018/1 2753/4014/1 2785/4046/1 2758/4019/1
f 2778/4039/1 2808/4069/1 2758/4019/1 2788/4049/1
f 2809/4070/2 2810/4071/2 2811/4072/2 2812/4073/2
f 2811/4072/3 2810/4071/3 2813/4074/3 2814/4075/3
f 2815/4076/4 2816/4077/4 2817/4078/4 2818/4079/4
f 2809/4070/1 2812/4073/1 2819/4080/1 2820/4081/1
f 2812/4073/2 2811/4072/2 2821/4082/2 2822/4083/2
f 2823/4084/2 2824/4085/2 2825/4086/2 2826/4087/2
f 2827/4088/5 2828/4089/5 2818/4079/5 2817/4078/5
f 2825/4086/6 2824/4085/6 2829/4090/6 2830/4091/6
f 2831/4092/2 2827/4088/2 2824/4085/2 2823/4084/2
f 2812/4073/6 2822/4083/6 2832/4093/6 2819/4080/6
f 2833/4094/2 2828/4089/2 2827/4088/2 2831/4092/2
f 2832/4093/3 2822/4083/3 2834/4095/3 2835/4096/3
f 2821/4082/5 2811/4072/5 2814/4075/5 2836/4097/5
f 2834/4095/5 2809/4070/5 2820/4081/5 2835/4096/5
f 2834/4095/2 2837/4098/2 2810/4071/2 2809/4070/2
f 2835/4096/4 2820/4081/4 2813/4074/4 2838/4099/4
f 2839/4100/4 2840/4101/4 2830/4091/4 2829/4090/4
f 2837/4098/2 2834/4095/2 2826/4087/2 2825/4086/2
f 2831/4092/3 2823/4084/3 2839/4100/3 2816/4077/3
f 2823/4084/5 2826/4087/5 2840/4101/5 2839/4100/5
f 2815/4076/4 2832/4093/4 2835/4096/4 2840/4101/4
f 2835/4096/4 2838/4099/4 2830/4091/4 2840/4101/4
f 2825/4086/6 2830/4091/6 2838/4099/6 2837/4098/6
f 2820/4081/4 2819/4080/4 2814/4075/4 2813/4074/4
f 2822/4083/2 2833/4094/2 2826/4087/2 2834/4095/2
f 2819/4080/4 2832/4093/4 2836/4097/4 2814/4075/4
f 2833/4094/6 2831/4092/6 2816/4077/6 2815/4076/6
f 2816/4077/4 2839/4100/4 2829/4090/4 2817/4078/4
f 2824/4085/1 2827/4088/1 2817/4078/1 2829/4090/1
f 2810/4071/6 2837/4098/6 2838/4099/6 2813/4074/6
f 2828/4089/2 2833/4094/2 2822/4083/2 2821/4082/2
f 2833/4094/1 2815/4076/1 2840/4101/1 2826/4087/1
f 2815/4076/4 2818/4079/4 2836/4097/4 2832/4093/4
f 2821/4082/5 2836/4097/5 2818/4079/5 2828/4089/5
f 2841/4102/2 2842/4103/2 2843/4104/2 2844/4105/2
f 2843/4104/3 2842/4103/3 2845/4106/3 2846/4107/3
f 2841/4102/1 2844/4105/1 2847/4108/1 2848/4109/1
f 2844/4105/2 2843/4104/2 2849/4110/2 2850/4111/2
f 2844/4105/6 2850/4111/6 2851/4112/6 2847/4108/6
f 2851/4112/3 2850/4111/3 2852/4113/3 2853/4114/3
f 2849/4110/5 2843/4104/5 2846/4107/5 2854/4115/5
f 2852/4113/5 2841/4102/5 2848/4109/5 2853/4114/5
f 2852/4113/2 2855/4116/2 2842/4103/2 2841/4102/2
f 2853/4114/4 2848/4109/4 2845/4106/4 2856/4117/4
f 2855/4116/2 2852/4113/2 2857/4118/2 2858/4119/2
f 2859/4120/4 2851/4112/4 2853/4114/4 2860/4121/4
f 2853/4114/4 2856/4117/4 2861/4122/4 2860/4121/4
f 2858/4119/6 2861/4122/6 2856/4117/6 2855/4116/6
f 2848/4109/4 2847/4108/4 2846/4107/4 2845/4106/4
f 2850/4111/2 2862/4123/2 2857/4118/2 2852/4113/2
f 2847/4108/4 2851/4112/4 2854/4115/4 2846/4107/4
f 2842/4103/6 2855/4116/6 2856/4117/6 2845/4106/6
f 2863/4124/2 2862/4123/2 2850/4111/2 2849/4110/2
f 2862/4123/1 2859/4120/1 2860/4121/1 2857/4118/1
f 2859/4120/4 2864/4125/4 2854/4115/4 2851/4112/4
f 2849/4110/5 2854/4115/5 2864/4125/5 2863/4124/5
f 2865/4126/2 2866/4127/2 2867/4128/2 2868/4129/2
f 2869/4130/6 2870/4131/6 2871/4132/6 2872/4133/6
f 2865/4126/5 2868/4129/5 2873/4134/5 2874/4135/5
f 2867/4128/6 2866/4127/6 2870/4131/6 2869/4130/6
f 2868/4129/66 2867/4128/66 2869/4130/66 2873/4134/66
f 2866/4127/67 2865/4126/67 2874/4135/67 2870/4131/67
f 2875/4136/3 2876/4137/3 2872/4133/3 2871/4132/3
f 2873/4134/2 2869/4130/2 2872/4133/2 2876/4137/2
f 2870/4131/4 2874/4135/4 2875/4136/4 2871/4132/4
f 2874/4135/5 2873/4134/5 2876/4137/5 2875/4136/5
f 2877/4138/4 2878/4139/4 2879/4140/4 2880/4141/4
f 2879/4140/3 2881/4142/3 2882/4143/3 2880/4141/3
f 2877/4138/1 2883/4144/1 2884/4145/1 2878/4139/1
f 2878/4139/4 2885/4146/4 2886/4147/4 2879/4140/4
f 2878/4139/6 2884/4145/6 2887/4148/6 2885/4146/6
f 2887/4148/3 2888/4149/3 2889/4150/3 2885/4146/3
f 2886/4147/5 2890/4151/5 2881/4142/5 2879/4140/5
f 2889/4150/5 2888/4149/5 2883/4144/5 2877/4138/5
f 2889/4150/4 2877/4138/4 2880/4141/4 2891/4152/4
f 2888/4149/2 2892/4153/2 2882/4143/2 2883/4144/2
f 2891/4152/4 2893/4154/4 2894/4155/4 2889/4150/4
f 2895/4156/2 2896/4157/2 2888/4149/2 2887/4148/2
f 2888/4149/2 2896/4157/2 2897/4158/2 2892/4153/2
f 2893/4154/6 2891/4152/6 2892/4153/6 2897/4158/6
f 2883/4144/2 2882/4143/2 2881/4142/2 2884/4145/2
f 2885/4146/4 2889/4150/4 2894/4155/4 2898/4159/4
f 2884/4145/2 2881/4142/2 2890/4151/2 2887/4148/2
f 2880/4141/6 2882/4143/6 2892/4153/6 2891/4152/6
f 2899/4160/4 2886/4147/4 2885/4146/4 2898/4159/4
f 2898/4159/1 2894/4155/1 2896/4157/1 2895/4156/1
f 2895/4156/2 2887/4148/2 2890/4151/2 2900/4161/2
f 2886/4147/5 2899/4160/5 2900/4161/5 2890/4151/5
f 2901/4162/4 2902/4163/4 2903/4164/4 2904/4165/4
f 2905/4166/6 2906/4167/6 2907/4168/6 2908/4169/6
f 2901/4162/5 2909/4170/5 2910/4171/5 2902/4163/5
f 2903/4164/6 2905/4166/6 2908/4169/6 2904/4165/6
f 2902/4163/68 2910/4171/68 2905/4166/68 2903/4164/68
f 2904/4165/69 2908/4169/69 2909/4170/69 2901/4162/69
f 2911/4172/3 2907/4168/3 2906/4167/3 2912/4173/3
f 2910/4171/4 2912/4173/4 2906/4167/4 2905/4166/4
f 2908/4169/2 2907/4168/2 2911/4172/2 2909/4170/2
f 2909/4170/5 2911/4172/5 2912/4173/5 2910/4171/5
f 2898/4159/1 2895/4156/1 2900/4161/1 2899/4160/1
f 2863/4124/1 2864/4125/1 2859/4120/1 2862/4123/1
f 2495/3756/3 2494/3755/3 2421/3682/3 2420/3681/3
f 2913/4174/1 2442/3703/1 2439/3700/1 2489/3750/1
f 2914/4175/3 2492/3753/3 2440/3701/3 2443/3704/3
f 2913/4174/5 2489/3750/5 2492/3753/5 2914/4175/5
f 2575/3836/5 2438/3699/5 2441/3702/5 2568/3829/5
f 2565/3826/1 2416/3677/1 2370/3631/1 2369/3630/1
f 2567/3828/2 2576/3837/2 2913/4174/2 2914/4175/2
f 2490/3751/6 2576/3837/6 2567/3828/6 2491/3752/6
f 2419/3680/6 2421/3682/6 2443/3704/6 2442/3703/6
f 2456/3717/3 2567/3828/3 2914/4175/3 2494/3755/3
f 2914/4175/3 2443/3704/3 2421/3682/3 2494/3755/3
f 2442/3703/1 2913/4174/1 2493/3754/1 2419/3680/1
f 2575/3836/5 2568/3829/5 2417/3678/5 2416/3677/5
f 2565/3826/4 2456/3717/4 2494/3755/4 2493/3754/4
f 2456/3717/3 2417/3678/3 2568/3829/3 2567/3828/3
f 2416/3677/1 2565/3826/1 2576/3837/1 2575/3836/1
f 2372/3633/1 2371/3632/1 2419/3680/1 2493/3754/1
f 2576/3837/1 2565/3826/1 2493/3754/1 2913/4174/1
f 2461/3722/3 2603/3864/3 2599/3860/3 2462/3723/3
f 2915/4176/1 2563/3824/1 2423/3684/1 2591/3852/1
f 2916/4177/3 2566/3827/3 2424/3685/3 2564/3825/3
f 2915/4176/5 2591/3852/5 2566/3827/5 2916/4177/5
f 2586/3847/5 2422/3683/5 2425/3686/5 2466/3727/5
f 2604/3865/1 2601/3862/1 2593/3854/1 2592/3853/1
f 2465/3726/2 2587/3848/2 2915/4176/2 2916/4177/2
f 2585/3846/6 2587/3848/6 2465/3726/6 2464/3725/6
f 2598/3859/6 2599/3860/6 2564/3825/6 2563/3824/6
f 2510/3771/3 2465/3726/3 2916/4177/3 2603/3864/3
f 2916/4177/3 2564/3825/3 2599/3860/3 2603/3864/3
f 2563/3824/1 2915/4176/1 2602/3863/1 2598/3859/1
f 2586/3847/5 2466/3727/5 2511/3772/5 2601/3862/5
f 2604/3865/4 2510/3771/4 2603/3864/4 2602/3863/4
f 2510/3771/3 2511/3772/3 2466/3727/3 2465/3726/3
f 2601/3862/1 2604/3865/1 2587/3848/1 2586/3847/1
f 2595/3856/1 2594/3855/1 2598/3859/1 2602/3863/1
f 2587/3848/1 2604/3865/1 2602/3863/1 2915/4176/1
f 2433/3694/3 2506/3767/3 2516/3777/3 2498/3759/3
f 2470/3731/1 2430/3691/1 2497/3758/1 2513/3774/1
f 2556/3817/1 2473/3734/1 2472/3733/1 2501/3762/1
f 2497/3758/1 2430/3691/1 2501/3762/1 2467/3728/1
f 2917/4178/1 2918/4179/1 2919/4180/1 2920/4181/1
f 2921/4182/6 2922/4183/6 2923/4184/6 2924/4185/6
f 2925/4186/4 2926/4187/4 2927/4188/4 2928/4189/4
f 2929/4190/5 2930/4191/5 2931/4192/5 2932/4193/5
f 2933/4194/2 2929/4190/2 2932/4193/2 2934/4195/2
f 2919/4180/2 2918/4179/2 2935/4196/2 2936/4197/2
f 2934/4195/3 2932/4193/3 2928/4189/3 2927/4188/3
f 2937/4198/3 2938/4199/3 2939/4200/3 2940/4201/3
f 2941/4202/3 2942/4203/3 2943/4204/3 2944/4205/3
f 2917/4178/4 2920/4181/4 2945/4206/4 2946/4207/4
f 2947/4208/1 2948/4209/1 2949/4210/1 2950/4211/1
f 2920/4181/1 2919/4180/1 2951/4212/1 2952/4213/1
f 2953/4214/4 2947/4208/4 2941/4202/4 2954/4215/4
f 2949/4210/5 2943/4204/5 2955/4216/5 2956/4217/5
f 2957/4218/6 2958/4219/6 2923/4184/6 2922/4183/6
f 2959/4220/3 2923/4184/3 2958/4219/3 2931/4192/3
f 2942/4203/2 2950/4211/2 2960/4221/2 2959/4220/2
f 2949/4210/5 2948/4209/5 2944/4205/5 2943/4204/5
f 2932/4193/3 2931/4192/3 2958/4219/3 2928/4189/3
f 2959/4220/3 2954/4215/3 2924/4185/3 2923/4184/3
f 2961/4222/1 2962/4223/1 2963/4224/1 2964/4225/1
f 2965/4226/5 2966/4227/5 2940/4201/5 2939/4200/5
f 2963/4224/6 2962/4223/6 2967/4228/6 2968/4229/6
f 2969/4230/1 2965/4226/1 2962/4223/1 2961/4222/1
f 2920/4181/6 2952/4213/6 2970/4231/6 2945/4206/6
f 2971/4232/1 2966/4227/1 2965/4226/1 2969/4230/1
f 2970/4231/2 2952/4213/2 2972/4233/2 2973/4234/2
f 2951/4212/5 2919/4180/5 2936/4197/5 2974/4235/5
f 2972/4233/5 2917/4178/5 2946/4207/5 2973/4234/5
f 2972/4233/1 2975/4236/1 2918/4179/1 2917/4178/1
f 2973/4234/3 2946/4207/3 2935/4196/3 2976/4237/3
f 2977/4238/3 2978/4239/3 2968/4229/3 2967/4228/3
f 2975/4236/1 2972/4233/1 2964/4225/1 2963/4224/1
f 2969/4230/2 2961/4222/2 2977/4238/2 2938/4199/2
f 2961/4222/5 2964/4225/5 2978/4239/5 2977/4238/5
f 2979/4240/3 2934/4195/3 2927/4188/3 2955/4216/3
f 2937/4198/3 2970/4231/3 2973/4234/3 2978/4239/3
f 2973/4234/3 2976/4237/3 2968/4229/3 2978/4239/3
f 2963/4224/6 2968/4229/6 2976/4237/6 2975/4236/6
f 2980/4241/4 2979/4240/4 2931/4192/4 2930/4191/4
f 2979/4240/3 2942/4203/3 2959/4220/3 2931/4192/3
f 2922/4183/1 2960/4221/1 2930/4191/1 2957/4218/1
f 2947/4208/6 2950/4211/6 2942/4203/6 2941/4202/6
f 2933/4194/1 2926/4187/1 2925/4186/1 2929/4190/1
f 2926/4187/5 2956/4217/5 2955/4216/5 2927/4188/5
f 2957/4218/6 2925/4186/6 2928/4189/6 2958/4219/6
f 2953/4214/1 2921/4182/1 2948/4209/1 2947/4208/1
f 2980/4241/1 2956/4217/1 2926/4187/1 2933/4194/1
f 2946/4207/3 2945/4206/3 2936/4197/3 2935/4196/3
f 2960/4221/1 2922/4183/1 2921/4182/1 2953/4214/1
f 2960/4221/5 2953/4214/5 2954/4215/5 2959/4220/5
f 2952/4213/1 2971/4232/1 2964/4225/1 2972/4233/1
f 2945/4206/3 2970/4231/3 2974/4235/3 2936/4197/3
f 2971/4232/6 2969/4230/6 2938/4199/6 2937/4198/6
f 2938/4199/3 2977/4238/3 2967/4228/3 2939/4200/3
f 2948/4209/2 2921/4182/2 2924/4185/2 2944/4205/2
f 2962/4223/4 2965/4226/4 2939/4200/4 2967/4228/4
f 2918/4179/6 2975/4236/6 2976/4237/6 2935/4196/6
f 2966/4227/1 2971/4232/1 2952/4213/1 2951/4212/1
f 2980/4241/6 2933/4194/6 2934/4195/6 2979/4240/6
f 2971/4232/4 2937/4198/4 2978/4239/4 2964/4225/4
f 2937/4198/3 2940/4201/3 2974/4235/3 2970/4231/3
f 2951/4212/5 2974/4235/5 2940/4201/5 2966/4227/5
f 2954/4215/3 2941/4202/3 2944/4205/3 2924/4185/3
f 2979/4240/3 2955/4216/3 2943/4204/3 2942/4203/3
f 2956/4217/1 2980/4241/1 2950/4211/1 2949/4210/1
f 2929/4190/1 2925/4186/1 2957/4218/1 2930/4191/1
f 2950/4211/1 2980/4241/1 2930/4191/1 2960/4221/1
f 2981/4242/4 2982/4243/4 2983/4244/4 2984/4245/4
f 2985/4246/6 2986/4247/6 2987/4248/6 2988/4249/6
f 2989/4250/1 2990/4251/1 2991/4252/1 2992/4253/1
f 2993/4254/5 2994/4255/5 2995/4256/5 2996/4257/5
f 2997/4258/3 2998/4259/3 2994/4255/3 2993/4254/3
f 2983/4244/3 2999/4260/3 3000/4261/3 2984/4245/3
f 2998/4259/2 2991/4252/2 2990/4251/2 2994/4255/2
f 3001/4262/2 3002/4263/2 3003/4264/2 3004/4265/2
f 3005/4266/2 3006/4267/2 3007/4268/2 3008/4269/2
f 2981/4242/1 3009/4270/1 3010/4271/1 2982/4243/1
f 3011/4272/4 3012/4273/4 3013/4274/4 3014/4275/4
f 2982/4243/4 3015/4276/4 3016/4277/4 2983/4244/4
f 3017/4278/1 3018/4279/1 3005/4266/1 3011/4272/1
f 3013/4274/5 3019/4280/5 3020/4281/5 3007/4268/5
f 3021/4282/6 2988/4249/6 2987/4248/6 3022/4283/6
f 3023/4284/2 2995/4256/2 3022/4283/2 2987/4248/2
f 3008/4269/3 3023/4284/3 3024/4285/3 3012/4273/3
f 3013/4274/5 3007/4268/5 3006/4267/5 3014/4275/5
f 2994/4255/2 2990/4251/2 3022/4283/2 2995/4256/2
f 3023/4284/2 2987/4248/2 2986/4247/2 3018/4279/2
f 3025/4286/4 3026/4287/4 3027/4288/4 3028/4289/4
f 3029/4290/4 3030/4291/4 3031/4292/4 3032/4293/4
f 3032/4293/5 3033/4294/5 3034/4295/5 3035/4296/5
f 3036/4297/6 3037/4298/6 3038/4299/6 3031/4292/6
f 3039/4300/4 3040/4301/4 3041/4302/4 3042/4303/4
f 3043/4304/6 3044/4305/6 3045/4306/6 3046/4307/6
f 3047/4308/5 3048/4309/5 3049/4310/5 3050/4311/5
f 3051/4312/1 3052/4313/1 3053/4314/1 3054/4315/1
f 3055/4316/3 3056/4317/3 3048/4309/3 3047/4308/3
f 3057/4318/5 3003/4264/5 3002/4263/5 3058/4319/5
f 3027/4288/6 3059/4320/6 3060/4321/6 3028/4289/6
f 3061/4322/4 3025/4286/4 3028/4289/4 3057/4318/4
f 2982/4243/6 3010/4271/6 3062/4323/6 3015/4276/6
f 3063/4324/4 3061/4322/4 3057/4318/4 3058/4319/4
f 3062/4323/3 3064/4325/3 3065/4326/3 3015/4276/3
f 3016/4277/5 3066/4327/5 2999/4260/5 2983/4244/5
f 3065/4326/5 3064/4325/5 3009/4270/5 2981/4242/5
f 3065/4326/4 2981/4242/4 2984/4245/4 3067/4328/4
f 3064/4325/2 3068/4329/2 3000/4261/2 3009/4270/2
f 3069/4330/2 3060/4321/2 3059/4320/2 3070/4331/2
f 3071/4332/2 3033/4294/2 3038/4299/2 3072/4333/2
f 3073/4334/2 3074/4335/2 3075/4336/2 3076/4337/2
f 3077/4338/6 3078/4339/6 3071/4332/6 3029/4290/6
f 3079/4340/2 3080/4341/2 3074/4335/2 3073/4334/2
f 3081/4342/4 3082/4343/4 3083/4344/4 3043/4304/4
f 3054/4315/5 3053/4314/5 3084/4345/5 3085/4346/5
f 3086/4347/6 3087/4348/6 3052/4313/6 3051/4312/6
f 3055/4316/4 3047/4308/4 3051/4312/4 3054/4315/4
f 3067/4328/4 3027/4288/4 3026/4287/4 3065/4326/4
f 3081/4342/1 3088/4349/1 3089/4350/1 3082/4343/1
f 3090/4351/2 3084/4345/2 3053/4314/2 3056/4317/2
f 3082/4343/4 3091/4352/4 3092/4353/4 3083/4344/4
f 3061/4322/3 3004/4265/3 3069/4330/3 3025/4286/3
f 3025/4286/5 3069/4330/5 3070/4331/5 3026/4287/5
f 3093/4354/2 3020/4281/2 2991/4252/2 2998/4259/2
f 3001/4262/2 3070/4331/2 3064/4325/2 3062/4323/2
f 3064/4325/2 3070/4331/2 3059/4320/2 3068/4329/2
f 3027/4288/6 3067/4328/6 3068/4329/6 3059/4320/6
f 3094/4355/1 2996/4257/1 2995/4256/1 3093/4354/1
f 3093/4354/2 2995/4256/2 3023/4284/2 3008/4269/2
f 2988/4249/4 3021/4282/4 2996/4257/4 3024/4285/4
f 3029/4290/3 3071/4332/3 3072/4333/3 3030/4291/3
f 3011/4272/6 3005/4266/6 3008/4269/6 3012/4273/6
f 3040/4301/4 3095/4356/4 3096/4357/4 3041/4302/4
f 3030/4291/5 3072/4333/5 3097/4358/5 3098/4359/5
f 2997/4258/4 2993/4254/4 2989/4250/4 2992/4253/4
f 3039/4300/1 3079/4340/1 3073/4334/1 3040/4301/1
f 2992/4253/5 2991/4252/5 3020/4281/5 3019/4280/5
f 3021/4282/6 3022/4283/6 2990/4251/6 2989/4250/6
f 3017/4278/4 3011/4272/4 3014/4275/4 2985/4246/4
f 3094/4355/4 2997/4258/4 2992/4253/4 3019/4280/4
f 3088/4349/2 3044/4305/2 3099/4360/2 3089/4350/2
f 3009/4270/2 3000/4261/2 2999/4260/2 3010/4271/2
f 3024/4285/4 3017/4278/4 2985/4246/4 2988/4249/4
f 3024/4285/5 3023/4284/5 3018/4279/5 3017/4278/5
f 3015/4276/4 3065/4326/4 3026/4287/4 3063/4324/4
f 3089/4350/2 3099/4360/2 3100/4361/2 3101/4362/2
f 3102/4363/6 3090/4351/6 3056/4317/6 3055/4316/6
f 3056/4317/2 3053/4314/2 3052/4313/2 3048/4309/2
f 3031/4292/1 3038/4299/1 3033/4294/1 3032/4293/1
f 3010/4271/2 2999/4260/2 3066/4327/2 3062/4323/2
f 3063/4324/6 3001/4262/6 3004/4265/6 3061/4322/6
f 3078/4339/2 3034/4295/2 3033/4294/2 3071/4332/2
f 3004/4265/2 3003/4264/2 3060/4321/2 3069/4330/2
f 3042/4303/6 3080/4341/6 3103/4364/6 3104/4365/6
f 3014/4275/3 3006/4267/3 2986/4247/3 2985/4246/3
f 3041/4302/3 3074/4335/3 3080/4341/3 3042/4303/3
f 3028/4289/1 3060/4321/1 3003/4264/1 3057/4318/1
f 2984/4245/6 3000/4261/6 3068/4329/6 3067/4328/6
f 3058/4319/4 3016/4277/4 3015/4276/4 3063/4324/4
f 3094/4355/6 3093/4354/6 2998/4259/6 2997/4258/6
f 3063/4324/1 3026/4287/1 3070/4331/1 3001/4262/1
f 3001/4262/2 3062/4323/2 3066/4327/2 3002/4263/2
f 3016/4277/5 3058/4319/5 3002/4263/5 3066/4327/5
f 3083/4344/3 3099/4360/3 3044/4305/3 3043/4304/3
f 3018/4279/2 2986/4247/2 3006/4267/2 3005/4266/2
f 3072/4333/2 3038/4299/2 3037/4298/2 3097/4358/2
f 3105/4366/4 3039/4300/4 3042/4303/4 3104/4365/4
f 3106/4367/2 3103/4364/2 3080/4341/2 3079/4340/2
f 3105/4366/5 3106/4367/5 3079/4340/5 3039/4300/5
f 3096/4357/5 3075/4336/5 3074/4335/5 3041/4302/5
f 3077/4338/4 3029/4290/4 3032/4293/4 3035/4296/4
f 3076/4337/3 3106/4367/3 3105/4366/3 3095/4356/3
f 3040/4301/6 3073/4334/6 3076/4337/6 3095/4356/6
f 3036/4297/6 3104/4365/6 3103/4364/6 3037/4298/6
f 3078/4339/2 3097/4358/2 3106/4367/2 3076/4337/2
f 3106/4367/2 3097/4358/2 3037/4298/2 3103/4364/2
f 3104/4365/4 3036/4297/4 3098/4359/4 3105/4366/4
f 3096/4357/5 3035/4296/5 3034/4295/5 3075/4336/5
f 3077/4338/1 3098/4359/1 3097/4358/1 3078/4339/1
f 3078/4339/2 3076/4337/2 3075/4336/2 3034/4295/2
f 3035/4296/4 3096/4357/4 3095/4356/4 3077/4338/4
f 3030/4291/4 3098/4359/4 3036/4297/4 3031/4292/4
f 3095/4356/4 3105/4366/4 3098/4359/4 3077/4338/4
f 3048/4309/2 3052/4313/2 3087/4348/2 3049/4310/2
f 3107/4368/4 3081/4342/4 3043/4304/4 3046/4307/4
f 3108/4369/2 3045/4306/2 3044/4305/2 3088/4349/2
f 3107/4368/5 3108/4369/5 3088/4349/5 3081/4342/5
f 3092/4353/5 3100/4361/5 3099/4360/5 3083/4344/5
f 3102/4363/4 3055/4316/4 3054/4315/4 3085/4346/4
f 3101/4362/3 3108/4369/3 3107/4368/3 3091/4352/3
f 3082/4343/6 3089/4350/6 3101/4362/6 3091/4352/6
f 3086/4347/6 3046/4307/6 3045/4306/6 3087/4348/6
f 3090/4351/2 3049/4310/2 3108/4369/2 3101/4362/2
f 3108/4369/2 3049/4310/2 3087/4348/2 3045/4306/2
f 3046/4307/4 3086/4347/4 3050/4311/4 3107/4368/4
f 3092/4353/5 3085/4346/5 3084/4345/5 3100/4361/5
f 3102/4363/1 3050/4311/1 3049/4310/1 3090/4351/1
f 3090/4351/2 3101/4362/2 3100/4361/2 3084/4345/2
f 3085/4346/4 3092/4353/4 3091/4352/4 3102/4363/4
f 3047/4308/4 3050/4311/4 3086/4347/4 3051/4312/4
f 3091/4352/4 3107/4368/4 3050/4311/4 3102/4363/4
f 3093/4354/2 3008/4269/2 3007/4268/2 3020/4281/2
f 3019/4280/4 3013/4274/4 3012/4273/4 3094/4355/4
f 2993/4254/4 2996/4257/4 3021/4282/4 2989/4250/4
f 3012/4273/4 3024/4285/4 2996/4257/4 3094/4355/4
f 3109/4370/4 3110/4371/4 3111/4372/4 3112/4373/4
f 3113/4374/6 3114/4375/6 3115/4376/6 3116/4377/6
f 3117/4378/1 3118/4379/1 3119/4380/1 3120/4381/1
f 3121/4382/5 3122/4383/5 3123/4384/5 3124/4385/5
f 3125/4386/3 3126/4387/3 3122/4383/3 3121/4382/3
f 3111/4372/3 3127/4388/3 3128/4389/3 3112/4373/3
f 3126/4387/2 3119/4380/2 3118/4379/2 3122/4383/2
f 3129/4390/2 3130/4391/2 3131/4392/2 3132/4393/2
f 3133/4394/2 3134/4395/2 3135/4396/2 3136/4397/2
f 3109/4370/1 3137/4398/1 3138/4399/1 3110/4371/1
f 3139/4400/4 3140/4401/4 3141/4402/4 3142/4403/4
f 3110/4371/4 3143/4404/4 3144/4405/4 3111/4372/4
f 3145/4406/1 3146/4407/1 3133/4394/1 3139/4400/1
f 3141/4402/5 3147/4408/5 3148/4409/5 3135/4396/5
f 3149/4410/6 3116/4377/6 3115/4376/6 3150/4411/6
f 3151/4412/2 3123/4384/2 3150/4411/2 3115/4376/2
f 3136/4397/3 3151/4412/3 3152/4413/3 3140/4401/3
f 3141/4402/5 3135/4396/5 3134/4395/5 3142/4403/5
f 3122/4383/2 3118/4379/2 3150/4411/2 3123/4384/2
f 3151/4412/2 3115/4376/2 3114/4375/2 3146/4407/2
f 3153/4414/4 3154/4415/4 3155/4416/4 3156/4417/4
f 3157/4418/5 3131/4392/5 3130/4391/5 3158/4419/5
f 3155/4416/6 3159/4420/6 3160/4421/6 3156/4417/6
f 3161/4422/4 3153/4414/4 3156/4417/4 3157/4418/4
f 3110/4371/6 3138/4399/6 3162/4423/6 3143/4404/6
f 3163/4424/4 3161/4422/4 3157/4418/4 3158/4419/4
f 3162/4423/3 3164/4425/3 3165/4426/3 3143/4404/3
f 3144/4405/5 3166/4427/5 3127/4388/5 3111/4372/5
f 3165/4426/5 3164/4425/5 3137/4398/5 3109/4370/5
f 3165/4426/4 3109/4370/4 3112/4373/4 3167/4428/4
f 3164/4425/2 3168/4429/2 3128/4389/2 3137/4398/2
f 3169/4430/2 3160/4421/2 3159/4420/2 3170/4431/2
f 3167/4428/4 3155/4416/4 3154/4415/4 3165/4426/4
f 3161/4422/3 3132/4393/3 3169/4430/3 3153/4414/3
f 3153/4414/5 3169/4430/5 3170/4431/5 3154/4415/5
f 3171/4432/2 3148/4409/2 3119/4380/2 3126/4387/2
f 3129/4390/2 3170/4431/2 3164/4425/2 3162/4423/2
f 3164/4425/2 3170/4431/2 3159/4420/2 3168/4429/2
f 3155/4416/6 3167/4428/6 3168/4429/6 3159/4420/6
f 3172/4433/1 3124/4385/1 3123/4384/1 3171/4432/1
f 3171/4432/2 3123/4384/2 3151/4412/2 3136/4397/2
f 3116/4377/4 3149/4410/4 3124/4385/4 3152/4413/4
f 3139/4400/6 3133/4394/6 3136/4397/6 3140/4401/6
f 3125/4386/4 3121/4382/4 3117/4378/4 3120/4381/4
f 3120/4381/5 3119/4380/5 3148/4409/5 3147/4408/5
f 3149/4410/6 3150/4411/6 3118/4379/6 3117/4378/6
f 3145/4406/4 3139/4400/4 3142/4403/4 3113/4374/4
f 3172/4433/4 3125/4386/4 3120/4381/4 3147/4408/4
f 3137/4398/2 3128/4389/2 3127/4388/2 3138/4399/2
f 3152/4413/4 3145/4406/4 3113/4374/4 3116/4377/4
f 3152/4413/5 3151/4412/5 3146/4407/5 3145/4406/5
f 3143/4404/4 3165/4426/4 3154/4415/4 3163/4424/4
f 3138/4399/2 3127/4388/2 3166/4427/2 3162/4423/2
f 3163/4424/6 3129/4390/6 3132/4393/6 3161/4422/6
f 3132/4393/2 3131/4392/2 3160/4421/2 3169/4430/2
f 3142/4403/3 3134/4395/3 3114/4375/3 3113/4374/3
f 3156/4417/1 3160/4421/1 3131/4392/1 3157/4418/1
f 3112/4373/6 3128/4389/6 3168/4429/6 3167/4428/6
f 3158/4419/4 3144/4405/4 3143/4404/4 3163/4424/4
f 3172/4433/6 3171/4432/6 3126/4387/6 3125/4386/6
f 3163/4424/1 3154/4415/1 3170/4431/1 3129/4390/1
f 3129/4390/2 3162/4423/2 3166/4427/2 3130/4391/2
f 3144/4405/5 3158/4419/5 3130/4391/5 3166/4427/5
f 3146/4407/2 3114/4375/2 3134/4395/2 3133/4394/2
f 3171/4432/2 3136/4397/2 3135/4396/2 3148/4409/2
f 3147/4408/4 3141/4402/4 3140/4401/4 3172/4433/4
f 3121/4382/4 3124/4385/4 3149/4410/4 3117/4378/4
f 3140/4401/4 3152/4413/4 3124/4385/4 3172/4433/4
f 3173/4434/4 3174/4435/4 3175/4436/4 3176/4437/4
f 3175/4436/3 3177/4438/3 3178/4439/3 3176/4437/3
f 3179/4440/2 3180/4441/2 3181/4442/2 3182/4443/2
f 3173/4434/1 3183/4444/1 3184/4445/1 3174/4435/1
f 3174/4435/4 3185/4446/4 3186/4447/4 3175/4436/4
f 3187/4448/4 3188/4449/4 3189/4450/4 3190/4451/4
f 3191/4452/5 3181/4442/5 3180/4441/5 3192/4453/5
f 3189/4450/6 3193/4454/6 3194/4455/6 3190/4451/6
f 3195/4456/4 3187/4448/4 3190/4451/4 3191/4452/4
f 3174/4435/6 3184/4445/6 3196/4457/6 3185/4446/6
f 3197/4458/4 3195/4456/4 3191/4452/4 3192/4453/4
f 3196/4457/3 3198/4459/3 3199/4460/3 3185/4446/3
f 3186/4447/5 3200/4461/5 3177/4438/5 3175/4436/5
f 3199/4460/5 3198/4459/5 3183/4444/5 3173/4434/5
f 3199/4460/4 3173/4434/4 3176/4437/4 3201/4462/4
f 3198/4459/2 3202/4463/2 3178/4439/2 3183/4444/2
f 3203/4464/2 3194/4455/2 3193/4454/2 3204/4465/2
f 3201/4462/4 3189/4450/4 3188/4449/4 3199/4460/4
f 3195/4456/3 3182/4443/3 3203/4464/3 3187/4448/3
f 3187/4448/5 3203/4464/5 3204/4465/5 3188/4449/5
f 3179/4440/2 3204/4465/2 3198/4459/2 3196/4457/2
f 3198/4459/2 3204/4465/2 3193/4454/2 3202/4463/2
f 3189/4450/6 3201/4462/6 3202/4463/6 3193/4454/6
f 3183/4444/2 3178/4439/2 3177/4438/2 3184/4445/2
f 3185/4446/4 3199/4460/4 3188/4449/4 3197/4458/4
f 3184/4445/2 3177/4438/2 3200/4461/2 3196/4457/2
f 3197/4458/6 3179/4440/6 3182/4443/6 3195/4456/6
f 3182/4443/2 3181/4442/2 3194/4455/2 3203/4464/2
f 3190/4451/1 3194/4455/1 3181/4442/1 3191/4452/1
f 3176/4437/6 3178/4439/6 3202/4463/6 3201/4462/6
f 3192/4453/4 3186/4447/4 3185/4446/4 3197/4458/4
f 3197/4458/1 3188/4449/1 3204/4465/1 3179/4440/1
f 3179/4440/2 3196/4457/2 3200/4461/2 3180/4441/2
f 3186/4447/5 3192/4453/5 3180/4441/5 3200/4461/5
f 3205/4466/4 3206/4467/4 3207/4468/4 3208/4469/4
f 3209/4470/4 3210/4471/4 3211/4472/4 3212/4473/4
f 3213/4474/4 3214/4475/4 3215/4476/4 3216/4477/4
f 3217/4478/4 3218/4479/4 3219/4480/4 3220/4481/4
f 3208/4469/4 3207/4468/4 3210/4471/4 3209/4470/4
f 3221/4482/2 3222/4483/2 3223/4484/2 3224/4485/2
f 3225/4486/2 3226/4487/2 3227/4488/2 3228/4489/2
f 3229/4490/2 3230/4491/2 3231/4492/2 3232/4493/2
f 3232/4493/5 3233/4494/5 3234/4495/5 3235/4496/5
f 3236/4497/4 3237/4498/4 3238/4499/4 3239/4500/4
f 3240/4501/4 3241/4502/4 3237/4498/4 3236/4497/4
f 3239/4500/4 3238/4499/4 3242/4503/4 3243/4504/4
f 3244/4505/6 3245/4506/6 3246/4507/6 3247/4508/6
f 3248/4509/3 3249/4510/3 3250/4511/3 3251/4512/3
f 3252/4513/5 3253/4514/5 3254/4515/5 3255/4516/5
f 3256/4517/6 3257/4518/6 3258/4519/6 3231/4492/6
f 3259/4520/1 3260/4521/1 3253/4514/1 3252/4513/1
f 3243/4504/4 3242/4503/4 3241/4502/4 3240/4501/4
f 3261/4522/2 3262/4523/2 3263/4524/2 3264/4525/2
f 3223/4484/1 3265/4526/1 3266/4527/1 3224/4485/1
f 3267/4528/1 3268/4529/1 3269/4530/1 3270/4531/1
f 3260/4521/4 3250/4511/4 3249/4510/4 3253/4514/4
f 3271/4532/4 3272/4533/4 3273/4534/4 3274/4535/4
f 3275/4536/4 3276/4537/4 3277/4538/4 3278/4539/4
f 3279/4540/2 3261/4522/2 3264/4525/2 3280/4541/2
f 3262/4523/2 3281/4542/2 3282/4543/2 3263/4524/2
f 3281/4542/2 3279/4540/2 3280/4541/2 3282/4543/2
f 3283/4544/4 3284/4545/4 3285/4546/4 3286/4547/4
f 3287/4548/6 3288/4549/6 3289/4550/6 3290/4551/6
f 3291/4552/6 3292/4553/6 3293/4554/6 3294/4555/6
f 3221/4482/3 3295/4556/3 3296/4557/3 3222/4483/3
f 3297/4558/2 3298/4559/2 3299/4560/2 3300/4561/2
f 3301/4562/1 3302/4563/1 3303/4564/1 3304/4565/1
f 3304/4565/6 3303/4564/6 3305/4566/6 3306/4567/6
f 3298/4559/2 3307/4568/2 3308/4569/2 3299/4560/2
f 3309/4570/2 3297/4558/2 3300/4561/2 3310/4571/2
f 3311/4572/4 3234/4495/4 3233/4494/4 3312/4573/4
f 3313/4574/2 3314/4575/2 3315/4576/2 3316/4577/2
f 3222/4483/2 3317/4578/2 3318/4579/2 3223/4484/2
f 3319/4580/3 3320/4581/3 3275/4536/3 3313/4574/3
f 3307/4568/2 3309/4570/2 3310/4571/2 3308/4569/2
f 3321/4582/4 3322/4583/4 3285/4546/4 3284/4545/4
f 3323/4584/2 3324/4585/2 3325/4586/2 3326/4587/2
f 3315/4576/5 3327/4588/5 3328/4589/5 3277/4538/5
f 3329/4590/4 3330/4591/4 3331/4592/4 3332/4593/4
f 3333/4594/6 3247/4508/6 3246/4507/6 3334/4595/6
f 3335/4596/4 3254/4515/4 3334/4595/4 3246/4507/4
f 3278/4539/1 3335/4596/1 3336/4597/1 3314/4575/1
f 3337/4598/2 3323/4584/2 3326/4587/2 3338/4599/2
f 3324/4585/2 3339/4600/2 3340/4601/2 3325/4586/2
f 3339/4600/2 3337/4598/2 3338/4599/2 3340/4601/2
f 3341/4602/4 3268/4529/4 3342/4603/4 3343/4604/4
f 3344/4605/5 3217/4478/5 3220/4481/5 3345/4606/5
f 3346/4607/4 3292/4553/4 3322/4583/4 3321/4582/4
f 3315/4576/5 3277/4538/5 3276/4537/5 3316/4577/5
f 3347/4608/2 3348/4609/2 3349/4610/2 3350/4611/2
f 3287/4548/2 3290/4551/2 3351/4612/2 3352/4613/2
f 3353/4614/6 3215/4476/6 3214/4475/6 3354/4615/6
f 3348/4609/2 3355/4616/2 3356/4617/2 3349/4610/2
f 3357/4618/2 3347/4608/2 3350/4611/2 3358/4619/2
f 3359/4620/3 3360/4621/3 3361/4622/3 3362/4623/3
f 3253/4514/4 3249/4510/4 3334/4595/4 3254/4515/4
f 3335/4596/4 3246/4507/4 3245/4506/4 3320/4581/4
f 3363/4624/2 3364/4625/2 3365/4626/2 3366/4627/2
f 3355/4616/2 3357/4618/2 3358/4619/2 3356/4617/2
f 3230/4491/5 3367/4628/5 3368/4629/5 3369/4630/5
f 3370/4631/2 3371/4632/2 3372/4633/2 3373/4634/2
f 3374/4635/2 3375/4636/2 3376/4637/2 3377/4638/2
f 3378/4639/6 3379/4640/6 3380/4641/6 3381/4642/6
f 3377/4638/5 3382/4643/5 3383/4644/5 3384/4645/5
f 3385/4646/6 3386/4647/6 3387/4648/6 3376/4637/6
f 3388/4649/2 3389/4650/2 3390/4651/2 3391/4652/2
f 3392/4653/2 3370/4631/2 3373/4634/2 3393/4654/2
f 3371/4632/2 3394/4655/2 3395/4656/2 3372/4633/2
f 3394/4655/2 3392/4653/2 3393/4654/2 3395/4656/2
f 3396/4657/2 3353/4614/2 3397/4658/2 3344/4605/2
f 3287/4548/3 3397/4658/3 3216/4477/3 3288/4549/3
f 3398/4659/4 3399/4660/4 3400/4661/4 3293/4554/4
f 3401/4662/6 3402/4663/6 3403/4664/6 3404/4665/6
f 3405/4666/2 3406/4667/2 3407/4668/2 3408/4669/2
f 3288/4549/4 3409/4670/4 3410/4671/4 3289/4550/4
f 3411/4672/1 3412/4673/1 3413/4674/1 3225/4486/1
f 3406/4667/2 3414/4675/2 3415/4676/2 3407/4668/2
f 3416/4677/2 3405/4666/2 3408/4669/2 3417/4678/2
f 3418/4679/4 3419/4680/4 3330/4591/4 3329/4590/4
f 3420/4681/5 3421/4682/5 3422/4683/5 3423/4684/5
f 3424/4685/3 3425/4686/3 3426/4687/3 3427/4688/3
f 3428/4689/1 3429/4690/1 3421/4682/1 3420/4681/1
f 3414/4675/2 3416/4677/2 3417/4678/2 3415/4676/2
f 3294/4555/2 3227/4488/2 3226/4487/2 3430/4691/2
f 3431/4692/5 3432/4693/5 3433/4694/5 3434/4695/5
f 3435/4696/5 3273/4534/5 3272/4533/5 3436/4697/5
f 3365/4626/6 3437/4698/6 3438/4699/6 3366/4627/6
f 3439/4700/2 3363/4624/2 3366/4627/2 3435/4696/2
f 3212/4473/4 3211/4472/4 3206/4467/4 3205/4466/4
f 3380/4641/1 3217/4478/1 3344/4605/1 3381/4642/1
f 3440/4701/4 3441/4702/4 3442/4703/4 3443/4704/4
f 3222/4483/6 3296/4557/6 3444/4705/6 3317/4578/6
f 3217/4478/4 3216/4477/4 3215/4476/4 3218/4479/4
f 3445/4706/2 3439/4700/2 3435/4696/2 3436/4697/2
f 3444/4705/1 3446/4707/1 3447/4708/1 3317/4578/1
f 3318/4579/5 3448/4709/5 3265/4526/5 3223/4484/5
f 3449/4710/4 3450/4711/4 3441/4702/4 3440/4701/4
f 3443/4704/4 3442/4703/4 3451/4712/4 3452/4713/4
f 3452/4713/4 3451/4712/4 3450/4711/4 3449/4710/4
f 3353/4614/6 3396/4657/6 3218/4479/6 3215/4476/6
f 3431/4692/5 3352/4613/5 3409/4670/5 3432/4693/5
f 3345/4606/3 3220/4481/3 3379/4640/3 3378/4639/3
f 3447/4708/5 3446/4707/5 3295/4556/5 3221/4482/5
f 3453/4714/4 3454/4715/4 3455/4716/4 3456/4717/4
f 3457/4718/2 3458/4719/2 3459/4720/2 3460/4721/2
f 3378/4639/2 3381/4642/2 3431/4692/2 3434/4695/2
f 3456/4717/4 3455/4716/4 3461/4722/4 3462/4723/4
f 3463/4724/4 3464/4725/4 3454/4715/4 3453/4714/4
f 3465/4726/3 3346/4607/3 3321/4582/3 3457/4718/3
f 3447/4708/2 3221/4482/2 3224/4485/2 3466/4727/2
f 3446/4707/4 3467/4728/4 3266/4527/4 3295/4556/4
f 3468/4729/4 3438/4699/4 3437/4698/4 3469/4730/4
f 3462/4723/4 3461/4722/4 3464/4725/4 3463/4724/4
f 3379/4640/4 3433/4694/4 3432/4693/4 3380/4641/4
f 3470/4731/4 3471/4732/4 3472/4733/4 3473/4734/4
f 3474/4735/4 3382/4643/4 3387/4648/4 3475/4736/4
f 3283/4544/4 3286/4547/4 3476/4737/4 3412/4673/4
f 3477/4738/4 3478/4739/4 3479/4740/4 3480/4741/4
f 3481/4742/6 3482/4743/6 3474/4735/6 3374/4635/6
f 3483/4744/4 3484/4745/4 3478/4739/4 3477/4738/4
f 3485/4746/4 3486/4747/4 3471/4732/4 3470/4731/4
f 3473/4734/4 3472/4733/4 3487/4748/4 3488/4749/4
f 3488/4749/4 3487/4748/4 3486/4747/4 3485/4746/4
f 3289/4550/4 3410/4671/4 3214/4475/4 3213/4474/4
f 3460/4721/1 3322/4583/1 3292/4553/1 3291/4552/1
f 3290/4551/1 3289/4550/1 3213/4474/1 3489/4750/1
f 3490/4751/2 3491/4752/2 3492/4753/2 3401/4662/2
f 3493/4754/4 3494/4755/4 3495/4756/4 3496/4757/4
f 3489/4750/5 3213/4474/5 3216/4477/5 3397/4658/5
f 3354/4615/3 3214/4475/3 3410/4671/3 3351/4612/3
f 3496/4757/4 3495/4756/4 3497/4758/4 3498/4759/4
f 3499/4760/4 3500/4761/4 3494/4755/4 3493/4754/4
f 3501/4762/6 3219/4480/6 3218/4479/6 3396/4657/6
f 3427/4688/5 3426/4687/5 3502/4763/5 3503/4764/5
f 3504/4765/6 3505/4766/6 3425/4686/6 3424/4685/6
f 3428/4689/2 3420/4681/2 3424/4685/2 3427/4688/2
f 3498/4759/4 3497/4758/4 3500/4761/4 3499/4760/4
f 3465/4726/2 3457/4718/2 3460/4721/2 3291/4552/2
f 3360/4621/4 3303/4564/4 3302/4563/4 3361/4622/4
f 3344/4605/2 3345/4606/2 3501/4762/2 3396/4657/2
f 3270/4531/6 3269/4530/6 3506/4767/6 3507/4768/6
f 3508/4769/6 3311/4572/6 3312/4573/6 3229/4490/6
f 3466/4727/2 3365/4626/2 3364/4625/2 3447/4708/2
f 3490/4751/3 3509/4770/3 3510/4771/3 3491/4752/3
f 3308/4569/5 3211/4472/5 3210/4471/5 3299/4560/5
f 3347/4608/3 3453/4714/3 3456/4717/3 3348/4609/3
f 3511/4772/4 3502/4763/4 3426/4687/4 3429/4690/4
f 3300/4561/6 3207/4468/6 3206/4467/6 3310/4571/6
f 3512/4773/4 3269/4530/4 3268/4529/4 3341/4602/4
f 3491/4752/2 3513/4774/2 3514/4775/2 3492/4753/2
f 3361/4622/4 3302/4563/4 3515/4776/4 3516/4777/4
f 3345/4606/2 3378/4639/2 3434/4695/2 3501/4762/2
f 3417/4678/3 3500/4761/3 3497/4758/3 3415/4676/3
f 3439/4700/1 3274/4535/1 3468/4729/1 3363/4624/1
f 3348/4609/6 3456/4717/6 3462/4723/6 3355/4616/6
f 3359/4620/2 3362/4623/2 3301/4562/2 3304/4565/2
f 3363/4624/5 3468/4729/5 3469/4730/5 3364/4625/5
f 3357/4618/5 3463/4724/5 3453/4714/5 3347/4608/5
f 3517/4778/4 3328/4589/4 3250/4511/4 3260/4521/4
f 3351/4612/5 3410/4671/5 3409/4670/5 3352/4613/5
f 3310/4571/3 3206/4467/3 3211/4472/3 3308/4569/3
f 3271/4532/4 3469/4730/4 3446/4707/4 3444/4705/4
f 3312/4573/4 3233/4494/4 3258/4519/4 3367/4628/4
f 3446/4707/4 3469/4730/4 3437/4698/4 3467/4728/4
f 3325/4586/3 3442/4703/3 3441/4702/3 3326/4587/3
f 3365/4626/6 3466/4727/6 3467/4728/6 3437/4698/6
f 3518/4779/3 3255/4516/3 3254/4515/3 3517/4778/3
f 3355/4616/1 3462/4723/1 3463/4724/1 3357/4618/1
f 3413/4674/4 3519/4780/4 3400/4661/4 3399/4660/4
f 3290/4551/2 3489/4750/2 3354/4615/2 3351/4612/2
f 3517/4778/4 3254/4515/4 3335/4596/4 3278/4539/4
f 3370/4631/1 3470/4731/1 3473/4734/1 3371/4632/1
f 3247/4508/2 3333/4594/2 3255/4516/2 3336/4597/2
f 3374/4635/1 3474/4735/1 3475/4736/1 3375/4636/1
f 3313/4574/6 3275/4536/6 3278/4539/6 3314/4575/6
f 3362/4623/2 3520/4781/2 3521/4782/2 3301/4562/2
f 3326/4587/5 3441/4702/5 3450/4711/5 3338/4599/5
f 3389/4650/2 3522/4783/2 3523/4784/2 3390/4651/2
f 3261/4522/1 3243/4504/1 3240/4501/1 3262/4523/1
f 3340/4601/6 3451/4712/6 3442/4703/6 3325/4586/6
f 3375/4636/5 3475/4736/5 3524/4785/5 3525/4786/5
f 3259/4520/2 3252/4513/2 3248/4509/2 3251/4512/2
f 3338/4599/1 3450/4711/1 3451/4712/1 3340/4601/1
f 3388/4649/3 3483/4744/3 3477/4738/3 3389/4650/3
f 3220/4481/4 3219/4480/4 3433/4694/4 3379/4640/4
f 3398/4659/4 3293/4554/4 3292/4553/4 3346/4607/4
f 3392/4653/6 3485/4746/6 3470/4731/6 3370/4631/6
f 3251/4512/5 3250/4511/5 3328/4589/5 3327/4588/5
f 3430/4691/2 3465/4726/2 3291/4552/2 3294/4555/2
f 3371/4632/5 3473/4734/5 3488/4749/5 3394/4655/5
f 3333/4594/6 3334/4595/6 3249/4510/6 3248/4509/6
f 3430/4691/5 3398/4659/5 3346/4607/5 3465/4726/5
f 3394/4655/3 3488/4749/3 3485/4746/3 3392/4653/3
f 3319/4580/2 3313/4574/2 3316/4577/2 3244/4505/2
f 3518/4779/2 3259/4520/2 3251/4512/2 3327/4588/2
f 3229/4490/1 3312/4573/1 3367/4628/1 3230/4491/1
f 3279/4540/6 3239/4500/6 3243/4504/6 3261/4522/6
f 3349/4610/1 3455/4716/1 3454/4715/1 3350/4611/1
f 3288/4549/4 3216/4477/4 3217/4478/4 3380/4641/4
f 3262/4523/5 3240/4501/5 3236/4497/5 3281/4542/5
f 3459/4720/5 3285/4546/5 3322/4583/5 3460/4721/5
f 3227/4488/6 3294/4555/6 3293/4554/6 3400/4661/6
f 3281/4542/3 3236/4497/3 3239/4500/3 3279/4540/3
f 3284/4545/1 3398/4659/1 3430/4691/1 3458/4719/1
f 3509/4770/4 3402/4663/4 3526/4787/4 3510/4771/4
f 3459/4720/5 3527/4788/5 3286/4547/5 3285/4546/5
f 3356/4617/5 3461/4722/5 3455/4716/5 3349/4610/5
f 3405/4666/3 3493/4754/3 3496/4757/3 3406/4667/3
f 3528/4789/3 3226/4487/3 3399/4660/3 3283/4544/3
f 3350/4611/6 3454/4715/6 3464/4725/6 3358/4619/6
f 3283/4544/4 3399/4660/4 3398/4659/4 3284/4545/4
f 3527/4788/2 3459/4720/2 3458/4719/2 3528/4789/2
f 3528/4789/2 3411/4672/2 3529/4790/2 3527/4788/2
f 3225/4486/5 3413/4674/5 3399/4660/5 3226/4487/5
f 3295/4556/4 3266/4527/4 3265/4526/4 3296/4557/4
f 3336/4597/2 3319/4580/2 3244/4505/2 3247/4508/2
f 3406/4667/6 3496/4757/6 3498/4759/6 3414/4675/6
f 3297/4558/3 3208/4469/3 3209/4470/3 3298/4559/3
f 3336/4597/5 3335/4596/5 3320/4581/5 3319/4580/5
f 3416/4677/5 3499/4760/5 3493/4754/5 3405/4666/5
f 3228/4489/3 3519/4780/3 3476/4737/3 3529/4790/3
f 3317/4578/2 3447/4708/2 3364/4625/2 3445/4706/2
f 3530/4791/2 3531/4792/2 3532/4793/2 3267/4528/2
f 3434/4695/1 3433/4694/1 3219/4480/1 3501/4762/1
f 3358/4619/3 3464/4725/3 3461/4722/3 3356/4617/3
f 3510/4771/4 3526/4787/4 3533/4794/4 3534/4795/4
f 3298/4559/6 3209/4470/6 3212/4473/6 3307/4568/6
f 3457/4718/6 3321/4582/6 3284/4545/6 3458/4719/6
f 3535/4796/6 3511/4772/6 3429/4690/6 3428/4689/6
f 3309/4570/5 3205/4466/5 3208/4469/5 3297/4558/5
f 3372/4633/3 3472/4733/3 3471/4732/3 3373/4634/3
f 3429/4690/4 3426/4687/4 3425/4686/4 3421/4682/4
f 3412/4673/4 3476/4737/4 3519/4780/4 3413/4674/4
f 3376/4637/3 3387/4648/3 3382/4643/3 3377/4638/3
f 3414/4675/1 3498/4759/1 3499/4760/1 3416/4677/1
f 3296/4557/4 3265/4526/4 3448/4709/4 3444/4705/4
f 3411/4672/2 3225/4486/2 3228/4489/2 3529/4790/2
f 3536/4797/3 3512/4773/3 3341/4602/3 3530/4791/3
f 3445/4706/6 3271/4532/6 3274/4535/6 3439/4700/6
f 3482/4743/4 3383/4644/4 3382/4643/4 3474/4735/4
f 3263/4524/3 3241/4502/3 3242/4503/3 3264/4525/3
f 3274/4535/4 3273/4534/4 3438/4699/4 3468/4729/4
f 3391/4652/6 3484/4745/6 3537/4798/6 3538/4799/6
f 3316/4577/1 3276/4537/1 3245/4506/1 3244/4505/1
f 3307/4568/1 3212/4473/1 3205/4466/1 3309/4570/1
f 3390/4651/1 3478/4739/1 3484/4745/1 3391/4652/1
f 3539/4800/2 3540/4801/2 3541/4802/2 3542/4803/2
f 3528/4789/6 3283/4544/6 3412/4673/6 3411/4672/6
f 3373/4634/5 3471/4732/5 3486/4747/5 3393/4654/5
f 3366/4627/3 3438/4699/3 3273/4534/3 3435/4696/3
f 3323/4584/1 3440/4701/1 3443/4704/1 3324/4585/1
f 3395/4656/6 3487/4748/6 3472/4733/6 3372/4633/6
f 3224/4485/6 3266/4527/6 3467/4728/6 3466/4727/6
f 3436/4697/2 3318/4579/2 3317/4578/2 3445/4706/2
f 3393/4654/1 3486/4747/1 3487/4748/1 3395/4656/1
f 3518/4779/6 3517/4778/6 3260/4521/6 3259/4520/6
f 3231/4492/3 3258/4519/3 3233/4494/3 3232/4493/3
f 3227/4488/6 3400/4661/6 3519/4780/6 3228/4489/6
f 3264/4525/5 3242/4503/5 3238/4499/5 3280/4541/5
f 3445/4706/3 3364/4625/3 3469/4730/3 3271/4532/3
f 3529/4790/5 3476/4737/5 3286/4547/5 3527/4788/5
f 3282/4543/6 3237/4498/6 3241/4502/6 3263/4524/6
f 3271/4532/4 3444/4705/4 3448/4709/4 3272/4533/4
f 3539/4800/1 3329/4590/1 3332/4593/1 3540/4801/1
f 3280/4541/1 3238/4499/1 3237/4498/1 3282/4543/1
f 3318/4579/5 3436/4697/5 3272/4533/5 3448/4709/5
f 3492/4753/1 3526/4787/1 3402/4663/1 3401/4662/1
f 3543/4804/6 3544/4805/6 3331/4592/6 3541/4802/6
f 3337/4598/6 3449/4710/6 3440/4701/6 3323/4584/6
f 3407/4668/1 3495/4756/1 3494/4755/1 3408/4669/1
f 3542/4803/5 3330/4591/5 3419/4680/5 3545/4806/5
f 3324/4585/5 3443/4704/5 3452/4713/5 3339/4600/5
f 3541/4802/3 3331/4592/3 3330/4591/3 3542/4803/3
f 3536/4797/2 3530/4791/2 3267/4528/2 3270/4531/2
f 3339/4600/3 3452/4713/3 3449/4710/3 3337/4598/3
f 3540/4801/5 3332/4593/5 3546/4807/5 3547/4808/5
f 3320/4581/4 3245/4506/4 3276/4537/4 3275/4536/4
f 3548/4809/6 3418/4679/6 3329/4590/6 3539/4800/6
f 3415/4676/5 3497/4758/5 3495/4756/5 3407/4668/5
f 3299/4560/1 3210/4471/1 3207/4468/1 3300/4561/1
f 3458/4719/2 3430/4691/2 3226/4487/2 3528/4789/2
f 3408/4669/6 3494/4755/6 3500/4761/6 3417/4678/6
f 3549/4810/1 3550/4811/1 3551/4812/1 3552/4813/1
f 3553/4814/1 3554/4815/1 3555/4816/1 3556/4817/1
f 3557/4818/3 3558/4819/3 3559/4820/3 3560/4821/3
f 3561/4822/3 3562/4823/3 3563/4824/3 3564/4825/3
f 3565/4826/3 3566/4827/3 3567/4828/3 3568/4829/3
f 3569/4830/6 3570/4831/6 3571/4832/6 3572/4833/6
f 3573/4834/5 3574/4835/5 3575/4836/5 3576/4837/5
f 3577/4838/3 3578/4839/3 3579/4840/3 3580/4841/3
f 3581/4842/4 3582/4843/4 3583/4844/4 3584/4845/4
f 3584/4845/5 3583/4844/5 3585/4846/5 3586/4847/5
f 3587/4848/6 3588/4849/6 3582/4843/6 3581/4842/6
f 3572/4833/2 3571/4832/2 3574/4835/2 3573/4834/2
f 3589/4850/5 3590/4851/5 3591/4852/5 3592/4853/5
f 3593/4854/6 3594/4855/6 3595/4856/6 3596/4857/6
f 3597/4858/4 3598/4859/4 3599/4860/4 3600/4861/4
f 3568/4829/6 3601/4862/6 3602/4863/6 3603/4864/6
f 3572/4833/3 3573/4834/3 3581/4842/3 3584/4845/3
f 3577/4838/4 3604/4865/4 3605/4866/4 3578/4839/4
f 3603/4864/3 3606/4867/3 3596/4857/3 3589/4850/3
f 3602/4863/1 3590/4851/1 3595/4856/1 3607/4868/1
f 3564/4825/5 3608/4869/5 3609/4870/5 3610/4871/5
f 3611/4872/6 3612/4873/6 3613/4874/6 3563/4824/6
f 3614/4875/2 3615/4876/2 3616/4877/2 3617/4878/2
f 3618/4879/1 3619/4880/1 3620/4881/1 3621/4882/1
f 3622/4883/6 3623/4884/6 3624/4885/6 3625/4886/6
f 3626/4887/6 3627/4888/6 3628/4889/6 3629/4890/6
f 3630/4891/2 3631/4892/2 3632/4893/2 3633/4894/2
f 3633/4894/6 3632/4893/6 3634/4895/6 3635/4896/6
f 3636/4897/6 3637/4898/6 3638/4899/6 3565/4826/6
f 3639/4900/2 3640/4901/2 3641/4902/2 3642/4903/2
f 3578/4839/3 3643/4904/3 3644/4905/3 3579/4840/3
f 3596/4857/4 3595/4856/4 3590/4851/4 3589/4850/4
f 3606/4867/5 3607/4868/5 3645/4906/5 3567/4828/5
f 3568/4829/3 3603/4864/3 3589/4850/3 3592/4853/3
f 3592/4853/3 3646/4907/3 3565/4826/3 3568/4829/3
f 3601/4862/1 3645/4906/1 3647/4908/1 3638/4899/1
f 3648/4909/1 3609/4870/1 3608/4869/1 3649/4910/1
f 3650/4911/1 3651/4912/1 3620/4881/1 3619/4880/1
f 3652/4913/1 3653/4914/1 3654/4915/1 3655/4916/1
f 3656/4917/1 3615/4876/1 3657/4918/1 3658/4919/1
f 3659/4920/5 3553/4814/5 3556/4817/5 3660/4921/5
f 3661/4922/1 3627/4888/1 3651/4912/1 3650/4911/1
f 3622/4883/3 3625/4886/3 3662/4923/3 3663/4924/3
f 3664/4925/6 3551/4812/6 3550/4811/6 3665/4926/6
f 3568/4829/4 3567/4828/4 3645/4906/4 3601/4862/4
f 3646/4907/5 3592/4853/5 3591/4852/5 3666/4927/5
f 3638/4899/2 3647/4908/2 3566/4827/2 3565/4826/2
f 3593/4854/6 3667/4928/6 3668/4929/6 3594/4855/6
f 3646/4907/5 3666/4927/5 3669/4930/5 3670/4931/5
f 3671/4932/1 3672/4933/1 3673/4934/1 3674/4935/1
f 3675/4936/2 3676/4937/2 3677/4938/2 3678/4939/2
f 3566/4827/5 3647/4908/5 3679/4940/5 3680/4941/5
f 3681/4942/4 3682/4943/4 3683/4944/4 3684/4945/4
f 3562/4823/5 3685/4946/5 3686/4947/5 3687/4948/5
f 3688/4949/6 3689/4950/6 3690/4951/6 3691/4952/6
f 3692/4953/3 3664/4925/3 3693/4954/3 3659/4920/3
f 3622/4883/4 3693/4954/4 3552/4813/4 3623/4884/4
f 3694/4955/1 3695/4956/1 3696/4957/1 3628/4889/1
f 3623/4884/1 3697/4958/1 3698/4959/1 3624/4885/1
f 3699/4960/2 3700/4961/2 3701/4962/2 3557/4818/2
f 3702/4963/1 3703/4964/1 3653/4914/1 3652/4913/1
f 3629/4890/3 3559/4820/3 3558/4819/3 3704/4965/3
f 3705/4966/5 3706/4967/5 3707/4968/5 3708/4969/5
f 3690/4951/2 3553/4814/2 3659/4920/2 3691/4952/2
f 3566/4827/3 3680/4941/3 3709/4970/3 3667/4928/3
f 3647/4908/1 3668/4929/1 3710/4971/1 3679/4940/1
f 3711/4972/1 3641/4902/1 3640/4901/1 3712/4973/1
f 3713/4974/3 3714/4975/3 3715/4976/3 3716/4977/3
f 3717/4978/3 3718/4979/3 3719/4980/3 3720/4981/3
f 3607/4868/1 3595/4856/1 3594/4855/1 3645/4906/1
f 3676/4937/1 3599/4860/1 3598/4859/1 3677/4938/1
f 3720/4981/5 3721/4982/5 3722/4983/5 3723/4984/5
f 3553/4814/1 3552/4813/1 3551/4812/1 3554/4815/1
f 3664/4925/6 3692/4953/6 3554/4815/6 3551/4812/6
f 3705/4966/5 3663/4924/5 3697/4958/5 3706/4967/5
f 3660/4921/4 3556/4817/4 3689/4950/4 3688/4949/4
f 3724/4985/3 3725/4986/3 3726/4987/3 3727/4988/3
f 3688/4949/3 3691/4952/3 3705/4966/3 3708/4969/3
f 3728/4989/4 3661/4922/4 3650/4911/4 3724/4985/4
f 3689/4950/1 3707/4968/1 3706/4967/1 3690/4951/1
f 3729/4990/3 3713/4974/3 3716/4977/3 3730/4991/3
f 3731/4992/3 3732/4993/3 3639/4900/3 3642/4903/3
f 3733/4994/1 3734/4995/1 3735/4996/1 3736/4997/1
f 3604/4865/1 3737/4998/1 3738/4999/1 3605/4866/1
f 3739/5000/6 3740/5001/6 3676/4937/6 3675/4936/6
f 3580/4841/6 3737/4998/6 3741/5002/6 3742/5003/6
f 3743/5004/3 3731/4992/3 3642/4903/3 3744/5005/3
f 3745/5006/1 3746/5007/1 3734/4995/1 3733/4994/1
f 3618/4879/1 3621/4882/1 3747/5008/1 3700/4961/1
f 3624/4885/1 3698/4959/1 3550/4811/1 3549/4810/1
f 3727/4988/2 3651/4912/2 3627/4888/2 3626/4887/2
f 3625/4886/2 3624/4885/2 3549/4810/2 3748/5009/2
f 3748/5009/5 3549/4810/5 3552/4813/5 3693/4954/5
f 3665/4926/4 3550/4811/4 3698/4959/4 3662/4923/4
f 3749/5010/6 3555/4816/6 3554/4815/6 3692/4953/6
f 3728/4989/3 3724/4985/3 3727/4988/3 3626/4887/3
f 3680/4941/3 3636/4897/3 3670/4931/3 3709/4970/3
f 3642/4903/6 3641/4902/6 3750/5011/6 3744/5005/6
f 3682/4943/1 3632/4893/1 3631/4892/1 3683/4944/1
f 3719/4980/4 3751/5012/4 3721/4982/4 3720/4981/4
f 3718/4979/5 3752/5013/5 3672/4933/5 3753/5014/5
f 3659/4920/3 3660/4921/3 3749/5010/3 3692/4953/3
f 3717/4978/2 3754/5015/2 3752/5013/2 3718/4979/2
f 3617/4878/6 3616/4877/6 3755/5016/6 3756/5017/6
f 3757/5018/6 3648/4909/6 3649/4910/6 3561/4822/6
f 3670/4931/2 3669/4930/2 3710/4971/2 3709/4970/2
f 3758/5019/1 3616/4877/1 3615/4876/1 3656/4917/1
f 3683/4944/1 3631/4892/1 3759/5020/1 3760/5021/1
f 3754/5015/1 3721/4982/1 3751/5012/1 3752/5013/1
f 3660/4921/3 3688/4949/3 3708/4969/3 3749/5010/3
f 3601/4862/1 3591/4852/1 3590/4851/1 3602/4863/1
f 3681/4942/3 3684/4945/3 3630/4891/3 3633/4894/3
f 3712/4973/1 3640/4901/1 3761/5022/1 3674/4935/1
f 3662/4923/5 3698/4959/5 3697/4958/5 3663/4924/5
f 3680/4941/4 3679/4940/4 3637/4898/4 3636/4897/4
f 3732/4993/3 3762/5023/3 3763/5024/3 3639/4900/3
f 3636/4897/3 3565/4826/3 3646/4907/3 3670/4931/3
f 3649/4910/1 3608/4869/1 3613/4874/1 3685/4946/1
f 3731/4992/4 3711/4972/4 3712/4973/4 3732/4993/4
f 3763/5024/5 3723/4984/5 3722/4983/5 3761/5022/5
f 3764/5025/6 3744/5005/6 3750/5011/6 3765/5026/6
f 3701/4962/1 3766/5027/1 3696/4957/1 3695/4956/1
f 3673/4934/1 3672/4933/1 3765/5026/1 3750/5011/1
f 3674/4935/2 3673/4934/2 3743/5004/2 3762/5023/2
f 3625/4886/3 3748/5009/3 3665/4926/3 3662/4923/3
f 3684/4945/3 3767/5028/3 3768/5029/3 3630/4891/3
f 3763/5024/5 3761/5022/5 3640/4901/5 3639/4900/5
f 3667/4928/3 3593/4854/3 3567/4828/3 3566/4827/3
f 3556/4817/1 3555/4816/1 3707/4968/1 3689/4950/1
f 3694/4955/1 3628/4889/1 3627/4888/1 3661/4922/1
f 3570/4831/1 3585/4846/1 3583/4844/1 3571/4832/1
f 3603/4864/2 3602/4863/2 3607/4868/2 3606/4867/2
f 3704/4965/3 3728/4989/3 3626/4887/3 3629/4890/3
f 3671/4932/1 3722/4983/1 3721/4982/1 3754/5015/1
f 3647/4908/1 3645/4906/1 3594/4855/1 3668/4929/1
f 3769/5030/4 3753/5014/4 3672/4933/4 3671/4932/4
f 3704/4965/5 3694/4955/5 3661/4922/5 3728/4989/5
f 3744/5005/3 3764/5025/3 3753/5014/3 3743/5004/3
f 3732/4993/6 3712/4973/6 3674/4935/6 3762/5023/6
f 3678/4939/5 3677/4938/5 3770/5031/5 3771/5032/5
f 3561/4822/2 3649/4910/2 3685/4946/2 3562/4823/2
f 3729/4990/4 3745/5006/4 3733/4994/4 3713/4974/4
f 3623/4884/1 3552/4813/1 3553/4814/1 3690/4951/1
f 3764/5025/6 3765/5026/6 3751/5012/6 3719/4980/6
f 3726/4987/5 3620/4881/5 3651/4912/5 3727/4988/5
f 3769/5030/3 3717/4978/3 3720/4981/3 3723/4984/3
f 3559/4820/6 3629/4890/6 3628/4889/6 3696/4957/6
f 3619/4880/2 3694/4955/2 3704/4965/2 3725/4986/2
f 3726/4987/5 3772/5033/5 3621/4882/5 3620/4881/5
f 3679/4940/1 3710/4971/1 3669/4930/1 3637/4898/1
f 3773/5034/4 3558/4819/4 3695/4956/4 3618/4879/4
f 3618/4879/1 3695/4956/1 3694/4955/1 3619/4880/1
f 3772/5033/3 3726/4987/3 3725/4986/3 3773/5034/3
f 3743/5004/5 3673/4934/5 3711/4972/5 3731/4992/5
f 3773/5034/3 3699/4960/3 3774/5035/3 3772/5033/3
f 3557/4818/5 3701/4962/5 3695/4956/5 3558/4819/5
f 3605/4866/1 3738/4999/1 3775/5036/1 3776/5037/1
f 3571/4832/1 3583/4844/1 3582/4843/1 3574/4835/1
f 3560/4821/4 3766/5027/4 3747/5008/4 3774/5035/4
f 3777/5038/3 3778/5039/3 3779/5040/3 3614/4875/3
f 3637/4898/1 3669/4930/1 3666/4927/1 3638/4899/1
f 3740/5001/1 3780/5041/1 3599/4860/1 3676/4937/1
f 3708/4969/2 3707/4968/2 3555/4816/2 3749/5010/2
f 3724/4985/6 3650/4911/6 3619/4880/6 3725/4986/6
f 3730/4991/6 3746/5007/6 3781/5042/6 3782/5043/6
f 3700/4961/1 3747/5008/1 3766/5027/1 3701/4962/1
f 3699/4960/3 3557/4818/3 3560/4821/3 3774/5035/3
f 3783/5044/4 3758/5019/4 3656/4917/4 3777/5038/4
f 3716/4977/2 3734/4995/2 3746/5007/2 3730/4991/2
f 3784/5045/3 3785/5046/3 3786/5047/3 3787/5048/3
f 3773/5034/6 3618/4879/6 3700/4961/6 3699/4960/6
f 3563/4824/4 3613/4874/4 3608/4869/4 3564/4825/4
f 3709/4970/6 3710/4971/6 3668/4929/6 3667/4928/6
f 3559/4820/6 3696/4957/6 3766/5027/6 3560/4821/6
f 3769/5030/6 3671/4932/6 3754/5015/6 3717/4978/6
f 3774/5035/5 3747/5008/5 3621/4882/5 3772/5033/5
f 3601/4862/1 3638/4899/1 3666/4927/1 3591/4852/1
f 3784/5045/2 3652/4913/2 3655/4916/2 3785/5046/2
f 3579/4840/2 3738/4999/2 3737/4998/2 3580/4841/2
f 3788/5049/6 3789/5050/6 3598/4859/6 3597/4858/6
f 3790/5051/6 3791/5052/6 3654/4915/6 3786/5047/6
f 3600/4861/5 3599/4860/5 3780/5041/5 3792/5053/5
f 3675/4936/3 3678/4939/3 3597/4858/3 3600/4861/3
f 3787/5048/5 3653/4914/5 3703/4964/5 3793/5054/5
f 3606/4867/3 3567/4828/3 3593/4854/3 3596/4857/3
f 3786/5047/4 3654/4915/4 3653/4914/4 3787/5048/4
f 3783/5044/3 3777/5038/3 3614/4875/3 3617/4878/3
f 3673/4934/1 3750/5011/1 3641/4902/1 3711/4972/1
f 3785/5046/5 3655/4916/5 3794/5055/5 3795/5056/5
f 3796/5057/6 3702/4963/6 3652/4913/6 3784/5045/6
f 3752/5013/1 3751/5012/1 3765/5026/1 3672/4933/1
f 3725/4986/3 3704/4965/3 3558/4819/3 3773/5034/3
f 3475/4736/4 3387/4648/4 3386/4647/4 3524/4785/4
f 3797/5058/2 3388/4649/2 3391/4652/2 3538/4799/2
f 3798/5059/4 3537/4798/4 3484/4745/4 3483/4744/4
f 3797/5058/5 3798/5059/5 3483/4744/5 3388/4649/5
f 3523/4784/5 3479/4740/5 3478/4739/5 3390/4651/5
f 3481/4742/2 3374/4635/2 3377/4638/2 3384/4645/2
f 3480/4741/1 3798/5059/1 3797/5058/1 3522/4783/1
f 3389/4650/6 3477/4738/6 3480/4741/6 3522/4783/6
f 3385/4646/6 3538/4799/6 3537/4798/6 3386/4647/6
f 3482/4743/4 3524/4785/4 3798/5059/4 3480/4741/4
f 3798/5059/4 3524/4785/4 3386/4647/4 3537/4798/4
f 3538/4799/2 3385/4646/2 3525/4786/2 3797/5058/2
f 3523/4784/5 3384/4645/5 3383/4644/5 3479/4740/5
f 3481/4742/3 3525/4786/3 3524/4785/3 3482/4743/3
f 3482/4743/4 3480/4741/4 3479/4740/4 3383/4644/4
f 3384/4645/2 3523/4784/2 3522/4783/2 3481/4742/2
f 3375/4636/2 3525/4786/2 3385/4646/2 3376/4637/2
f 3522/4783/2 3797/5058/2 3525/4786/2 3481/4742/2
f 3421/4682/4 3425/4686/4 3505/4766/4 3422/4683/4
f 3799/5060/2 3490/4751/2 3401/4662/2 3404/4665/2
f 3800/5061/4 3403/4664/4 3402/4663/4 3509/4770/4
f 3799/5060/5 3800/5061/5 3509/4770/5 3490/4751/5
f 3514/4775/5 3533/4794/5 3526/4787/5 3492/4753/5
f 3535/4796/2 3428/4689/2 3427/4688/2 3503/4764/2
f 3534/4795/1 3800/5061/1 3799/5060/1 3513/4774/1
f 3491/4752/6 3510/4771/6 3534/4795/6 3513/4774/6
f 3504/4765/6 3404/4665/6 3403/4664/6 3505/4766/6
f 3511/4772/4 3422/4683/4 3800/5061/4 3534/4795/4
f 3800/5061/4 3422/4683/4 3505/4766/4 3403/4664/4
f 3404/4665/2 3504/4765/2 3423/4684/2 3799/5060/2
f 3514/4775/5 3503/4764/5 3502/4763/5 3533/4794/5
f 3535/4796/3 3423/4684/3 3422/4683/3 3511/4772/3
f 3511/4772/4 3534/4795/4 3533/4794/4 3502/4763/4
f 3503/4764/2 3514/4775/2 3513/4774/2 3535/4796/2
f 3420/4681/2 3423/4684/2 3504/4765/2 3424/4685/2
f 3513/4774/2 3799/5060/2 3423/4684/2 3535/4796/2
f 3517/4778/4 3278/4539/4 3277/4538/4 3328/4589/4
f 3327/4588/2 3315/4576/2 3314/4575/2 3518/4779/2
f 3252/4513/2 3255/4516/2 3333/4594/2 3248/4509/2
f 3314/4575/2 3336/4597/2 3255/4516/2 3518/4779/2
f 3801/5062/2 3802/5063/2 3803/5064/2 3804/5065/2
f 3805/5066/6 3806/5067/6 3807/5068/6 3808/5069/6
f 3809/5070/3 3810/5071/3 3811/5072/3 3812/5073/3
f 3813/5074/5 3814/5075/5 3815/5076/5 3816/5077/5
f 3817/5078/1 3818/5079/1 3814/5075/1 3813/5074/1
f 3803/5064/1 3819/5080/1 3820/5081/1 3804/5065/1
f 3818/5079/4 3811/5072/4 3810/5071/4 3814/5075/4
f 3821/5082/4 3822/5083/4 3823/5084/4 3824/5085/4
f 3825/5086/4 3826/5087/4 3827/5088/4 3828/5089/4
f 3801/5062/3 3829/5090/3 3830/5091/3 3802/5063/3
f 3831/5092/2 3832/5093/2 3833/5094/2 3834/5095/2
f 3802/5063/2 3835/5096/2 3836/5097/2 3803/5064/2
f 3837/5098/3 3838/5099/3 3825/5086/3 3831/5092/3
f 3833/5094/5 3839/5100/5 3840/5101/5 3827/5088/5
f 3841/5102/6 3808/5069/6 3807/5068/6 3842/5103/6
f 3843/5104/4 3815/5076/4 3842/5103/4 3807/5068/4
f 3828/5089/1 3843/5104/1 3844/5105/1 3832/5093/1
f 3833/5094/5 3827/5088/5 3826/5087/5 3834/5095/5
f 3814/5075/4 3810/5071/4 3842/5103/4 3815/5076/4
f 3843/5104/4 3807/5068/4 3806/5067/4 3838/5099/4
f 3845/5106/2 3846/5107/2 3847/5108/2 3848/5109/2
f 3849/5110/5 3823/5084/5 3822/5083/5 3850/5111/5
f 3847/5108/6 3851/5112/6 3852/5113/6 3848/5109/6
f 3853/5114/2 3845/5106/2 3848/5109/2 3849/5110/2
f 3802/5063/6 3830/5091/6 3854/5115/6 3835/5096/6
f 3855/5116/2 3853/5114/2 3849/5110/2 3850/5111/2
f 3854/5115/1 3856/5117/1 3857/5118/1 3835/5096/1
f 3836/5097/5 3858/5119/5 3819/5080/5 3803/5064/5
f 3857/5118/5 3856/5117/5 3829/5090/5 3801/5062/5
f 3857/5118/2 3801/5062/2 3804/5065/2 3859/5120/2
f 3856/5117/4 3860/5121/4 3820/5081/4 3829/5090/4
f 3861/5122/4 3852/5113/4 3851/5112/4 3862/5123/4
f 3859/5120/2 3847/5108/2 3846/5107/2 3857/5118/2
f 3853/5114/1 3824/5085/1 3861/5122/1 3845/5106/1
f 3845/5106/5 3861/5122/5 3862/5123/5 3846/5107/5
f 3863/5124/4 3840/5101/4 3811/5072/4 3818/5079/4
f 3821/5082/4 3862/5123/4 3856/5117/4 3854/5115/4
f 3856/5117/4 3862/5123/4 3851/5112/4 3860/5121/4
f 3847/5108/6 3859/5120/6 3860/5121/6 3851/5112/6
f 3864/5125/3 3816/5077/3 3815/5076/3 3863/5124/3
f 3863/5124/4 3815/5076/4 3843/5104/4 3828/5089/4
f 3808/5069/2 3841/5102/2 3816/5077/2 3844/5105/2
f 3831/5092/6 3825/5086/6 3828/5089/6 3832/5093/6
f 3817/5078/2 3813/5074/2 3809/5070/2 3812/5073/2
f 3812/5073/5 3811/5072/5 3840/5101/5 3839/5100/5
f 3841/5102/6 3842/5103/6 3810/5071/6 3809/5070/6
f 3837/5098/2 3831/5092/2 3834/5095/2 3805/5066/2
f 3864/5125/2 3817/5078/2 3812/5073/2 3839/5100/2
f 3829/5090/4 3820/5081/4 3819/5080/4 3830/5091/4
f 3844/5105/2 3837/5098/2 3805/5066/2 3808/5069/2
f 3844/5105/5 3843/5104/5 3838/5099/5 3837/5098/5
f 3835/5096/2 3857/5118/2 3846/5107/2 3855/5116/2
f 3830/5091/4 3819/5080/4 3858/5119/4 3854/5115/4
f 3855/5116/6 3821/5082/6 3824/5085/6 3853/5114/6
f 3824/5085/4 3823/5084/4 3852/5113/4 3861/5122/4
f 3834/5095/1 3826/5087/1 3806/5067/1 3805/5066/1
f 3848/5109/3 3852/5113/3 3823/5084/3 3849/5110/3
f 3804/5065/6 3820/5081/6 3860/5121/6 3859/5120/6
f 3850/5111/2 3836/5097/2 3835/5096/2 3855/5116/2
f 3864/5125/6 3863/5124/6 3818/5079/6 3817/5078/6
f 3855/5116/3 3846/5107/3 3862/5123/3 3821/5082/3
f 3821/5082/4 3854/5115/4 3858/5119/4 3822/5083/4
f 3836/5097/5 3850/5111/5 3822/5083/5 3858/5119/5
f 3838/5099/4 3806/5067/4 3826/5087/4 3825/5086/4
f 3863/5124/4 3828/5089/4 3827/5088/4 3840/5101/4
f 3839/5100/2 3833/5094/2 3832/5093/2 3864/5125/2
f 3813/5074/2 3816/5077/2 3841/5102/2 3809/5070/2
f 3832/5093/2 3844/5105/2 3816/5077/2 3864/5125/2
f 3367/4628/4 3258/4519/4 3257/4518/4 3368/4629/4
f 3865/5126/2 3359/4620/2 3304/4565/2 3306/4567/2
f 3866/5127/4 3305/4566/4 3303/4564/4 3360/4621/4
f 3865/5126/5 3866/5127/5 3360/4621/5 3359/4620/5
f 3521/4782/5 3515/4776/5 3302/4563/5 3301/4562/5
f 3508/4769/2 3229/4490/2 3232/4493/2 3235/4496/2
f 3516/4777/1 3866/5127/1 3865/5126/1 3520/4781/1
f 3362/4623/6 3361/4622/6 3516/4777/6 3520/4781/6
f 3256/4517/6 3306/4567/6 3305/4566/6 3257/4518/6
f 3311/4572/4 3368/4629/4 3866/5127/4 3516/4777/4
f 3866/5127/4 3368/4629/4 3257/4518/4 3305/4566/4
f 3306/4567/2 3256/4517/2 3369/4630/2 3865/5126/2
f 3521/4782/5 3235/4496/5 3234/4495/5 3515/4776/5
f 3508/4769/3 3369/4630/3 3368/4629/3 3311/4572/3
f 3311/4572/4 3516/4777/4 3515/4776/4 3234/4495/4
f 3235/4496/2 3521/4782/2 3520/4781/2 3508/4769/2
f 3230/4491/2 3369/4630/2 3256/4517/2 3231/4492/2
f 3520/4781/2 3865/5126/2 3369/4630/2 3508/4769/2
f 3332/4593/4 3331/4592/4 3544/4805/4 3546/4807/4
f 3867/5128/2 3536/4797/2 3270/4531/2 3507/4768/2
f 3868/5129/4 3506/4767/4 3269/4530/4 3512/4773/4
f 3867/5128/5 3868/5129/5 3512/4773/5 3536/4797/5
f 3532/4793/5 3342/4603/5 3268/4529/5 3267/4528/5
f 3548/4809/2 3539/4800/2 3542/4803/2 3545/4806/2
f 3343/4604/1 3868/5129/1 3867/5128/1 3531/4792/1
f 3530/4791/6 3341/4602/6 3343/4604/6 3531/4792/6
f 3543/4804/6 3507/4768/6 3506/4767/6 3544/4805/6
f 3418/4679/4 3546/4807/4 3868/5129/4 3343/4604/4
f 3868/5129/4 3546/4807/4 3544/4805/4 3506/4767/4
f 3507/4768/2 3543/4804/2 3547/4808/2 3867/5128/2
f 3532/4793/5 3545/4806/5 3419/4680/5 3342/4603/5
f 3548/4809/3 3547/4808/3 3546/4807/3 3418/4679/3
f 3418/4679/4 3343/4604/4 3342/4603/4 3419/4680/4
f 3545/4806/2 3532/4793/2 3531/4792/2 3548/4809/2
f 3540/4801/2 3547/4808/2 3543/4804/2 3541/4802/2
f 3531/4792/2 3867/5128/2 3547/4808/2 3548/4809/2
f 3288/4549/4 3380/4641/4 3432/4693/4 3409/4670/4
f 3352/4613/2 3431/4692/2 3381/4642/2 3287/4548/2
f 3489/4750/2 3397/4658/2 3353/4614/2 3354/4615/2
f 3381/4642/2 3344/4605/2 3397/4658/2 3287/4548/2
f 3869/5130/2 3870/5131/2 3871/5132/2 3872/5133/2
f 3873/5134/6 3874/5135/6 3875/5136/6 3876/5137/6
f 3877/5138/3 3878/5139/3 3879/5140/3 3880/5141/3
f 3881/5142/5 3882/5143/5 3883/5144/5 3884/5145/5
f 3885/5146/1 3886/5147/1 3882/5143/1 3881/5142/1
f 3871/5132/1 3887/5148/1 3888/5149/1 3872/5133/1
f 3886/5147/4 3879/5140/4 3878/5139/4 3882/5143/4
f 3889/5150/4 3890/5151/4 3891/5152/4 3892/5153/4
f 3893/5154/4 3894/5155/4 3895/5156/4 3896/5157/4
f 3869/5130/3 3897/5158/3 3898/5159/3 3870/5131/3
f 3899/5160/2 3900/5161/2 3901/5162/2 3902/5163/2
f 3870/5131/2 3903/5164/2 3904/5165/2 3871/5132/2
f 3905/5166/3 3906/5167/3 3893/5154/3 3899/5160/3
f 3901/5162/5 3907/5168/5 3908/5169/5 3895/5156/5
f 3909/5170/6 3876/5137/6 3875/5136/6 3910/5171/6
f 3911/5172/4 3883/5144/4 3910/5171/4 3875/5136/4
f 3896/5157/1 3911/5172/1 3912/5173/1 3900/5161/1
f 3901/5162/5 3895/5156/5 3894/5155/5 3902/5163/5
f 3882/5143/4 3878/5139/4 3910/5171/4 3883/5144/4
f 3911/5172/4 3875/5136/4 3874/5135/4 3906/5167/4
f 3913/5174/2 3914/5175/2 3915/5176/2 3916/5177/2
f 3917/5178/5 3891/5152/5 3890/5151/5 3918/5179/5
f 3915/5176/6 3919/5180/6 3920/5181/6 3916/5177/6
f 3921/5182/2 3913/5174/2 3916/5177/2 3917/5178/2
f 3870/5131/6 3898/5159/6 3922/5183/6 3903/5164/6
f 3923/5184/2 3921/5182/2 3917/5178/2 3918/5179/2
f 3922/5183/1 3924/5185/1 3925/5186/1 3903/5164/1
f 3904/5165/5 3926/5187/5 3887/5148/5 3871/5132/5
f 3925/5186/5 3924/5185/5 3897/5158/5 3869/5130/5
f 3925/5186/2 3869/5130/2 3872/5133/2 3927/5188/2
f 3924/5185/4 3928/5189/4 3888/5149/4 3897/5158/4
f 3929/5190/4 3920/5181/4 3919/5180/4 3930/5191/4
f 3927/5188/2 3915/5176/2 3914/5175/2 3925/5186/2
f 3921/5182/1 3892/5153/1 3929/5190/1 3913/5174/1
f 3913/5174/5 3929/5190/5 3930/5191/5 3914/5175/5
f 3931/5192/4 3908/5169/4 3879/5140/4 3886/5147/4
f 3889/5150/4 3930/5191/4 3924/5185/4 3922/5183/4
f 3924/5185/4 3930/5191/4 3919/5180/4 3928/5189/4
f 3915/5176/6 3927/5188/6 3928/5189/6 3919/5180/6
f 3932/5193/3 3884/5145/3 3883/5144/3 3931/5192/3
f 3931/5192/4 3883/5144/4 3911/5172/4 3896/5157/4
f 3876/5137/2 3909/5170/2 3884/5145/2 3912/5173/2
f 3899/5160/6 3893/5154/6 3896/5157/6 3900/5161/6
f 3885/5146/2 3881/5142/2 3877/5138/2 3880/5141/2
f 3880/5141/5 3879/5140/5 3908/5169/5 3907/5168/5
f 3909/5170/6 3910/5171/6 3878/5139/6 3877/5138/6
f 3905/5166/2 3899/5160/2 3902/5163/2 3873/5134/2
f 3932/5193/2 3885/5146/2 3880/5141/2 3907/5168/2
f 3897/5158/4 3888/5149/4 3887/5148/4 3898/5159/4
f 3912/5173/2 3905/5166/2 3873/5134/2 3876/5137/2
f 3912/5173/5 3911/5172/5 3906/5167/5 3905/5166/5
f 3903/5164/2 3925/5186/2 3914/5175/2 3923/5184/2
f 3898/5159/4 3887/5148/4 3926/5187/4 3922/5183/4
f 3923/5184/6 3889/5150/6 3892/5153/6 3921/5182/6
f 3892/5153/4 3891/5152/4 3920/5181/4 3929/5190/4
f 3902/5163/1 3894/5155/1 3874/5135/1 3873/5134/1
f 3916/5177/3 3920/5181/3 3891/5152/3 3917/5178/3
f 3872/5133/6 3888/5149/6 3928/5189/6 3927/5188/6
f 3918/5179/2 3904/5165/2 3903/5164/2 3923/5184/2
f 3932/5193/6 3931/5192/6 3886/5147/6 3885/5146/6
f 3923/5184/3 3914/5175/3 3930/5191/3 3889/5150/3
f 3889/5150/4 3922/5183/4 3926/5187/4 3890/5151/4
f 3904/5165/5 3918/5179/5 3890/5151/5 3926/5187/5
f 3906/5167/4 3874/5135/4 3894/5155/4 3893/5154/4
f 3931/5192/4 3896/5157/4 3895/5156/4 3908/5169/4
f 3907/5168/2 3901/5162/2 3900/5161/2 3932/5193/2
f 3881/5142/2 3884/5145/2 3909/5170/2 3877/5138/2
f 3900/5161/2 3912/5173/2 3884/5145/2 3932/5193/2
f 3677/4938/1 3598/4859/1 3789/5050/1 3770/5031/1
f 3933/5194/3 3729/4990/3 3730/4991/3 3782/5043/3
f 3934/5195/1 3781/5042/1 3746/5007/1 3745/5006/1
f 3933/5194/5 3934/5195/5 3745/5006/5 3729/4990/5
f 3715/4976/5 3735/4996/5 3734/4995/5 3716/4977/5
f 3739/5000/3 3675/4936/3 3600/4861/3 3792/5053/3
f 3736/4997/2 3934/5195/2 3933/5194/2 3714/4975/2
f 3713/4974/6 3733/4994/6 3736/4997/6 3714/4975/6
f 3788/5049/6 3782/5043/6 3781/5042/6 3789/5050/6
f 3740/5001/1 3770/5031/1 3934/5195/1 3736/4997/1
f 3934/5195/1 3770/5031/1 3789/5050/1 3781/5042/1
f 3782/5043/3 3788/5049/3 3771/5032/3 3933/5194/3
f 3715/4976/5 3792/5053/5 3780/5041/5 3735/4996/5
f 3739/5000/4 3771/5032/4 3770/5031/4 3740/5001/4
f 3740/5001/1 3736/4997/1 3735/4996/1 3780/5041/1
f 3792/5053/3 3715/4976/3 3714/4975/3 3739/5000/3
f 3678/4939/3 3771/5032/3 3788/5049/3 3597/4858/3
f 3714/4975/3 3933/5194/3 3771/5032/3 3739/5000/3
f 3574/4835/1 3582/4843/1 3588/4849/1 3575/4836/1
f 3935/5196/3 3577/4838/3 3580/4841/3 3742/5003/3
f 3936/5197/1 3741/5002/1 3737/4998/1 3604/4865/1
f 3935/5196/5 3936/5197/5 3604/4865/5 3577/4838/5
f 3644/4905/5 3775/5036/5 3738/4999/5 3579/4840/5
f 3569/4830/3 3572/4833/3 3584/4845/3 3586/4847/3
f 3776/5037/2 3936/5197/2 3935/5196/2 3643/4904/2
f 3578/4839/6 3605/4866/6 3776/5037/6 3643/4904/6
f 3587/4848/6 3742/5003/6 3741/5002/6 3588/4849/6
f 3570/4831/1 3575/4836/1 3936/5197/1 3776/5037/1
f 3936/5197/1 3575/4836/1 3588/4849/1 3741/5002/1
f 3742/5003/3 3587/4848/3 3576/4837/3 3935/5196/3
f 3644/4905/5 3586/4847/5 3585/4846/5 3775/5036/5
f 3569/4830/4 3576/4837/4 3575/4836/4 3570/4831/4
f 3570/4831/1 3776/5037/1 3775/5036/1 3585/4846/1
f 3586/4847/3 3644/4905/3 3643/4904/3 3569/4830/3
f 3573/4834/3 3576/4837/3 3587/4848/3 3581/4842/3
f 3643/4904/3 3935/5196/3 3576/4837/3 3569/4830/3
f 3671/4932/1 3674/4935/1 3761/5022/1 3722/4983/1
f 3723/4984/3 3763/5024/3 3762/5023/3 3769/5030/3
f 3718/4979/3 3753/5014/3 3764/5025/3 3719/4980/3
f 3762/5023/3 3743/5004/3 3753/5014/3 3769/5030/3
f 3937/5198/3 3938/5199/3 3939/5200/3 3940/5201/3
f 3941/5202/6 3942/5203/6 3943/5204/6 3944/5205/6
f 3945/5206/4 3946/5207/4 3947/5208/4 3948/5209/4
f 3949/5210/5 3950/5211/5 3951/5212/5 3952/5213/5
f 3953/5214/2 3954/5215/2 3950/5211/2 3949/5210/2
f 3939/5200/2 3955/5216/2 3956/5217/2 3940/5201/2
f 3954/5215/1 3947/5208/1 3946/5207/1 3950/5211/1
f 3957/5218/1 3958/5219/1 3959/5220/1 3960/5221/1
f 3961/5222/1 3962/5223/1 3963/5224/1 3964/5225/1
f 3937/5198/4 3965/5226/4 3966/5227/4 3938/5199/4
f 3967/5228/3 3968/5229/3 3969/5230/3 3970/5231/3
f 3938/5199/3 3971/5232/3 3972/5233/3 3939/5200/3
f 3973/5234/4 3974/5235/4 3961/5222/4 3967/5228/4
f 3969/5230/5 3975/5236/5 3976/5237/5 3963/5224/5
f 3977/5238/6 3944/5205/6 3943/5204/6 3978/5239/6
f 3979/5240/1 3951/5212/1 3978/5239/1 3943/5204/1
f 3964/5225/2 3979/5240/2 3980/5241/2 3968/5229/2
f 3969/5230/5 3963/5224/5 3962/5223/5 3970/5231/5
f 3950/5211/1 3946/5207/1 3978/5239/1 3951/5212/1
f 3979/5240/1 3943/5204/1 3942/5203/1 3974/5235/1
f 3981/5242/3 3982/5243/3 3983/5244/3 3984/5245/3
f 3985/5246/5 3959/5220/5 3958/5219/5 3986/5247/5
f 3983/5244/6 3987/5248/6 3988/5249/6 3984/5245/6
f 3989/5250/3 3981/5242/3 3984/5245/3 3985/5246/3
f 3938/5199/6 3966/5227/6 3990/5251/6 3971/5232/6
f 3991/5252/3 3989/5250/3 3985/5246/3 3986/5247/3
f 3990/5251/2 3992/5253/2 3993/5254/2 3971/5232/2
f 3972/5233/5 3994/5255/5 3955/5216/5 3939/5200/5
f 3993/5254/5 3992/5253/5 3965/5226/5 3937/5198/5
f 3993/5254/3 3937/5198/3 3940/5201/3 3995/5256/3
f 3992/5253/1 3996/5257/1 3956/5217/1 3965/5226/1
f 3997/5258/1 3988/5249/1 3987/5248/1 3998/5259/1
f 3995/5256/3 3983/5244/3 3982/5243/3 3993/5254/3
f 3989/5250/2 3960/5221/2 3997/5258/2 3981/5242/2
f 3981/5242/5 3997/5258/5 3998/5259/5 3982/5243/5
f 3999/5260/1 3976/5237/1 3947/5208/1 3954/5215/1
f 3957/5218/1 3998/5259/1 3992/5253/1 3990/5251/1
f 3992/5253/1 3998/5259/1 3987/5248/1 3996/5257/1
f 3983/5244/6 3995/5256/6 3996/5257/6 3987/5248/6
f 4000/5261/4 3952/5213/4 3951/5212/4 3999/5260/4
f 3999/5260/1 3951/5212/1 3979/5240/1 3964/5225/1
f 3944/5205/3 3977/5238/3 3952/5213/3 3980/5241/3
f 3967/5228/6 3961/5222/6 3964/5225/6 3968/5229/6
f 3953/5214/3 3949/5210/3 3945/5206/3 3948/5209/3
f 3948/5209/5 3947/5208/5 3976/5237/5 3975/5236/5
f 3977/5238/6 3978/5239/6 3946/5207/6 3945/5206/6
f 3973/5234/3 3967/5228/3 3970/5231/3 3941/5202/3
f 4000/5261/3 3953/5214/3 3948/5209/3 3975/5236/3
f 3965/5226/1 3956/5217/1 3955/5216/1 3966/5227/1
f 3980/5241/3 3973/5234/3 3941/5202/3 3944/5205/3
f 3980/5241/5 3979/5240/5 3974/5235/5 3973/5234/5
f 3971/5232/3 3993/5254/3 3982/5243/3 3991/5252/3
f 3966/5227/1 3955/5216/1 3994/5255/1 3990/5251/1
f 3991/5252/6 3957/5218/6 3960/5221/6 3989/5250/6
f 3960/5221/1 3959/5220/1 3988/5249/1 3997/5258/1
f 3970/5231/2 3962/5223/2 3942/5203/2 3941/5202/2
f 3984/5245/4 3988/5249/4 3959/5220/4 3985/5246/4
f 3940/5201/6 3956/5217/6 3996/5257/6 3995/5256/6
f 3986/5247/3 3972/5233/3 3971/5232/3 3991/5252/3
f 4000/5261/6 3999/5260/6 3954/5215/6 3953/5214/6
f 3991/5252/4 3982/5243/4 3998/5259/4 3957/5218/4
f 3957/5218/1 3990/5251/1 3994/5255/1 3958/5219/1
f 3972/5233/5 3986/5247/5 3958/5219/5 3994/5255/5
f 3974/5235/1 3942/5203/1 3962/5223/1 3961/5222/1
f 3999/5260/1 3964/5225/1 3963/5224/1 3976/5237/1
f 3975/5236/3 3969/5230/3 3968/5229/3 4000/5261/3
f 3949/5210/3 3952/5213/3 3977/5238/3 3945/5206/3
f 3968/5229/3 3980/5241/3 3952/5213/3 4000/5261/3
f 4001/5262/2 4002/5263/2 4003/5264/2 4004/5265/2
f 4003/5264/1 4005/5266/1 4006/5267/1 4004/5265/1
f 4007/5268/4 4008/5269/4 4009/5270/4 4010/5271/4
f 4001/5262/3 4011/5272/3 4012/5273/3 4002/5263/3
f 4002/5263/2 4013/5274/2 4014/5275/2 4003/5264/2
f 4015/5276/2 4016/5277/2 4017/5278/2 4018/5279/2
f 4019/5280/5 4009/5270/5 4008/5269/5 4020/5281/5
f 4017/5278/6 4021/5282/6 4022/5283/6 4018/5279/6
f 4023/5284/2 4015/5276/2 4018/5279/2 4019/5280/2
f 4002/5263/6 4012/5273/6 4024/5285/6 4013/5274/6
f 4025/5286/2 4023/5284/2 4019/5280/2 4020/5281/2
f 4024/5285/1 4026/5287/1 4027/5288/1 4013/5274/1
f 4014/5275/5 4028/5289/5 4005/5266/5 4003/5264/5
f 4027/5288/5 4026/5287/5 4011/5272/5 4001/5262/5
f 4027/5288/2 4001/5262/2 4004/5265/2 4029/5290/2
f 4026/5287/4 4030/5291/4 4006/5267/4 4011/5272/4
f 4031/5292/4 4022/5283/4 4021/5282/4 4032/5293/4
f 4029/5290/2 4017/5278/2 4016/5277/2 4027/5288/2
f 4023/5284/1 4010/5271/1 4031/5292/1 4015/5276/1
f 4015/5276/5 4031/5292/5 4032/5293/5 4016/5277/5
f 4007/5268/4 4032/5293/4 4026/5287/4 4024/5285/4
f 4026/5287/4 4032/5293/4 4021/5282/4 4030/5291/4
f 4017/5278/6 4029/5290/6 4030/5291/6 4021/5282/6
f 4011/5272/4 4006/5267/4 4005/5266/4 4012/5273/4
f 4013/5274/2 4027/5288/2 4016/5277/2 4025/5286/2
f 4012/5273/4 4005/5266/4 4028/5289/4 4024/5285/4
f 4025/5286/6 4007/5268/6 4010/5271/6 4023/5284/6
f 4010/5271/4 4009/5270/4 4022/5283/4 4031/5292/4
f 4018/5279/3 4022/5283/3 4009/5270/3 4019/5280/3
f 4004/5265/6 4006/5267/6 4030/5291/6 4029/5290/6
f 4020/5281/2 4014/5275/2 4013/5274/2 4025/5286/2
f 4025/5286/3 4016/5277/3 4032/5293/3 4007/5268/3
f 4007/5268/4 4024/5285/4 4028/5289/4 4008/5269/4
f 4014/5275/5 4020/5281/5 4008/5269/5 4028/5289/5
f 4033/5294/2 4034/5295/2 4035/5296/2 4036/5297/2
f 4035/5296/1 4037/5298/1 4038/5299/1 4036/5297/1
f 4033/5294/3 4039/5300/3 4040/5301/3 4034/5295/3
f 4034/5295/2 4041/5302/2 4042/5303/2 4035/5296/2
f 4034/5295/6 4040/5301/6 4043/5304/6 4041/5302/6
f 4043/5304/1 4044/5305/1 4045/5306/1 4041/5302/1
f 4042/5303/5 4046/5307/5 4037/5298/5 4035/5296/5
f 4045/5306/5 4044/5305/5 4039/5300/5 4033/5294/5
f 4045/5306/2 4033/5294/2 4036/5297/2 4047/5308/2
f 4044/5305/4 4048/5309/4 4038/5299/4 4039/5300/4
f 4047/5308/2 4049/5310/2 4050/5311/2 4045/5306/2
f 4051/5312/4 4052/5313/4 4044/5305/4 4043/5304/4
f 4044/5305/4 4052/5313/4 4053/5314/4 4048/5309/4
f 4049/5310/6 4047/5308/6 4048/5309/6 4053/5314/6
f 4039/5300/4 4038/5299/4 4037/5298/4 4040/5301/4
f 4041/5302/2 4045/5306/2 4050/5311/2 4054/5315/2
f 4040/5301/4 4037/5298/4 4046/5307/4 4043/5304/4
f 4036/5297/6 4038/5299/6 4048/5309/6 4047/5308/6
f 4055/5316/2 4042/5303/2 4041/5302/2 4054/5315/2
f 4054/5315/3 4050/5311/3 4052/5313/3 4051/5312/3
f 4051/5312/4 4043/5304/4 4046/5307/4 4056/5317/4
f 4042/5303/5 4055/5316/5 4056/5317/5 4046/5307/5
f 4057/5318/2 4058/5319/2 4059/5320/2 4060/5321/2
f 4061/5322/6 4062/5323/6 4063/5324/6 4064/5325/6
f 4057/5318/5 4065/5326/5 4066/5327/5 4058/5319/5
f 4059/5320/6 4061/5322/6 4064/5325/6 4060/5321/6
f 4058/5319/70 4066/5327/70 4061/5322/70 4059/5320/70
f 4060/5321/71 4064/5325/71 4065/5326/71 4057/5318/71
f 4067/5328/1 4063/5324/1 4062/5323/1 4068/5329/1
f 4066/5327/2 4068/5329/2 4062/5323/2 4061/5322/2
f 4064/5325/4 4063/5324/4 4067/5328/4 4065/5326/4
f 4065/5326/5 4067/5328/5 4068/5329/5 4066/5327/5
f 4069/5330/4 4070/5331/4 4071/5332/4 4072/5333/4
f 4071/5332/1 4070/5331/1 4073/5334/1 4074/5335/1
f 4069/5330/3 4072/5333/3 4075/5336/3 4076/5337/3
f 4072/5333/4 4071/5332/4 4077/5338/4 4078/5339/4
f 4072/5333/6 4078/5339/6 4079/5340/6 4075/5336/6
f 4079/5340/1 4078/5339/1 4080/5341/1 4081/5342/1
f 4077/5338/5 4071/5332/5 4074/5335/5 4082/5343/5
f 4080/5341/5 4069/5330/5 4076/5337/5 4081/5342/5
f 4080/5341/4 4083/5344/4 4070/5331/4 4069/5330/4
f 4081/5342/2 4076/5337/2 4073/5334/2 4084/5345/2
f 4083/5344/4 4080/5341/4 4085/5346/4 4086/5347/4
f 4087/5348/2 4079/5340/2 4081/5342/2 4088/5349/2
f 4081/5342/2 4084/5345/2 4089/5350/2 4088/5349/2
f 4086/5347/6 4089/5350/6 4084/5345/6 4083/5344/6
f 4076/5337/2 4075/5336/2 4074/5335/2 4073/5334/2
f 4078/5339/4 4090/5351/4 4085/5346/4 4080/5341/4
f 4075/5336/2 4079/5340/2 4082/5343/2 4074/5335/2
f 4070/5331/6 4083/5344/6 4084/5345/6 4073/5334/6
f 4091/5352/4 4090/5351/4 4078/5339/4 4077/5338/4
f 4090/5351/3 4087/5348/3 4088/5349/3 4085/5346/3
f 4087/5348/2 4092/5353/2 4082/5343/2 4079/5340/2
f 4077/5338/5 4082/5343/5 4092/5353/5 4091/5352/5
f 4093/5354/4 4094/5355/4 4095/5356/4 4096/5357/4
f 4097/5358/6 4098/5359/6 4099/5360/6 4100/5361/6
f 4093/5354/5 4096/5357/5 4101/5362/5 4102/5363/5
f 4095/5356/6 4094/5355/6 4098/5359/6 4097/5358/6
f 4096/5357/72 4095/5356/72 4097/5358/72 4101/5362/72
f 4094/5355/73 4093/5354/73 4102/5363/73 4098/5359/73
f 4103/5364/1 4104/5365/1 4100/5361/1 4099/5360/1
f 4101/5362/4 4097/5358/4 4100/5361/4 4104/5365/4
f 4098/5359/2 4102/5363/2 4103/5364/2 4099/5360/2
f 4102/5363/5 4101/5362/5 4104/5365/5 4103/5364/5
f 4090/5351/3 4091/5352/3 4092/5353/3 4087/5348/3
f 4055/5316/3 4054/5315/3 4051/5312/3 4056/5317/3
f 3685/4946/1 3613/4874/1 3612/4873/1 3686/4947/1
f 4105/5366/3 3681/4942/3 3633/4894/3 3635/4896/3
f 4106/5367/1 3634/4895/1 3632/4893/1 3682/4943/1
f 4105/5366/5 4106/5367/5 3682/4943/5 3681/4942/5
f 3768/5029/5 3759/5020/5 3631/4892/5 3630/4891/5
f 3757/5018/3 3561/4822/3 3564/4825/3 3610/4871/3
f 3760/5021/2 4106/5367/2 4105/5366/2 3767/5028/2
f 3684/4945/6 3683/4944/6 3760/5021/6 3767/5028/6
f 3611/4872/6 3635/4896/6 3634/4895/6 3612/4873/6
f 3648/4909/1 3686/4947/1 4106/5367/1 3760/5021/1
f 4106/5367/1 3686/4947/1 3612/4873/1 3634/4895/1
f 3635/4896/3 3611/4872/3 3687/4948/3 4105/5366/3
f 3768/5029/5 3610/4871/5 3609/4870/5 3759/5020/5
f 3757/5018/4 3687/4948/4 3686/4947/4 3648/4909/4
f 3648/4909/1 3760/5021/1 3759/5020/1 3609/4870/1
f 3610/4871/3 3768/5029/3 3767/5028/3 3757/5018/3
f 3562/4823/3 3687/4948/3 3611/4872/3 3563/4824/3
f 3767/5028/3 4105/5366/3 3687/4948/3 3757/5018/3
f 3655/4916/1 3654/4915/1 3791/5052/1 3794/5055/1
f 4107/5368/3 3783/5044/3 3617/4878/3 3756/5017/3
f 4108/5369/1 3755/5016/1 3616/4877/1 3758/5019/1
f 4107/5368/5 4108/5369/5 3758/5019/5 3783/5044/5
f 3779/5040/5 3657/4918/5 3615/4876/5 3614/4875/5
f 3796/5057/3 3784/5045/3 3787/5048/3 3793/5054/3
f 3658/4919/2 4108/5369/2 4107/5368/2 3778/5039/2
f 3777/5038/6 3656/4917/6 3658/4919/6 3778/5039/6
f 3790/5051/6 3756/5017/6 3755/5016/6 3791/5052/6
f 3702/4963/1 3794/5055/1 4108/5369/1 3658/4919/1
f 4108/5369/1 3794/5055/1 3791/5052/1 3755/5016/1
f 3756/5017/3 3790/5051/3 3795/5056/3 4107/5368/3
f 3779/5040/5 3793/5054/5 3703/4964/5 3657/4918/5
f 3796/5057/4 3795/5056/4 3794/5055/4 3702/4963/4
f 3702/4963/1 3658/4919/1 3657/4918/1 3703/4964/1
f 3793/5054/3 3779/5040/3 3778/5039/3 3796/5057/3
f 3785/5046/3 3795/5056/3 3790/5051/3 3786/5047/3
f 3778/5039/3 4107/5368/3 3795/5056/3 3796/5057/3
f 3623/4884/1 3690/4951/1 3706/4967/1 3697/4958/1
f 3663/4924/3 3705/4966/3 3691/4952/3 3622/4883/3
f 3748/5009/3 3693/4954/3 3664/4925/3 3665/4926/3
f 3691/4952/3 3659/4920/3 3693/4954/3 3622/4883/3
f 4109/5370/3 4110/5371/3 4111/5372/3 4112/5373/3
f 4113/5374/6 4114/5375/6 4115/5376/6 4116/5377/6
f 4117/5378/4 4118/5379/4 4119/5380/4 4120/5381/4
f 4121/5382/5 4122/5383/5 4123/5384/5 4124/5385/5
f 4125/5386/2 4126/5387/2 4122/5383/2 4121/5382/2
f 4111/5372/2 4127/5388/2 4128/5389/2 4112/5373/2
f 4126/5387/1 4119/5380/1 4118/5379/1 4122/5383/1
f 4129/5390/1 4130/5391/1 4131/5392/1 4132/5393/1
f 4133/5394/1 4134/5395/1 4135/5396/1 4136/5397/1
f 4109/5370/4 4137/5398/4 4138/5399/4 4110/5371/4
f 4139/5400/3 4140/5401/3 4141/5402/3 4142/5403/3
f 4110/5371/3 4143/5404/3 4144/5405/3 4111/5372/3
f 4145/5406/4 4146/5407/4 4133/5394/4 4139/5400/4
f 4141/5402/5 4147/5408/5 4148/5409/5 4135/5396/5
f 4149/5410/6 4116/5377/6 4115/5376/6 4150/5411/6
f 4151/5412/1 4123/5384/1 4150/5411/1 4115/5376/1
f 4136/5397/2 4151/5412/2 4152/5413/2 4140/5401/2
f 4141/5402/5 4135/5396/5 4134/5395/5 4142/5403/5
f 4122/5383/1 4118/5379/1 4150/5411/1 4123/5384/1
f 4151/5412/1 4115/5376/1 4114/5375/1 4146/5407/1
f 4153/5414/3 4154/5415/3 4155/5416/3 4156/5417/3
f 4157/5418/5 4131/5392/5 4130/5391/5 4158/5419/5
f 4155/5416/6 4159/5420/6 4160/5421/6 4156/5417/6
f 4161/5422/3 4153/5414/3 4156/5417/3 4157/5418/3
f 4110/5371/6 4138/5399/6 4162/5423/6 4143/5404/6
f 4163/5424/3 4161/5422/3 4157/5418/3 4158/5419/3
f 4162/5423/2 4164/5425/2 4165/5426/2 4143/5404/2
f 4144/5405/5 4166/5427/5 4127/5388/5 4111/5372/5
f 4165/5426/5 4164/5425/5 4137/5398/5 4109/5370/5
f 4165/5426/3 4109/5370/3 4112/5373/3 4167/5428/3
f 4164/5425/1 4168/5429/1 4128/5389/1 4137/5398/1
f 4169/5430/1 4160/5421/1 4159/5420/1 4170/5431/1
f 4167/5428/3 4155/5416/3 4154/5415/3 4165/5426/3
f 4161/5422/2 4132/5393/2 4169/5430/2 4153/5414/2
f 4153/5414/5 4169/5430/5 4170/5431/5 4154/5415/5
f 4171/5432/1 4148/5409/1 4119/5380/1 4126/5387/1
f 4129/5390/1 4170/5431/1 4164/5425/1 4162/5423/1
f 4164/5425/1 4170/5431/1 4159/5420/1 4168/5429/1
f 4155/5416/6 4167/5428/6 4168/5429/6 4159/5420/6
f 4172/5433/4 4124/5385/4 4123/5384/4 4171/5432/4
f 4171/5432/1 4123/5384/1 4151/5412/1 4136/5397/1
f 4116/5377/3 4149/5410/3 4124/5385/3 4152/5413/3
f 4139/5400/6 4133/5394/6 4136/5397/6 4140/5401/6
f 4125/5386/3 4121/5382/3 4117/5378/3 4120/5381/3
f 4120/5381/5 4119/5380/5 4148/5409/5 4147/5408/5
f 4149/5410/6 4150/5411/6 4118/5379/6 4117/5378/6
f 4145/5406/3 4139/5400/3 4142/5403/3 4113/5374/3
f 4172/5433/3 4125/5386/3 4120/5381/3 4147/5408/3
f 4137/5398/1 4128/5389/1 4127/5388/1 4138/5399/1
f 4152/5413/3 4145/5406/3 4113/5374/3 4116/5377/3
f 4152/5413/5 4151/5412/5 4146/5407/5 4145/5406/5
f 4143/5404/3 4165/5426/3 4154/5415/3 4163/5424/3
f 4138/5399/1 4127/5388/1 4166/5427/1 4162/5423/1
f 4163/5424/6 4129/5390/6 4132/5393/6 4161/5422/6
f 4132/5393/1 4131/5392/1 4160/5421/1 4169/5430/1
f 4142/5403/2 4134/5395/2 4114/5375/2 4113/5374/2
f 4156/5417/4 4160/5421/4 4131/5392/4 4157/5418/4
f 4112/5373/6 4128/5389/6 4168/5429/6 4167/5428/6
f 4158/5419/3 4144/5405/3 4143/5404/3 4163/5424/3
f 4172/5433/6 4171/5432/6 4126/5387/6 4125/5386/6
f 4163/5424/4 4154/5415/4 4170/5431/4 4129/5390/4
f 4129/5390/1 4162/5423/1 4166/5427/1 4130/5391/1
f 4144/5405/5 4158/5419/5 4130/5391/5 4166/5427/5
f 4146/5407/1 4114/5375/1 4134/5395/1 4133/5394/1
f 4171/5432/1 4136/5397/1 4135/5396/1 4148/5409/1
f 4147/5408/3 4141/5402/3 4140/5401/3 4172/5433/3
f 4121/5382/3 4124/5385/3 4149/5410/3 4117/5378/3
f 4140/5401/3 4152/5413/3 4124/5385/3 4172/5433/3
f 4173/5434/4 4174/5435/4 4175/5436/4 4176/5437/4
f 4177/5438/6 4178/5439/6 4179/5440/6 4180/5441/6
f 4181/5442/3 4182/5443/3 4183/5444/3 4184/5445/3
f 4185/5446/5 4186/5447/5 4187/5448/5 4188/5449/5
f 4189/5450/1 4185/5446/1 4188/5449/1 4190/5451/1
f 4175/5436/1 4174/5435/1 4191/5452/1 4192/5453/1
f 4190/5451/2 4188/5449/2 4184/5445/2 4183/5444/2
f 4193/5454/2 4194/5455/2 4195/5456/2 4196/5457/2
f 4197/5458/2 4198/5459/2 4199/5460/2 4200/5461/2
f 4173/5434/3 4176/5437/3 4201/5462/3 4202/5463/3
f 4203/5464/4 4204/5465/4 4205/5466/4 4206/5467/4
f 4176/5437/4 4175/5436/4 4207/5468/4 4208/5469/4
f 4209/5470/3 4203/5464/3 4197/5458/3 4210/5471/3
f 4205/5466/5 4199/5460/5 4211/5472/5 4212/5473/5
f 4213/5474/6 4214/5475/6 4179/5440/6 4178/5439/6
f 4215/5476/2 4179/5440/2 4214/5475/2 4187/5448/2
f 4198/5459/1 4206/5467/1 4216/5477/1 4215/5476/1
f 4205/5466/5 4204/5465/5 4200/5461/5 4199/5460/5
f 4188/5449/2 4187/5448/2 4214/5475/2 4184/5445/2
f 4215/5476/2 4210/5471/2 4180/5441/2 4179/5440/2
f 4217/5478/4 4218/5479/4 4219/5480/4 4220/5481/4
f 4221/5482/4 4222/5483/4 4223/5484/4 4224/5485/4
f 4222/5483/5 4225/5486/5 4226/5487/5 4227/5488/5
f 4228/5489/6 4223/5484/6 4229/5490/6 4230/5491/6
f 4231/5492/4 4232/5493/4 4233/5494/4 4234/5495/4
f 4235/5496/6 4236/5497/6 4237/5498/6 4238/5499/6
f 4239/5500/5 4240/5501/5 4241/5502/5 4242/5503/5
f 4243/5504/3 4244/5505/3 4245/5506/3 4246/5507/3
f 4247/5508/1 4239/5500/1 4242/5503/1 4248/5509/1
f 4249/5510/5 4250/5511/5 4196/5457/5 4195/5456/5
f 4219/5480/6 4218/5479/6 4251/5512/6 4252/5513/6
f 4253/5514/4 4249/5510/4 4218/5479/4 4217/5478/4
f 4176/5437/6 4208/5469/6 4254/5515/6 4201/5462/6
f 4255/5516/4 4250/5511/4 4249/5510/4 4253/5514/4
f 4254/5515/1 4208/5469/1 4256/5517/1 4257/5518/1
f 4207/5468/5 4175/5436/5 4192/5453/5 4258/5519/5
f 4256/5517/5 4173/5434/5 4202/5463/5 4257/5518/5
f 4256/5517/4 4259/5520/4 4174/5435/4 4173/5434/4
f 4257/5518/2 4202/5463/2 4191/5452/2 4260/5521/2
f 4261/5522/2 4262/5523/2 4252/5513/2 4251/5512/2
f 4263/5524/2 4264/5525/2 4229/5490/2 4227/5488/2
f 4265/5526/2 4266/5527/2 4267/5528/2 4268/5529/2
f 4269/5530/6 4221/5482/6 4263/5524/6 4270/5531/6
f 4271/5532/2 4265/5526/2 4268/5529/2 4272/5533/2
f 4273/5534/4 4235/5496/4 4274/5535/4 4275/5536/4
f 4244/5505/5 4276/5537/5 4277/5538/5 4245/5506/5
f 4278/5539/6 4243/5504/6 4246/5507/6 4279/5540/6
f 4247/5508/4 4244/5505/4 4243/5504/4 4239/5500/4
f 4259/5520/4 4256/5517/4 4220/5481/4 4219/5480/4
f 4273/5534/3 4275/5536/3 4280/5541/3 4281/5542/3
f 4282/5543/2 4248/5509/2 4245/5506/2 4277/5538/2
f 4275/5536/4 4274/5535/4 4283/5544/4 4284/5545/4
f 4253/5514/1 4217/5478/1 4261/5522/1 4194/5455/1
f 4217/5478/5 4220/5481/5 4262/5523/5 4261/5522/5
f 4285/5546/2 4190/5451/2 4183/5444/2 4211/5472/2
f 4193/5454/2 4254/5515/2 4257/5518/2 4262/5523/2
f 4257/5518/2 4260/5521/2 4252/5513/2 4262/5523/2
f 4219/5480/6 4252/5513/6 4260/5521/6 4259/5520/6
f 4286/5547/3 4285/5546/3 4187/5448/3 4186/5447/3
f 4285/5546/2 4198/5459/2 4215/5476/2 4187/5448/2
f 4178/5439/4 4216/5477/4 4186/5447/4 4213/5474/4
f 4221/5482/1 4224/5485/1 4264/5525/1 4263/5524/1
f 4203/5464/6 4206/5467/6 4198/5459/6 4197/5458/6
f 4234/5495/4 4233/5494/4 4287/5548/4 4288/5549/4
f 4224/5485/5 4289/5550/5 4290/5551/5 4264/5525/5
f 4189/5450/4 4182/5443/4 4181/5442/4 4185/5446/4
f 4231/5492/3 4234/5495/3 4265/5526/3 4271/5532/3
f 4182/5443/5 4212/5473/5 4211/5472/5 4183/5444/5
f 4213/5474/6 4181/5442/6 4184/5445/6 4214/5475/6
f 4209/5470/4 4177/5438/4 4204/5465/4 4203/5464/4
f 4286/5547/4 4212/5473/4 4182/5443/4 4189/5450/4
f 4281/5542/2 4280/5541/2 4291/5552/2 4238/5499/2
f 4202/5463/2 4201/5462/2 4192/5453/2 4191/5452/2
f 4216/5477/4 4178/5439/4 4177/5438/4 4209/5470/4
f 4216/5477/5 4209/5470/5 4210/5471/5 4215/5476/5
f 4208/5469/4 4255/5516/4 4220/5481/4 4256/5517/4
f 4280/5541/2 4292/5553/2 4293/5554/2 4291/5552/2
f 4294/5555/6 4247/5508/6 4248/5509/6 4282/5543/6
f 4248/5509/2 4242/5503/2 4246/5507/2 4245/5506/2
f 4223/5484/3 4222/5483/3 4227/5488/3 4229/5490/3
f 4201/5462/2 4254/5515/2 4258/5519/2 4192/5453/2
f 4255/5516/6 4253/5514/6 4194/5455/6 4193/5454/6
f 4270/5531/2 4263/5524/2 4227/5488/2 4226/5487/2
f 4194/5455/2 4261/5522/2 4251/5512/2 4195/5456/2
f 4232/5493/6 4295/5556/6 4296/5557/6 4272/5533/6
f 4204/5465/1 4177/5438/1 4180/5441/1 4200/5461/1
f 4233/5494/1 4232/5493/1 4272/5533/1 4268/5529/1
f 4218/5479/3 4249/5510/3 4195/5456/3 4251/5512/3
f 4174/5435/6 4259/5520/6 4260/5521/6 4191/5452/6
f 4250/5511/4 4255/5516/4 4208/5469/4 4207/5468/4
f 4286/5547/6 4189/5450/6 4190/5451/6 4285/5546/6
f 4255/5516/3 4193/5454/3 4262/5523/3 4220/5481/3
f 4193/5454/2 4196/5457/2 4258/5519/2 4254/5515/2
f 4207/5468/5 4258/5519/5 4196/5457/5 4250/5511/5
f 4274/5535/1 4235/5496/1 4238/5499/1 4291/5552/1
f 4210/5471/2 4197/5458/2 4200/5461/2 4180/5441/2
f 4264/5525/2 4290/5551/2 4230/5491/2 4229/5490/2
f 4297/5558/4 4295/5556/4 4232/5493/4 4231/5492/4
f 4298/5559/2 4271/5532/2 4272/5533/2 4296/5557/2
f 4297/5558/5 4231/5492/5 4271/5532/5 4298/5559/5
f 4287/5548/5 4233/5494/5 4268/5529/5 4267/5528/5
f 4269/5530/4 4225/5486/4 4222/5483/4 4221/5482/4
f 4266/5527/1 4288/5549/1 4297/5558/1 4298/5559/1
f 4234/5495/6 4288/5549/6 4266/5527/6 4265/5526/6
f 4228/5489/6 4230/5491/6 4296/5557/6 4295/5556/6
f 4270/5531/2 4266/5527/2 4298/5559/2 4290/5551/2
f 4298/5559/2 4296/5557/2 4230/5491/2 4290/5551/2
f 4295/5556/4 4297/5558/4 4289/5550/4 4228/5489/4
f 4287/5548/5 4267/5528/5 4226/5487/5 4225/5486/5
f 4269/5530/3 4270/5531/3 4290/5551/3 4289/5550/3
f 4270/5531/2 4226/5487/2 4267/5528/2 4266/5527/2
f 4225/5486/4 4269/5530/4 4288/5549/4 4287/5548/4
f 4224/5485/4 4223/5484/4 4228/5489/4 4289/5550/4
f 4288/5549/4 4269/5530/4 4289/5550/4 4297/5558/4
f 4242/5503/2 4241/5502/2 4279/5540/2 4246/5507/2
f 4299/5560/4 4236/5497/4 4235/5496/4 4273/5534/4
f 4300/5561/2 4281/5542/2 4238/5499/2 4237/5498/2
f 4299/5560/5 4273/5534/5 4281/5542/5 4300/5561/5
f 4283/5544/5 4274/5535/5 4291/5552/5 4293/5554/5
f 4294/5555/4 4276/5537/4 4244/5505/4 4247/5508/4
f 4292/5553/1 4284/5545/1 4299/5560/1 4300/5561/1
f 4275/5536/6 4284/5545/6 4292/5553/6 4280/5541/6
f 4278/5539/6 4279/5540/6 4237/5498/6 4236/5497/6
f 4282/5543/2 4292/5553/2 4300/5561/2 4241/5502/2
f 4300/5561/2 4237/5498/2 4279/5540/2 4241/5502/2
f 4236/5497/4 4299/5560/4 4240/5501/4 4278/5539/4
f 4283/5544/5 4293/5554/5 4277/5538/5 4276/5537/5
f 4294/5555/3 4282/5543/3 4241/5502/3 4240/5501/3
f 4282/5543/2 4277/5538/2 4293/5554/2 4292/5553/2
f 4276/5537/4 4294/5555/4 4284/5545/4 4283/5544/4
f 4239/5500/4 4243/5504/4 4278/5539/4 4240/5501/4
f 4284/5545/4 4294/5555/4 4240/5501/4 4299/5560/4
f 4285/5546/2 4211/5472/2 4199/5460/2 4198/5459/2
f 4212/5473/4 4286/5547/4 4206/5467/4 4205/5466/4
f 4185/5446/4 4181/5442/4 4213/5474/4 4186/5447/4
f 4206/5467/4 4286/5547/4 4186/5447/4 4216/5477/4
f 4301/5562/4 4302/5563/4 4303/5564/4 4304/5565/4
f 4305/5566/6 4306/5567/6 4307/5568/6 4308/5569/6
f 4309/5570/3 4310/5571/3 4311/5572/3 4312/5573/3
f 4313/5574/5 4314/5575/5 4315/5576/5 4316/5577/5
f 4317/5578/1 4313/5574/1 4316/5577/1 4318/5579/1
f 4303/5564/1 4302/5563/1 4319/5580/1 4320/5581/1
f 4318/5579/2 4316/5577/2 4312/5573/2 4311/5572/2
f 4321/5582/2 4322/5583/2 4323/5584/2 4324/5585/2
f 4325/5586/2 4326/5587/2 4327/5588/2 4328/5589/2
f 4301/5562/3 4304/5565/3 4329/5590/3 4330/5591/3
f 4331/5592/4 4332/5593/4 4333/5594/4 4334/5595/4
f 4304/5565/4 4303/5564/4 4335/5596/4 4336/5597/4
f 4337/5598/3 4331/5592/3 4325/5586/3 4338/5599/3
f 4333/5594/5 4327/5588/5 4339/5600/5 4340/5601/5
f 4341/5602/6 4342/5603/6 4307/5568/6 4306/5567/6
f 4343/5604/2 4307/5568/2 4342/5603/2 4315/5576/2
f 4326/5587/1 4334/5595/1 4344/5605/1 4343/5604/1
f 4333/5594/5 4332/5593/5 4328/5589/5 4327/5588/5
f 4316/5577/2 4315/5576/2 4342/5603/2 4312/5573/2
f 4343/5604/2 4338/5599/2 4308/5569/2 4307/5568/2
f 4345/5606/4 4346/5607/4 4347/5608/4 4348/5609/4
f 4349/5610/5 4350/5611/5 4324/5585/5 4323/5584/5
f 4347/5608/6 4346/5607/6 4351/5612/6 4352/5613/6
f 4353/5614/4 4349/5610/4 4346/5607/4 4345/5606/4
f 4304/5565/6 4336/5597/6 4354/5615/6 4329/5590/6
f 4355/5616/4 4350/5611/4 4349/5610/4 4353/5614/4
f 4354/5615/1 4336/5597/1 4356/5617/1 4357/5618/1
f 4335/5596/5 4303/5564/5 4320/5581/5 4358/5619/5
f 4356/5617/5 4301/5562/5 4330/5591/5 4357/5618/5
f 4356/5617/4 4359/5620/4 4302/5563/4 4301/5562/4
f 4357/5618/2 4330/5591/2 4319/5580/2 4360/5621/2
f 4361/5622/2 4362/5623/2 4352/5613/2 4351/5612/2
f 4359/5620/4 4356/5617/4 4348/5609/4 4347/5608/4
f 4353/5614/1 4345/5606/1 4361/5622/1 4322/5583/1
f 4345/5606/5 4348/5609/5 4362/5623/5 4361/5622/5
f 4363/5624/2 4318/5579/2 4311/5572/2 4339/5600/2
f 4321/5582/2 4354/5615/2 4357/5618/2 4362/5623/2
f 4357/5618/2 4360/5621/2 4352/5613/2 4362/5623/2
f 4347/5608/6 4352/5613/6 4360/5621/6 4359/5620/6
f 4364/5625/3 4363/5624/3 4315/5576/3 4314/5575/3
f 4363/5624/2 4326/5587/2 4343/5604/2 4315/5576/2
f 4306/5567/4 4344/5605/4 4314/5575/4 4341/5602/4
f 4331/5592/6 4334/5595/6 4326/5587/6 4325/5586/6
f 4317/5578/4 4310/5571/4 4309/5570/4 4313/5574/4
f 4310/5571/5 4340/5601/5 4339/5600/5 4311/5572/5
f 4341/5602/6 4309/5570/6 4312/5573/6 4342/5603/6
f 4337/5598/4 4305/5566/4 4332/5593/4 4331/5592/4
f 4364/5625/4 4340/5601/4 4310/5571/4 4317/5578/4
f 4330/5591/2 4329/5590/2 4320/5581/2 4319/5580/2
f 4344/5605/4 4306/5567/4 4305/5566/4 4337/5598/4
f 4344/5605/5 4337/5598/5 4338/5599/5 4343/5604/5
f 4336/5597/4 4355/5616/4 4348/5609/4 4356/5617/4
f 4329/5590/2 4354/5615/2 4358/5619/2 4320/5581/2
f 4355/5616/6 4353/5614/6 4322/5583/6 4321/5582/6
f 4322/5583/2 4361/5622/2 4351/5612/2 4323/5584/2
f 4332/5593/1 4305/5566/1 4308/5569/1 4328/5589/1
f 4346/5607/3 4349/5610/3 4323/5584/3 4351/5612/3
f 4302/5563/6 4359/5620/6 4360/5621/6 4319/5580/6
f 4350/5611/4 4355/5616/4 4336/5597/4 4335/5596/4
f 4364/5625/6 4317/5578/6 4318/5579/6 4363/5624/6
f 4355/5616/3 4321/5582/3 4362/5623/3 4348/5609/3
f 4321/5582/2 4324/5585/2 4358/5619/2 4354/5615/2
f 4335/5596/5 4358/5619/5 4324/5585/5 4350/5611/5
f 4338/5599/2 4325/5586/2 4328/5589/2 4308/5569/2
f 4363/5624/2 4339/5600/2 4327/5588/2 4326/5587/2
f 4340/5601/4 4364/5625/4 4334/5595/4 4333/5594/4
f 4313/5574/4 4309/5570/4 4341/5602/4 4314/5575/4
f 4334/5595/4 4364/5625/4 4314/5575/4 4344/5605/4
f 4365/5626/4 4366/5627/4 4367/5628/4 4368/5629/4
f 4367/5628/1 4366/5627/1 4369/5630/1 4370/5631/1
f 4371/5632/2 4372/5633/2 4373/5634/2 4374/5635/2
f 4365/5626/3 4368/5629/3 4375/5636/3 4376/5637/3
f 4368/5629/4 4367/5628/4 4377/5638/4 4378/5639/4
f 4379/5640/4 4380/5641/4 4381/5642/4 4382/5643/4
f 4383/5644/5 4384/5645/5 4374/5635/5 4373/5634/5
f 4381/5642/6 4380/5641/6 4385/5646/6 4386/5647/6
f 4387/5648/4 4383/5644/4 4380/5641/4 4379/5640/4
f 4368/5629/6 4378/5639/6 4388/5649/6 4375/5636/6
f 4389/5650/4 4384/5645/4 4383/5644/4 4387/5648/4
f 4388/5649/1 4378/5639/1 4390/5651/1 4391/5652/1
f 4377/5638/5 4367/5628/5 4370/5631/5 4392/5653/5
f 4390/5651/5 4365/5626/5 4376/5637/5 4391/5652/5
f 4390/5651/4 4393/5654/4 4366/5627/4 4365/5626/4
f 4391/5652/2 4376/5637/2 4369/5630/2 4394/5655/2
f 4395/5656/2 4396/5657/2 4386/5647/2 4385/5646/2
f 4393/5654/4 4390/5651/4 4382/5643/4 4381/5642/4
f 4387/5648/1 4379/5640/1 4395/5656/1 4372/5633/1
f 4379/5640/5 4382/5643/5 4396/5657/5 4395/5656/5
f 4371/5632/2 4388/5649/2 4391/5652/2 4396/5657/2
f 4391/5652/2 4394/5655/2 4386/5647/2 4396/5657/2
f 4381/5642/6 4386/5647/6 4394/5655/6 4393/5654/6
f 4376/5637/2 4375/5636/2 4370/5631/2 4369/5630/2
f 4378/5639/4 4389/5650/4 4382/5643/4 4390/5651/4
f 4375/5636/2 4388/5649/2 4392/5653/2 4370/5631/2
f 4389/5650/6 4387/5648/6 4372/5633/6 4371/5632/6
f 4372/5633/2 4395/5656/2 4385/5646/2 4373/5634/2
f 4380/5641/3 4383/5644/3 4373/5634/3 4385/5646/3
f 4366/5627/6 4393/5654/6 4394/5655/6 4369/5630/6
f 4384/5645/4 4389/5650/4 4378/5639/4 4377/5638/4
f 4389/5650/3 4371/5632/3 4396/5657/3 4382/5643/3
f 4371/5632/2 4374/5635/2 4392/5653/2 4388/5649/2
f 4377/5638/5 4392/5653/5 4374/5635/5 4384/5645/5
f 4397/5658/2 4398/5659/2 4399/5660/2 4400/5661/2
f 4398/5659/2 4401/5662/2 4402/5663/2 4399/5660/2
f 4403/5664/2 4404/5665/2 4405/5666/2 4406/5667/2
f 4404/5665/2 4407/5668/2 4408/5669/2 4405/5666/2
f 4409/5670/2 4403/5664/2 4406/5667/2 4410/5671/2
f 4407/5668/2 4409/5670/2 4410/5671/2 4408/5669/2
f 4411/5672/4 4412/5673/4 4413/5674/4 4414/5675/4
f 4414/5675/4 4413/5674/4 4415/5676/4 4416/5677/4
f 4417/5678/4 4418/5679/4 4412/5673/4 4411/5672/4
f 4416/5677/4 4415/5676/4 4418/5679/4 4417/5678/4
f 4419/5680/4 4420/5681/4 4421/5682/4 4422/5683/4
f 4423/5684/4 4424/5685/4 4420/5681/4 4419/5680/4
f 4422/5683/4 4421/5682/4 4425/5686/4 4426/5687/4
f 4426/5687/4 4425/5686/4 4424/5685/4 4423/5684/4
f 4427/5688/4 4428/5689/4 4429/5690/4 4430/5691/4
f 4430/5691/4 4429/5690/4 4431/5692/4 4432/5693/4
f 4433/5694/4 4434/5695/4 4428/5689/4 4427/5688/4
f 4432/5693/4 4431/5692/4 4434/5695/4 4433/5694/4
f 4435/5696/4 4436/5697/4 4437/5698/4 4438/5699/4
f 4439/5700/4 4440/5701/4 4436/5697/4 4435/5696/4
f 4438/5699/4 4437/5698/4 4441/5702/4 4442/5703/4
f 4442/5703/4 4441/5702/4 4440/5701/4 4439/5700/4
f 4443/5704/4 4444/5705/4 4445/5706/4 4446/5707/4
f 4446/5707/4 4445/5706/4 4447/5708/4 4448/5709/4
f 4449/5710/4 4450/5711/4 4444/5705/4 4443/5704/4
f 4448/5709/4 4447/5708/4 4450/5711/4 4449/5710/4
f 4451/5712/4 4452/5713/4 4453/5714/4 4454/5715/4
f 4455/5716/4 4456/5717/4 4452/5713/4 4451/5712/4
f 4454/5715/4 4453/5714/4 4457/5718/4 4458/5719/4
f 4458/5719/4 4457/5718/4 4456/5717/4 4455/5716/4
f 4401/5662/2 4459/5720/2 4460/5721/2 4402/5663/2
f 4459/5720/2 4397/5658/2 4400/5661/2 4460/5721/2
f 4461/5722/2 4462/5723/2 4463/5724/2 4464/5725/2
f 4462/5723/2 4465/5726/2 4466/5727/2 4463/5724/2
f 4467/5728/2 4461/5722/2 4464/5725/2 4468/5729/2
f 4465/5726/2 4467/5728/2 4468/5729/2 4466/5727/2
f 4469/5730/2 4470/5731/2 4471/5732/2 4472/5733/2
f 4473/5734/2 4469/5730/2 4472/5733/2 4474/5735/2
f 4470/5731/2 4475/5736/2 4476/5737/2 4471/5732/2
f 4475/5736/2 4473/5734/2 4474/5735/2 4476/5737/2
f 4477/5738/2 4478/5739/2 4479/5740/2 4480/5741/2
f 4478/5739/2 4481/5742/2 4482/5743/2 4479/5740/2
f 4483/5744/2 4477/5738/2 4480/5741/2 4484/5745/2
f 4481/5742/2 4483/5744/2 4484/5745/2 4482/5743/2
f 4485/5746/2 4486/5747/2 4487/5748/2 4488/5749/2
f 4489/5750/2 4485/5746/2 4488/5749/2 4490/5751/2
f 4486/5747/2 4491/5752/2 4492/5753/2 4487/5748/2
f 4491/5752/2 4489/5750/2 4490/5751/2 4492/5753/2
f 4444/5705/6 4450/5711/6 4484/5745/6 4480/5741/6
f 4419/5680/1 4422/5683/1 4401/5662/1 4398/5659/1
f 4450/5711/3 4447/5708/3 4482/5743/3 4484/5745/3
f 4425/5686/6 4421/5682/6 4402/5663/6 4460/5721/6
f 4453/5714/3 4452/5713/3 4488/5749/3 4487/5748/3
f 4424/5685/1 4425/5686/1 4460/5721/1 4400/5661/1
f 4446/5707/6 4448/5709/6 4481/5742/6 4478/5739/6
f 4423/5684/6 4419/5680/6 4398/5659/6 4397/5658/6
f 4429/5690/1 4428/5689/1 4464/5725/1 4463/5724/1
f 4449/5710/5 4443/5704/5 4477/5738/5 4483/5744/5
f 4452/5713/5 4456/5717/5 4490/5751/5 4488/5749/5
f 4448/5709/1 4449/5710/1 4483/5744/1 4481/5742/1
f 4422/5683/5 4426/5687/5 4459/5720/5 4401/5662/5
f 4451/5712/1 4454/5715/1 4486/5747/1 4485/5746/1
f 4457/5718/6 4453/5714/6 4487/5748/6 4492/5753/6
f 4426/5687/3 4423/5684/3 4397/5658/3 4459/5720/3
f 4427/5688/3 4430/5691/3 4462/5723/3 4461/5722/3
f 4456/5717/1 4457/5718/1 4492/5753/1 4490/5751/1
f 4431/5692/5 4429/5690/5 4463/5724/5 4466/5727/5
f 4455/5716/6 4451/5712/6 4485/5746/6 4489/5750/6
f 4428/5689/6 4434/5695/6 4468/5729/6 4464/5725/6
f 4434/5695/3 4431/5692/3 4466/5727/3 4468/5729/3
f 4454/5715/5 4458/5719/5 4491/5752/5 4486/5747/5
f 4437/5698/3 4436/5697/3 4472/5733/3 4471/5732/3
f 4458/5719/3 4455/5716/3 4489/5750/3 4491/5752/3
f 4430/5691/6 4432/5693/6 4465/5726/6 4462/5723/6
f 4413/5674/1 4412/5673/1 4408/5669/1 4410/5671/1
f 4433/5694/5 4427/5688/5 4461/5722/5 4467/5728/5
f 4436/5697/5 4440/5701/5 4474/5735/5 4472/5733/5
f 4432/5693/1 4433/5694/1 4467/5728/1 4465/5726/1
f 4435/5696/1 4438/5699/1 4470/5731/1 4469/5730/1
f 4441/5702/6 4437/5698/6 4471/5732/6 4476/5737/6
f 4411/5672/3 4414/5675/3 4409/5670/3 4407/5668/3
f 4440/5701/1 4441/5702/1 4476/5737/1 4474/5735/1
f 4415/5676/5 4413/5674/5 4410/5671/5 4406/5667/5
f 4439/5700/6 4435/5696/6 4469/5730/6 4473/5734/6
f 4445/5706/1 4444/5705/1 4480/5741/1 4479/5740/1
f 4412/5673/6 4418/5679/6 4405/5666/6 4408/5669/6
f 4418/5679/3 4415/5676/3 4406/5667/3 4405/5666/3
f 4438/5699/5 4442/5703/5 4475/5736/5 4470/5731/5
f 4421/5682/3 4420/5681/3 4399/5660/3 4402/5663/3
f 4442/5703/3 4439/5700/3 4473/5734/3 4475/5736/3
f 4414/5675/6 4416/5677/6 4403/5664/6 4409/5670/6
f 4443/5704/3 4446/5707/3 4478/5739/3 4477/5738/3
f 4417/5678/5 4411/5672/5 4407/5668/5 4404/5665/5
f 4447/5708/5 4445/5706/5 4479/5740/5 4482/5743/5
f 4420/5681/5 4424/5685/5 4400/5661/5 4399/5660/5
f 4416/5677/1 4417/5678/1 4404/5665/1 4403/5664/1
f 4493/5754/2 4494/5755/2 4495/5756/2 4496/5757/2
f 4496/5757/2 4495/5756/2 4497/5758/2 4498/5759/2
f 4499/5760/2 4500/5761/2 4501/5762/2 4502/5763/2
f 4502/5763/2 4501/5762/2 4503/5764/2 4504/5765/2
f 4505/5766/2 4506/5767/2 4500/5761/2 4499/5760/2
f 4504/5765/2 4503/5764/2 4506/5767/2 4505/5766/2
f 4507/5768/4 4508/5769/4 4509/5770/4 4510/5771/4
f 4508/5769/4 4511/5772/4 4512/5773/4 4509/5770/4
f 4513/5774/4 4507/5768/4 4510/5771/4 4514/5775/4
f 4511/5772/4 4513/5774/4 4514/5775/4 4512/5773/4
f 4515/5776/4 4516/5777/4 4517/5778/4 4518/5779/4
f 4519/5780/4 4515/5776/4 4518/5779/4 4520/5781/4
f 4516/5777/4 4521/5782/4 4522/5783/4 4517/5778/4
f 4521/5782/4 4519/5780/4 4520/5781/4 4522/5783/4
f 4523/5784/4 4524/5785/4 4525/5786/4 4526/5787/4
f 4524/5785/4 4527/5788/4 4528/5789/4 4525/5786/4
f 4529/5790/4 4523/5784/4 4526/5787/4 4530/5791/4
f 4527/5788/4 4529/5790/4 4530/5791/4 4528/5789/4
f 4531/5792/4 4532/5793/4 4533/5794/4 4534/5795/4
f 4535/5796/4 4531/5792/4 4534/5795/4 4536/5797/4
f 4532/5793/4 4537/5798/4 4538/5799/4 4533/5794/4
f 4537/5798/4 4535/5796/4 4536/5797/4 4538/5799/4
f 4539/5800/4 4540/5801/4 4541/5802/4 4542/5803/4
f 4540/5801/4 4543/5804/4 4544/5805/4 4541/5802/4
f 4545/5806/4 4539/5800/4 4542/5803/4 4546/5807/4
f 4543/5804/4 4545/5806/4 4546/5807/4 4544/5805/4
f 4547/5808/4 4548/5809/4 4549/5810/4 4550/5811/4
f 4551/5812/4 4547/5808/4 4550/5811/4 4552/5813/4
f 4548/5809/4 4553/5814/4 4554/5815/4 4549/5810/4
f 4553/5814/4 4551/5812/4 4552/5813/4 4554/5815/4
f 4498/5759/2 4497/5758/2 4555/5816/2 4556/5817/2
f 4556/5817/2 4555/5816/2 4494/5755/2 4493/5754/2
f 4557/5818/2 4558/5819/2 4559/5820/2 4560/5821/2
f 4560/5821/2 4559/5820/2 4561/5822/2 4562/5823/2
f 4563/5824/2 4564/5825/2 4558/5819/2 4557/5818/2
f 4562/5823/2 4561/5822/2 4564/5825/2 4563/5824/2
f 4565/5826/2 4566/5827/2 4567/5828/2 4568/5829/2
f 4569/5830/2 4570/5831/2 4566/5827/2 4565/5826/2
f 4568/5829/2 4567/5828/2 4571/5832/2 4572/5833/2
f 4572/5833/2 4571/5832/2 4570/5831/2 4569/5830/2
f 4573/5834/2 4574/5835/2 4575/5836/2 4576/5837/2
f 4576/5837/2 4575/5836/2 4577/5838/2 4578/5839/2
f 4579/5840/2 4580/5841/2 4574/5835/2 4573/5834/2
f 4578/5839/2 4577/5838/2 4580/5841/2 4579/5840/2
f 4581/5842/2 4582/5843/2 4583/5844/2 4584/5845/2
f 4585/5846/2 4586/5847/2 4582/5843/2 4581/5842/2
f 4584/5845/2 4583/5844/2 4587/5848/2 4588/5849/2
f 4588/5849/2 4587/5848/2 4586/5847/2 4585/5846/2
f 4542/5803/6 4574/5835/6 4580/5841/6 4546/5807/6
f 4515/5776/3 4496/5757/3 4498/5759/3 4516/5777/3
f 4546/5807/1 4580/5841/1 4577/5838/1 4544/5805/1
f 4522/5783/6 4555/5816/6 4497/5758/6 4517/5778/6
f 4549/5810/1 4583/5844/1 4582/5843/1 4550/5811/1
f 4520/5781/3 4494/5755/3 4555/5816/3 4522/5783/3
f 4540/5801/6 4576/5837/6 4578/5839/6 4543/5804/6
f 4519/5780/6 4493/5754/6 4496/5757/6 4515/5776/6
f 4525/5786/3 4559/5820/3 4558/5819/3 4526/5787/3
f 4545/5806/5 4579/5840/5 4573/5834/5 4539/5800/5
f 4550/5811/5 4582/5843/5 4586/5847/5 4552/5813/5
f 4543/5804/3 4578/5839/3 4579/5840/3 4545/5806/3
f 4516/5777/5 4498/5759/5 4556/5817/5 4521/5782/5
f 4547/5808/3 4581/5842/3 4584/5845/3 4548/5809/3
f 4554/5815/6 4587/5848/6 4583/5844/6 4549/5810/6
f 4521/5782/1 4556/5817/1 4493/5754/1 4519/5780/1
f 4523/5784/1 4557/5818/1 4560/5821/1 4524/5785/1
f 4552/5813/3 4586/5847/3 4587/5848/3 4554/5815/3
f 4528/5789/5 4561/5822/5 4559/5820/5 4525/5786/5
f 4551/5812/6 4585/5846/6 4581/5842/6 4547/5808/6
f 4526/5787/6 4558/5819/6 4564/5825/6 4530/5791/6
f 4530/5791/1 4564/5825/1 4561/5822/1 4528/5789/1
f 4548/5809/5 4584/5845/5 4588/5849/5 4553/5814/5
f 4533/5794/1 4567/5828/1 4566/5827/1 4534/5795/1
f 4553/5814/1 4588/5849/1 4585/5846/1 4551/5812/1
f 4524/5785/6 4560/5821/6 4562/5823/6 4527/5788/6
f 4509/5770/3 4506/5767/3 4503/5764/3 4510/5771/3
f 4529/5790/5 4563/5824/5 4557/5818/5 4523/5784/5
f 4534/5795/5 4566/5827/5 4570/5831/5 4536/5797/5
f 4527/5788/3 4562/5823/3 4563/5824/3 4529/5790/3
f 4531/5792/3 4565/5826/3 4568/5829/3 4532/5793/3
f 4538/5799/6 4571/5832/6 4567/5828/6 4533/5794/6
f 4507/5768/1 4504/5765/1 4505/5766/1 4508/5769/1
f 4536/5797/3 4570/5831/3 4571/5832/3 4538/5799/3
f 4512/5773/5 4500/5761/5 4506/5767/5 4509/5770/5
f 4535/5796/6 4569/5830/6 4565/5826/6 4531/5792/6
f 4541/5802/3 4575/5836/3 4574/5835/3 4542/5803/3
f 4510/5771/6 4503/5764/6 4501/5762/6 4514/5775/6
f 4514/5775/1 4501/5762/1 4500/5761/1 4512/5773/1
f 4532/5793/5 4568/5829/5 4572/5833/5 4537/5798/5
f 4517/5778/1 4497/5758/1 4495/5756/1 4518/5779/1
f 4537/5798/1 4572/5833/1 4569/5830/1 4535/5796/1
f 4508/5769/6 4505/5766/6 4499/5760/6 4511/5772/6
f 4539/5800/1 4573/5834/1 4576/5837/1 4540/5801/1
f 4513/5774/5 4502/5763/5 4504/5765/5 4507/5768/5
f 4544/5805/5 4577/5838/5 4575/5836/5 4541/5802/5
f 4518/5779/5 4495/5756/5 4494/5755/5 4520/5781/5
f 4511/5772/3 4499/5760/3 4502/5763/3 4513/5774/3
f 4589/5850/1 4590/5851/1 4591/5852/1 4592/5853/1
f 4590/5851/1 4593/5854/1 4594/5855/1 4591/5852/1
f 4595/5856/1 4589/5850/1 4592/5853/1 4596/5857/1
f 4597/5858/3 4598/5859/3 4599/5860/3 4600/5861/3
f 4601/5862/3 4602/5863/3 4603/5864/3 4604/5865/3
f 4600/5861/3 4599/5860/3 4602/5863/3 4601/5862/3
f 4604/5865/3 4603/5864/3 4598/5859/3 4597/5858/3
f 4605/5866/3 4606/5867/3 4607/5868/3 4608/5869/3
f 4609/5870/3 4610/5871/3 4611/5872/3 4612/5873/3
f 4608/5869/3 4607/5868/3 4610/5871/3 4609/5870/3
f 4612/5873/3 4611/5872/3 4606/5867/3 4605/5866/3
f 4613/5874/3 4614/5875/3 4615/5876/3 4616/5877/3
f 4617/5878/3 4618/5879/3 4619/5880/3 4620/5881/3
f 4616/5877/3 4615/5876/3 4618/5879/3 4617/5878/3
f 4620/5881/3 4619/5880/3 4614/5875/3 4613/5874/3
f 4593/5854/1 4595/5856/1 4596/5857/1 4594/5855/1
f 4621/5882/1 4622/5883/1 4623/5884/1 4624/5885/1
f 4625/5886/1 4626/5887/1 4627/5888/1 4628/5889/1
f 4622/5883/1 4625/5886/1 4628/5889/1 4623/5884/1
f 4626/5887/1 4621/5882/1 4624/5885/1 4627/5888/1
f 4629/5890/1 4630/5891/1 4631/5892/1 4632/5893/1
f 4633/5894/1 4634/5895/1 4635/5896/1 4636/5897/1
f 4630/5891/1 4633/5894/1 4636/5897/1 4631/5892/1
f 4634/5895/1 4629/5890/1 4632/5893/1 4635/5896/1
f 4608/5869/6 4609/5870/6 4625/5886/6 4622/5883/6
f 4619/5880/2 4618/5879/2 4636/5897/2 4635/5896/2
f 4602/5863/5 4599/5860/5 4592/5853/5 4591/5852/5
f 4612/5873/5 4605/5866/5 4621/5882/5 4626/5887/5
f 4618/5879/5 4615/5876/5 4631/5892/5 4636/5897/5
f 4597/5858/2 4600/5861/2 4589/5850/2 4595/5856/2
f 4598/5859/6 4603/5864/6 4594/5855/6 4596/5857/6
f 4613/5874/2 4616/5877/2 4630/5891/2 4629/5890/2
f 4614/5875/6 4619/5880/6 4635/5896/6 4632/5893/6
f 4601/5862/4 4604/5865/4 4593/5854/4 4590/5851/4
f 4607/5868/4 4606/5867/4 4624/5885/4 4623/5884/4
f 4617/5878/4 4620/5881/4 4634/5895/4 4633/5894/4
f 4600/5861/6 4601/5862/6 4590/5851/6 4589/5850/6
f 4611/5872/2 4610/5871/2 4628/5889/2 4627/5888/2
f 4616/5877/6 4617/5878/6 4633/5894/6 4630/5891/6
f 4604/5865/5 4597/5858/5 4595/5856/5 4593/5854/5
f 4610/5871/5 4607/5868/5 4623/5884/5 4628/5889/5
f 4620/5881/5 4613/5874/5 4629/5890/5 4634/5895/5
f 4605/5866/2 4608/5869/2 4622/5883/2 4621/5882/2
f 4606/5867/6 4611/5872/6 4627/5888/6 4624/5885/6
f 4599/5860/4 4598/5859/4 4596/5857/4 4592/5853/4
f 4609/5870/4 4612/5873/4 4626/5887/4 4625/5886/4
f 4615/5876/4 4614/5875/4 4632/5893/4 4631/5892/4
f 4603/5864/2 4602/5863/2 4591/5852/2 4594/5855/2
f 4637/5898/3 4638/5899/3 4639/5900/3 4640/5901/3
f 4640/5901/3 4639/5900/3 4641/5902/3 4642/5903/3
f 4643/5904/3 4644/5905/3 4638/5899/3 4637/5898/3
f 4645/5906/1 4646/5907/1 4647/5908/1 4648/5909/1
f 4649/5910/1 4650/5911/1 4651/5912/1 4652/5913/1
f 4646/5907/1 4649/5910/1 4652/5913/1 4647/5908/1
f 4650/5911/1 4645/5906/1 4648/5909/1 4651/5912/1
f 4653/5914/1 4654/5915/1 4655/5916/1 4656/5917/1
f 4657/5918/1 4658/5919/1 4659/5920/1 4660/5921/1
f 4654/5915/1 4657/5918/1 4660/5921/1 4655/5916/1
f 4658/5919/1 4653/5914/1 4656/5917/1 4659/5920/1
f 4661/5922/1 4662/5923/1 4663/5924/1 4664/5925/1
f 4665/5926/1 4666/5927/1 4667/5928/1 4668/5929/1
f 4662/5923/1 4665/5926/1 4668/5929/1 4663/5924/1
f 4666/5927/1 4661/5922/1 4664/5925/1 4667/5928/1
f 4642/5903/3 4641/5902/3 4644/5905/3 4643/5904/3
f 4669/5930/3 4670/5931/3 4671/5932/3 4672/5933/3
f 4673/5934/3 4674/5935/3 4675/5936/3 4676/5937/3
f 4672/5933/3 4671/5932/3 4674/5935/3 4673/5934/3
f 4676/5937/3 4675/5936/3 4670/5931/3 4669/5930/3
f 4677/5938/3 4678/5939/3 4679/5940/3 4680/5941/3
f 4681/5942/3 4682/5943/3 4683/5944/3 4684/5945/3
f 4680/5941/3 4679/5940/3 4682/5943/3 4681/5942/3
f 4684/5945/3 4683/5944/3 4678/5939/3 4677/5938/3
f 4654/5915/6 4672/5933/6 4673/5934/6 4657/5918/6
f 4667/5928/2 4683/5944/2 4682/5943/2 4668/5929/2
f 4652/5913/5 4639/5900/5 4638/5899/5 4647/5908/5
f 4658/5919/5 4676/5937/5 4669/5930/5 4653/5914/5
f 4668/5929/5 4682/5943/5 4679/5940/5 4663/5924/5
f 4645/5906/2 4643/5904/2 4637/5898/2 4646/5907/2
f 4648/5909/6 4644/5905/6 4641/5902/6 4651/5912/6
f 4661/5922/2 4677/5938/2 4680/5941/2 4662/5923/2
f 4664/5925/6 4678/5939/6 4683/5944/6 4667/5928/6
f 4649/5910/4 4640/5901/4 4642/5903/4 4650/5911/4
f 4655/5916/4 4671/5932/4 4670/5931/4 4656/5917/4
f 4665/5926/4 4681/5942/4 4684/5945/4 4666/5927/4
f 4646/5907/6 4637/5898/6 4640/5901/6 4649/5910/6
f 4659/5920/2 4675/5936/2 4674/5935/2 4660/5921/2
f 4662/5923/6 4680/5941/6 4681/5942/6 4665/5926/6
f 4650/5911/5 4642/5903/5 4643/5904/5 4645/5906/5
f 4660/5921/5 4674/5935/5 4671/5932/5 4655/5916/5
f 4666/5927/5 4684/5945/5 4677/5938/5 4661/5922/5
f 4653/5914/2 4669/5930/2 4672/5933/2 4654/5915/2
f 4656/5917/6 4670/5931/6 4675/5936/6 4659/5920/6
f 4647/5908/4 4638/5899/4 4644/5905/4 4648/5909/4
f 4657/5918/4 4673/5934/4 4676/5937/4 4658/5919/4
f 4663/5924/4 4679/5940/4 4678/5939/4 4664/5925/4
f 4651/5912/2 4641/5902/2 4639/5900/2 4652/5913/2
f 4685/5946/6 4686/5947/6 4687/5948/6 4688/5949/6
f 4689/5950/6 4690/5951/6 4691/5952/6 4692/5953/6
f 4690/5951/6 4693/5954/6 4694/5955/6 4691/5952/6
f 4693/5954/6 4695/5956/6 4696/5957/6 4694/5955/6
f 4695/5956/6 4697/5958/6 4698/5959/6 4696/5957/6
f 4697/5958/6 4699/5960/6 4700/5961/6 4698/5959/6
f 4699/5960/6 4701/5962/6 4702/5963/6 4700/5961/6
f 4701/5962/6 4703/5964/6 4704/5965/6 4702/5963/6
f 4705/5966/6 4706/5967/6 4707/5968/6 4708/5969/6
f 4703/5964/6 4708/5969/6 4707/5968/6 4704/5965/6
f 4709/5970/6 4710/5971/6 4711/5972/6 4712/5973/6
f 4687/5974/6 4686/5975/6 4713/5976/6 4714/5977/6
f 4707/5968/6 4706/5967/6 4710/5971/6 4709/5970/6
f 4705/5966/6 4708/5969/6 4715/5978/6 4716/5979/6
f 4717/5980/6 4696/5981/6 4698/5982/6 4709/5983/6
f 4718/5984/6 4719/5985/6 4713/5976/6 4686/5975/6
f 4718/5984/6 4712/5973/6 4711/5972/6 4719/5985/6
f 4717/5986/6 4720/5987/6 4721/5988/6 4722/5989/6
f 4691/5990/6 4694/5991/6 4722/5992/6
f 4698/5982/6 4700/5993/6 4709/5983/6
f 4700/5993/6 4702/5994/6 4709/5983/6
f 4702/5994/6 4704/5995/6 4709/5983/6
f 4709/5983/6 4704/5995/6 4707/5996/6
f 4689/5997/6 4715/5998/6 4690/5999/6
f 4690/5999/6 4715/5998/6 4693/6000/6
f 4693/6000/6 4715/5998/6 4695/6001/6
f 4695/6001/6 4715/5998/6 4697/6002/6
f 4697/6002/6 4715/5998/6 4699/6003/6
f 4699/6003/6 4715/5998/6 4701/6004/6
f 4701/6004/6 4715/5998/6 4703/6005/6
f 4721/6006/6 4720/6007/6 4723/6008/6
f 4696/5981/6 4717/5980/6 4722/5992/6 4694/5991/6
f 4724/6009/6 4721/6006/6 4723/6008/6
f 4725/6010/6 4717/5980/6 4709/5983/6
f 4726/6011/6 4727/6012/6 4692/6013/6
f 4724/6014/6 4726/6015/6 4722/5989/6 4721/5988/6
f 4728/6016/6 4685/6017/6 4729/6018/6 4725/6019/6
f 4709/5983/6 4728/6020/6 4725/6010/6
f 4712/6021/6 4718/6022/6 4728/6020/6 4709/5983/6
f 4718/5984/6 4686/5975/6 4685/6017/6 4728/6016/6
f 4720/6007/6 4729/6023/6 4723/6008/6
f 4730/6024/6 4727/6025/6 4726/6015/6 4724/6014/6
f 4723/6008/6 4730/6026/6 4724/6009/6
f 4725/6019/6 4729/6018/6 4720/5987/6 4717/5986/6
f 4723/6027/6 4729/6018/6 4685/6017/6 4688/6028/6
f 4703/6005/6 4715/5998/6 4708/6029/6
f 4722/5992/6 4726/6011/6 4692/6013/6 4691/5990/6
f 4731/6030/6 4688/5949/6 4687/5948/6 4732/6031/6
f 4689/5950/6 4692/5953/6 4733/6032/6 4734/6033/6
f 4734/6033/6 4733/6032/6 4735/6034/6 4736/6035/6
f 4736/6035/6 4735/6034/6 4737/6036/6 4738/6037/6
f 4738/6037/6 4737/6036/6 4739/6038/6 4740/6039/6
f 4740/6039/6 4739/6038/6 4741/6040/6 4742/6041/6
f 4742/6041/6 4741/6040/6 4743/6042/6 4744/6043/6
f 4744/6043/6 4743/6042/6 4745/6044/6 4746/6045/6
f 4747/6046/6 4748/6047/6 4749/6048/6 4750/6049/6
f 4746/6045/6 4745/6044/6 4749/6048/6 4748/6047/6
f 4751/6050/6 4752/6051/6 4753/6052/6 4754/6053/6
f 4687/5974/6 4714/5977/6 4755/6054/6 4732/6055/6
f 4749/6048/6 4751/6050/6 4754/6053/6 4750/6049/6
f 4747/6046/6 4716/5979/6 4715/5978/6 4748/6047/6
f 4756/6056/6 4751/6057/6 4739/6058/6 4737/6059/6
f 4757/6060/6 4732/6055/6 4755/6054/6 4758/6061/6
f 4757/6060/6 4758/6061/6 4753/6052/6 4752/6051/6
f 4756/6062/6 4759/6063/6 4760/6064/6 4761/6065/6
f 4733/6066/6 4759/6067/6 4735/6068/6
f 4739/6058/6 4751/6057/6 4741/6069/6
f 4741/6069/6 4751/6057/6 4743/6070/6
f 4743/6070/6 4751/6057/6 4745/6071/6
f 4751/6057/6 4749/6072/6 4745/6071/6
f 4689/5997/6 4734/6073/6 4715/5998/6
f 4734/6073/6 4736/6074/6 4715/5998/6
f 4736/6074/6 4738/6075/6 4715/5998/6
f 4738/6075/6 4740/6076/6 4715/5998/6
f 4740/6076/6 4742/6077/6 4715/5998/6
f 4742/6077/6 4744/6078/6 4715/5998/6
f 4744/6078/6 4746/6079/6 4715/5998/6
f 4760/6080/6 4723/6008/6 4761/6081/6
f 4737/6059/6 4735/6068/6 4759/6067/6 4756/6056/6
f 4762/6082/6 4723/6008/6 4760/6080/6
f 4763/6083/6 4751/6057/6 4756/6056/6
f 4764/6084/6 4692/6013/6 4727/6012/6
f 4762/6085/6 4760/6064/6 4759/6063/6 4764/6086/6
f 4765/6087/6 4763/6088/6 4766/6089/6 4731/6090/6
f 4751/6057/6 4763/6083/6 4765/6091/6
f 4752/6092/6 4751/6057/6 4765/6091/6 4757/6093/6
f 4757/6060/6 4765/6087/6 4731/6090/6 4732/6055/6
f 4761/6081/6 4723/6008/6 4766/6094/6
f 4730/6024/6 4762/6085/6 4764/6086/6 4727/6025/6
f 4723/6008/6 4762/6082/6 4730/6026/6
f 4763/6088/6 4756/6062/6 4761/6065/6 4766/6089/6
f 4723/6027/6 4688/6028/6 4731/6090/6 4766/6089/6
f 4746/6079/6 4748/6095/6 4715/5998/6
f 4759/6067/6 4733/6066/6 4692/6013/6 4764/6084/6
f 4767/6096/6 4768/6097/6 4769/6098/6 4770/6099/6
f 4771/6100/6 4772/6101/6 4773/6102/6 4774/6103/6
f 4774/6103/6 4773/6102/6 4775/6104/6 4776/6105/6
f 4776/6105/6 4775/6104/6 4777/6106/6 4778/6107/6
f 4778/6107/6 4777/6106/6 4779/6108/6 4780/6109/6
f 4780/6109/6 4779/6108/6 4781/6110/6 4782/6111/6
f 4782/6111/6 4781/6110/6 4783/6112/6 4784/6113/6
f 4784/6113/6 4783/6112/6 4785/6114/6 4786/6115/6
f 4705/5966/6 4787/6116/6 4788/6117/6 4706/5967/6
f 4786/6115/6 4785/6114/6 4788/6117/6 4787/6116/6
f 4789/6118/6 4790/6119/6 4791/6120/6 4710/5971/6
f 4769/6121/6 4792/6122/6 4793/6123/6 4770/6124/6
f 4788/6117/6 4789/6118/6 4710/5971/6 4706/5967/6
f 4705/5966/6 4716/5979/6 4794/6125/6 4787/6116/6
f 4795/6126/6 4789/6127/6 4779/6128/6 4777/6129/6
f 4796/6130/6 4770/6124/6 4793/6123/6 4797/6131/6
f 4796/6130/6 4797/6131/6 4791/6120/6 4790/6119/6
f 4795/6132/6 4798/6133/6 4799/6134/6 4800/6135/6
f 4773/6136/6 4798/6137/6 4775/6138/6
f 4779/6128/6 4789/6127/6 4781/6139/6
f 4781/6139/6 4789/6127/6 4783/6140/6
f 4783/6140/6 4789/6127/6 4785/6141/6
f 4789/6127/6 4788/6142/6 4785/6141/6
f 4771/6143/6 4774/6144/6 4794/6145/6
f 4774/6144/6 4776/6146/6 4794/6145/6
f 4776/6146/6 4778/6147/6 4794/6145/6
f 4778/6147/6 4780/6148/6 4794/6145/6
f 4780/6148/6 4782/6149/6 4794/6145/6
f 4782/6149/6 4784/6150/6 4794/6145/6
f 4784/6150/6 4786/6151/6 4794/6145/6
f 4799/6152/6 4801/6153/6 4800/6154/6
f 4777/6129/6 4775/6138/6 4798/6137/6 4795/6126/6
f 4802/6155/6 4801/6153/6 4799/6152/6
f 4803/6156/6 4789/6127/6 4795/6126/6
f 4804/6157/6 4772/6158/6 4805/6159/6
f 4802/6160/6 4799/6134/6 4798/6133/6 4804/6161/6
f 4806/6162/6 4803/6163/6 4807/6164/6 4767/6165/6
f 4789/6127/6 4803/6156/6 4806/6166/6
f 4790/6167/6 4789/6127/6 4806/6166/6 4796/6168/6
f 4796/6130/6 4806/6162/6 4767/6165/6 4770/6124/6
f 4800/6154/6 4801/6153/6 4807/6169/6
f 4808/6170/6 4802/6160/6 4804/6161/6 4805/6171/6
f 4801/6153/6 4802/6155/6 4808/6172/6
f 4803/6163/6 4795/6132/6 4800/6135/6 4807/6164/6
f 4801/6173/6 4768/6174/6 4767/6165/6 4807/6164/6
f 4786/6151/6 4787/6175/6 4794/6145/6
f 4798/6137/6 4773/6136/6 4772/6158/6 4804/6157/6
f 4809/6176/6 4810/6177/6 4769/6098/6 4768/6097/6
f 4771/6100/6 4811/6178/6 4812/6179/6 4772/6101/6
f 4811/6178/6 4813/6180/6 4814/6181/6 4812/6179/6
f 4813/6180/6 4815/6182/6 4816/6183/6 4814/6181/6
f 4815/6182/6 4817/6184/6 4818/6185/6 4816/6183/6
f 4817/6184/6 4819/6186/6 4820/6187/6 4818/6185/6
f 4819/6186/6 4821/6188/6 4822/6189/6 4820/6187/6
f 4821/6188/6 4823/6190/6 4824/6191/6 4822/6189/6
f 4747/6046/6 4750/6049/6 4825/6192/6 4826/6193/6
f 4823/6190/6 4826/6193/6 4825/6192/6 4824/6191/6
f 4827/6194/6 4754/6053/6 4828/6195/6 4829/6196/6
f 4769/6121/6 4810/6197/6 4830/6198/6 4792/6122/6
f 4825/6192/6 4750/6049/6 4754/6053/6 4827/6194/6
f 4747/6046/6 4826/6193/6 4794/6125/6 4716/5979/6
f 4831/6199/6 4816/6200/6 4818/6201/6 4827/6202/6
f 4832/6203/6 4833/6204/6 4830/6198/6 4810/6197/6
f 4832/6203/6 4829/6196/6 4828/6195/6 4833/6204/6
f 4831/6205/6 4834/6206/6 4835/6207/6 4836/6208/6
f 4812/6209/6 4814/6210/6 4836/6211/6
f 4818/6201/6 4820/6212/6 4827/6202/6
f 4820/6212/6 4822/6213/6 4827/6202/6
f 4822/6213/6 4824/6214/6 4827/6202/6
f 4827/6202/6 4824/6214/6 4825/6215/6
f 4771/6143/6 4794/6145/6 4811/6216/6
f 4811/6216/6 4794/6145/6 4813/6217/6
f 4813/6217/6 4794/6145/6 4815/6218/6
f 4815/6218/6 4794/6145/6 4817/6219/6
f 4817/6219/6 4794/6145/6 4819/6220/6
f 4819/6220/6 4794/6145/6 4821/6221/6
f 4821/6221/6 4794/6145/6 4823/6222/6
f 4835/6223/6 4834/6224/6 4801/6153/6
f 4816/6200/6 4831/6199/6 4836/6211/6 4814/6210/6
f 4837/6225/6 4835/6223/6 4801/6153/6
f 4838/6226/6 4831/6199/6 4827/6202/6
f 4839/6227/6 4805/6159/6 4772/6158/6
f 4837/6228/6 4839/6229/6 4836/6208/6 4835/6207/6
f 4840/6230/6 4809/6231/6 4841/6232/6 4838/6233/6
f 4827/6202/6 4840/6234/6 4838/6226/6
f 4829/6235/6 4832/6236/6 4840/6234/6 4827/6202/6
f 4832/6203/6 4810/6197/6 4809/6231/6 4840/6230/6
f 4834/6224/6 4841/6237/6 4801/6153/6
f 4808/6170/6 4805/6171/6 4839/6229/6 4837/6228/6
f 4801/6153/6 4808/6172/6 4837/6225/6
f 4838/6233/6 4841/6232/6 4834/6206/6 4831/6205/6
f 4801/6173/6 4841/6232/6 4809/6231/6 4768/6174/6
f 4823/6222/6 4794/6145/6 4826/6238/6
f 4836/6211/6 4839/6227/6 4772/6158/6 4812/6209/6
f 4842/6239/6 4843/6240/6 4844/6241/6 4845/6242/6
f 4843/6240/6 4846/6243/6 4847/6244/6 4844/6241/6
f 4846/6243/6 4848/6245/6 4849/6246/6 4847/6244/6
f 4848/6245/6 4850/6247/6 4851/6248/6 4849/6246/6
f 4850/6247/6 4852/6249/6 4853/6250/6 4851/6248/6
f 4852/6249/6 4854/6251/6 4855/6252/6 4853/6250/6
f 4854/6251/6 4856/6253/6 4857/6254/6 4855/6252/6
f 4858/6255/6 4859/6256/6 4860/6257/6 4861/6258/6
f 4856/6253/6 4861/6258/6 4860/6257/6 4857/6254/6
f 4862/6259/6 4863/6260/6 4864/6261/6 4865/6262/6
f 4866/6263/6 4867/6264/6 4868/6265/6 4869/6266/6
f 4860/6257/6 4859/6256/6 4863/6260/6 4862/6259/6
f 4858/6255/6 4861/6258/6 4870/6267/6 4871/6268/6
f 4872/6269/6 4867/6264/6 4873/6270/6 4874/6271/6
f 4872/6269/6 4875/6272/6 4868/6265/6 4867/6264/6
f 4872/6269/6 4865/6262/6 4864/6261/6 4875/6272/6
f 4874/6271/6 4873/6270/6 4876/6273/6 4877/6274/6
f 4873/6275/6 4867/6276/6 4866/6277/6 4876/6278/6
f 4865/6279/6 4872/6280/6 4874/6281/6 4862/6282/6
f 4844/6283/6 4874/6281/6 4877/6284/6 4845/6285/6
f 4844/6283/6 4847/6286/6 4874/6281/6
f 4847/6286/6 4849/6287/6 4874/6281/6
f 4849/6287/6 4851/6288/6 4862/6282/6 4874/6281/6
f 4851/6288/6 4853/6289/6 4862/6282/6
f 4853/6289/6 4855/6290/6 4862/6282/6
f 4855/6290/6 4857/6291/6 4862/6282/6
f 4862/6282/6 4857/6291/6 4860/6292/6
f 4842/6293/6 4870/6294/6 4861/6295/6 4843/6296/6
f 4843/6296/6 4861/6295/6 4846/6297/6
f 4846/6297/6 4861/6295/6 4848/6298/6
f 4848/6298/6 4861/6295/6 4850/6299/6
f 4850/6299/6 4861/6295/6 4852/6300/6
f 4852/6300/6 4861/6295/6 4854/6301/6
f 4854/6301/6 4861/6295/6 4856/6302/6
f 4878/6303/1 4879/6304/1 4880/6305/1 4881/6306/1
f 4882/6307/2 4883/6308/2 4884/6309/2 4885/6310/2
f 4886/6311/3 4887/6312/3 4888/6313/3 4889/6314/3
f 4890/6315/4 4891/6316/4 4892/6317/4 4893/6318/4
f 4894/6319/5 4895/6320/5 4896/6321/5 4897/6322/5
f 4898/6323/5 4899/6324/5 4900/6325/5 4901/6326/5
f 4892/6317/4 4891/6316/4 4902/6327/4 4903/6328/4
f 4904/6329/6 4905/6330/6 4906/6331/6 4907/6332/6
f 4884/6309/74 4883/6308/74 4908/6333/74 4909/6334/74
f 4842/6239/6 4845/6242/6 4910/6335/6 4911/6336/6
f 4911/6336/6 4910/6335/6 4912/6337/6 4913/6338/6
f 4913/6338/6 4912/6337/6 4914/6339/6 4915/6340/6
f 4915/6340/6 4914/6339/6 4916/6341/6 4917/6342/6
f 4917/6342/6 4916/6341/6 4918/6343/6 4919/6344/6
f 4919/6344/6 4918/6343/6 4920/6345/6 4921/6346/6
f 4921/6346/6 4920/6345/6 4922/6347/6 4923/6348/6
f 4924/6349/6 4925/6350/6 4926/6351/6 4927/6352/6
f 4923/6348/6 4922/6347/6 4926/6351/6 4925/6350/6
f 4928/6353/6 4929/6354/6 4930/6355/6 4931/6356/6
f 4866/6263/6 4869/6266/6 4932/6357/6 4933/6358/6
f 4926/6351/6 4928/6353/6 4931/6356/6 4927/6352/6
f 4924/6349/6 4871/6268/6 4870/6267/6 4925/6350/6
f 4934/6359/6 4935/6360/6 4936/6361/6 4933/6358/6
f 4934/6359/6 4933/6358/6 4932/6357/6 4937/6362/6
f 4934/6359/6 4937/6362/6 4930/6355/6 4929/6354/6
f 4935/6360/6 4877/6274/6 4876/6273/6 4936/6361/6
f 4936/6363/6 4876/6278/6 4866/6277/6 4933/6364/6
f 4929/6365/6 4928/6366/6 4935/6367/6 4934/6368/6
f 4910/6369/6 4845/6285/6 4877/6284/6 4935/6367/6
f 4910/6369/6 4935/6367/6 4912/6370/6
f 4912/6370/6 4935/6367/6 4914/6371/6
f 4914/6371/6 4935/6367/6 4928/6366/6 4916/6372/6
f 4916/6372/6 4928/6366/6 4918/6373/6
f 4918/6373/6 4928/6366/6 4920/6374/6
f 4920/6374/6 4928/6366/6 4922/6375/6
f 4928/6366/6 4926/6376/6 4922/6375/6
f 4842/6293/6 4911/6377/6 4925/6378/6 4870/6294/6
f 4911/6377/6 4913/6379/6 4925/6378/6
f 4913/6379/6 4915/6380/6 4925/6378/6
f 4915/6380/6 4917/6381/6 4925/6378/6
f 4917/6381/6 4919/6382/6 4925/6378/6
f 4919/6382/6 4921/6383/6 4925/6378/6
f 4921/6383/6 4923/6384/6 4925/6378/6
f 4938/6385/3 4939/6386/3 4940/6387/3 4941/6388/3
f 4942/6389/2 4943/6390/2 4944/6391/2 4945/6392/2
f 4946/6393/1 4947/6394/1 4948/6395/1 4949/6396/1
f 4950/6397/4 4951/6398/4 4952/6399/4 4953/6400/4
f 4954/6401/5 4955/6402/5 4956/6403/5 4957/6404/5
f 4958/6405/5 4901/6326/5 4900/6325/5 4959/6406/5
f 4952/6399/4 4903/6328/4 4902/6327/4 4953/6400/4
f 4960/6407/6 4907/6332/6 4906/6331/6 4961/6408/6
f 4944/6391/2 4909/6334/2 4908/6333/2 4945/6392/2
f 4962/6409/6 4963/6410/6 4964/6411/6 4965/6412/6
f 4965/6412/6 4964/6411/6 4966/6413/6 4967/6414/6
f 4967/6414/6 4966/6413/6 4968/6415/6 4969/6416/6
f 4969/6416/6 4968/6415/6 4970/6417/6 4971/6418/6
f 4971/6418/6 4970/6417/6 4972/6419/6 4973/6420/6
f 4973/6420/6 4972/6419/6 4974/6421/6 4975/6422/6
f 4975/6422/6 4974/6421/6 4976/6423/6 4977/6424/6
f 4858/6255/6 4978/6425/6 4979/6426/6 4859/6256/6
f 4977/6424/6 4976/6423/6 4979/6426/6 4978/6425/6
f 4980/6427/6 4981/6428/6 4982/6429/6 4863/6260/6
f 4983/6430/6 4984/6431/6 4985/6432/6 4986/6433/6
f 4979/6426/6 4980/6427/6 4863/6260/6 4859/6256/6
f 4858/6255/6 4871/6268/6 4987/6434/6 4978/6425/6
f 4988/6435/6 4989/6436/6 4990/6437/6 4986/6433/6
f 4988/6435/6 4986/6433/6 4985/6432/6 4991/6438/6
f 4988/6435/6 4991/6438/6 4982/6429/6 4981/6428/6
f 4989/6436/6 4992/6439/6 4993/6440/6 4990/6437/6
f 4990/6441/6 4993/6442/6 4983/6443/6 4986/6444/6
f 4981/6445/6 4980/6446/6 4989/6447/6 4988/6448/6
f 4964/6449/6 4963/6450/6 4992/6451/6 4989/6447/6
f 4964/6449/6 4989/6447/6 4966/6452/6
f 4966/6452/6 4989/6447/6 4968/6453/6
f 4968/6453/6 4989/6447/6 4980/6446/6 4970/6454/6
f 4970/6454/6 4980/6446/6 4972/6455/6
f 4972/6455/6 4980/6446/6 4974/6456/6
f 4974/6456/6 4980/6446/6 4976/6457/6
f 4980/6446/6 4979/6458/6 4976/6457/6
f 4962/6459/6 4965/6460/6 4978/6461/6 4987/6462/6
f 4965/6460/6 4967/6463/6 4978/6461/6
f 4967/6463/6 4969/6464/6 4978/6461/6
f 4969/6464/6 4971/6465/6 4978/6461/6
f 4971/6465/6 4973/6466/6 4978/6461/6
f 4973/6466/6 4975/6467/6 4978/6461/6
f 4975/6467/6 4977/6468/6 4978/6461/6
f 4994/6469/1 4995/6470/1 4996/6471/1 4997/6472/1
f 4998/6473/4 4999/6474/4 5000/6475/4 5001/6476/4
f 5002/6477/3 5003/6478/3 5004/6479/3 5005/6480/3
f 5006/6481/2 5007/6482/2 5008/6483/2 5009/6484/2
f 5010/6485/5 5011/6486/5 5012/6487/5 5013/6488/5
f 5014/6489/5 5015/6490/5 5016/6491/5 5017/6492/5
f 5008/6483/2 5018/6493/2 5019/6494/2 5009/6484/2
f 5020/6495/6 5021/6496/6 5022/6497/6 5023/6498/6
f 5000/6475/4 5024/6499/4 5025/6500/4 5001/6476/4
f 4962/6409/6 5026/6501/6 5027/6502/6 4963/6410/6
f 5026/6501/6 5028/6503/6 5029/6504/6 5027/6502/6
f 5028/6503/6 5030/6505/6 5031/6506/6 5029/6504/6
f 5030/6505/6 5032/6507/6 5033/6508/6 5031/6506/6
f 5032/6507/6 5034/6509/6 5035/6510/6 5033/6508/6
f 5034/6509/6 5036/6511/6 5037/6512/6 5035/6510/6
f 5036/6511/6 5038/6513/6 5039/6514/6 5037/6512/6
f 4924/6349/6 4927/6352/6 5040/6515/6 5041/6516/6
f 5038/6513/6 5041/6516/6 5040/6515/6 5039/6514/6
f 5042/6517/6 4931/6356/6 5043/6518/6 5044/6519/6
f 4983/6430/6 5045/6520/6 5046/6521/6 4984/6431/6
f 5040/6515/6 4927/6352/6 4931/6356/6 5042/6517/6
f 4924/6349/6 5041/6516/6 4987/6434/6 4871/6268/6
f 5047/6522/6 5045/6520/6 5048/6523/6 5049/6524/6
f 5047/6522/6 5050/6525/6 5046/6521/6 5045/6520/6
f 5047/6522/6 5044/6519/6 5043/6518/6 5050/6525/6
f 5049/6524/6 5048/6523/6 4993/6440/6 4992/6439/6
f 5048/6526/6 5045/6527/6 4983/6443/6 4993/6442/6
f 5044/6528/6 5047/6529/6 5049/6530/6 5042/6531/6
f 5027/6532/6 5049/6530/6 4992/6451/6 4963/6450/6
f 5027/6532/6 5029/6533/6 5049/6530/6
f 5029/6533/6 5031/6534/6 5049/6530/6
f 5031/6534/6 5033/6535/6 5042/6531/6 5049/6530/6
f 5033/6535/6 5035/6536/6 5042/6531/6
f 5035/6536/6 5037/6537/6 5042/6531/6
f 5037/6537/6 5039/6538/6 5042/6531/6
f 5042/6531/6 5039/6538/6 5040/6539/6
f 4962/6459/6 4987/6462/6 5041/6540/6 5026/6541/6
f 5026/6541/6 5041/6540/6 5028/6542/6
f 5028/6542/6 5041/6540/6 5030/6543/6
f 5030/6543/6 5041/6540/6 5032/6544/6
f 5032/6544/6 5041/6540/6 5034/6545/6
f 5034/6545/6 5041/6540/6 5036/6546/6
f 5036/6546/6 5041/6540/6 5038/6547/6
f 5051/6548/3 5052/6549/3 5053/6550/3 5054/6551/3
f 5055/6552/4 5056/6553/4 5057/6554/4 5058/6555/4
f 5059/6556/1 5060/6557/1 5061/6558/1 5062/6559/1
f 5063/6560/2 5064/6561/2 5065/6562/2 5066/6563/2
f 5067/6564/5 5068/6565/5 5069/6566/5 5070/6567/5
f 5071/6568/5 5072/6569/5 5016/6491/5 5015/6490/5
f 5065/6562/2 5064/6561/2 5019/6494/2 5018/6493/2
f 5073/6570/6 5074/6571/6 5022/6497/6 5021/6496/6
f 5057/6554/4 5056/6553/4 5025/6500/4 5024/6499/4
f 5075/6572/75 5076/6573/75 5077/6574/75 5078/6575/75
f 5078/6575/76 5077/6574/76 5079/6576/76 5080/6577/76
f 5080/6577/77 5079/6576/77 5081/6578/77 5082/6579/77
f 5082/6579/78 5081/6578/78 5083/6580/78 5084/6581/78
f 5084/6581/79 5083/6580/79 5085/6582/79 5086/6583/79
f 5086/6583/80 5085/6582/80 5087/6584/80 5088/6585/80
f 5088/6585/81 5087/6584/81 5089/6586/81 5090/6587/81
f 5090/6587/82 5089/6586/82 5091/6588/82 5092/6589/82
f 5092/6589/83 5091/6588/83 5093/6590/83 5094/6591/83
f 5094/6591/84 5093/6590/84 5095/6592/84 5096/6593/84
f 5096/6593/85 5095/6592/85 5097/6594/85 5098/6595/85
f 5098/6595/86 5097/6594/86 5099/6596/86 5100/6597/86
f 5100/6597/87 5099/6596/87 5101/6598/87 5102/6599/87
f 5102/6599/88 5101/6598/88 5103/6600/88 5104/6601/88
f 5104/6601/89 5103/6600/89 5105/6602/89 5106/6603/89
f 5106/6603/90 5105/6602/90 5107/6604/90 5108/6605/90
f 5108/6605/91 5107/6604/91 5109/6606/91 5110/6607/91
f 5110/6607/92 5109/6606/92 5111/6608/92 5112/6609/92
f 5112/6609/93 5111/6608/93 5113/6610/93 5114/6611/93
f 5114/6611/94 5113/6610/94 5115/6612/94 5116/6613/94
f 5116/6613/95 5115/6612/95 5117/6614/95 5118/6615/95
f 5118/6615/96 5117/6614/96 5119/6616/96 5120/6617/96
f 5121/6618/85 5122/6619/85 5123/6620/85 5124/6621/85
f 5120/6617/97 5119/6616/97 5125/6622/97 5126/6623/97
f 5126/6623/98 5125/6622/98 5076/6573/98 5075/6572/98
f 5127/6624/4 5128/6625/4 5077/6574/4 5076/6573/4
f 5128/6625/4 5129/6626/4 5079/6576/4 5077/6574/4
f 5129/6626/4 5130/6627/4 5081/6578/4 5079/6576/4
f 5130/6627/4 5131/6628/4 5083/6580/4 5081/6578/4
f 5131/6628/4 5132/6629/4 5085/6582/4 5083/6580/4
f 5132/6629/4 5133/6630/4 5087/6584/4 5085/6582/4
f 5133/6630/4 5134/6631/4 5089/6586/4 5087/6584/4
f 5134/6631/4 5135/6632/4 5091/6588/4 5089/6586/4
f 5135/6632/4 5136/6633/4 5093/6590/4 5091/6588/4
f 5136/6633/4 5137/6634/4 5095/6592/4 5093/6590/4
f 5137/6634/4 5138/6635/4 5097/6594/4 5095/6592/4
f 5138/6635/4 5139/6636/4 5099/6596/4 5097/6594/4
f 5139/6636/4 5140/6637/4 5101/6598/4 5099/6596/4
f 5140/6637/4 5141/6638/4 5103/6600/4 5101/6598/4
f 5141/6638/4 5142/6639/4 5105/6602/4 5103/6600/4
f 5142/6639/4 5143/6640/4 5107/6604/4 5105/6602/4
f 5143/6640/4 5144/6641/4 5109/6606/4 5107/6604/4
f 5144/6641/4 5145/6642/4 5111/6608/4 5109/6606/4
f 5145/6642/4 5146/6643/4 5113/6610/4 5111/6608/4
f 5146/6643/4 5147/6644/4 5115/6612/4 5113/6610/4
f 5147/6644/4 5148/6645/4 5117/6614/4 5115/6612/4
f 5148/6645/4 5122/6619/4 5119/6616/4 5117/6614/4
f 5122/6619/4 5121/6618/4 5125/6622/4 5119/6616/4
f 5121/6618/4 5127/6624/4 5076/6573/4 5125/6622/4
f 5149/6646/4 5150/6647/4 5124/6648/4 5123/6649/4 5151/6650/4 5152/6651/4 5153/6652/4 5154/6653/4 5155/6654/4 5156/6655/4 5157/6656/4 5158/6657/4 5159/6658/4 5160/6659/4 5161/6660/4 5162/6661/4 5163/6662/4 5164/6663/4 5165/6664/4 5166/6665/4 5167/6666/4 5168/6667/4 5169/6668/4 5170/6669/4
f 5128/6625/87 5127/6624/87 5150/6670/87 5149/6671/87
f 5143/6640/99 5142/6639/99 5157/6672/99 5156/6673/99
f 5136/6633/95 5135/6632/95 5164/6674/95 5163/6675/95
f 5127/6624/86 5121/6618/86 5124/6621/86 5150/6670/86
f 5129/6626/88 5128/6625/88 5149/6671/88 5170/6676/88
f 5144/6641/79 5143/6640/79 5156/6673/79 5155/6677/79
f 5137/6634/96 5136/6633/96 5163/6675/96 5162/6678/96
f 5130/6627/100 5129/6626/100 5170/6676/100 5169/6679/100
f 5145/6642/80 5144/6641/80 5155/6677/80 5154/6680/80
f 5138/6635/97 5137/6634/97 5162/6678/97 5161/6681/97
f 5131/6628/90 5130/6627/90 5169/6679/90 5168/6682/90
f 5146/6643/81 5145/6642/81 5154/6680/81 5153/6683/81
f 5139/6636/98 5138/6635/98 5161/6681/98 5160/6684/98
f 5132/6629/91 5131/6628/91 5168/6682/91 5167/6685/91
f 5147/6644/82 5146/6643/82 5153/6683/82 5152/6686/82
f 5140/6637/75 5139/6636/75 5160/6684/75 5159/6687/75
f 5133/6630/92 5132/6629/92 5167/6685/92 5166/6688/92
f 5148/6645/83 5147/6644/83 5152/6686/83 5151/6689/83
f 5141/6638/76 5140/6637/76 5159/6687/76 5158/6690/76
f 5134/6631/93 5133/6630/93 5166/6688/93 5165/6691/93
f 5122/6619/101 5148/6645/101 5151/6689/101 5123/6620/101
f 5142/6639/102 5141/6638/102 5158/6690/102 5157/6672/102
f 5135/6632/94 5134/6631/94 5165/6691/94 5164/6674/94
f 5171/6692/4 5172/6693/4 5173/6694/4
f 5171/6692/4 5174/6695/4 5172/6693/4
f 5171/6692/4 5175/6696/4 5174/6695/4
f 5171/6692/4 5176/6697/4 5175/6696/4
f 5177/6698/4 5178/6699/4 5179/6700/4
f 5177/6698/4 5180/6701/4 5178/6699/4
f 5181/6702/4 5180/6701/4 5177/6698/4
f 5181/6702/4 5182/6703/4 5180/6701/4
f 5183/6704/4 5184/6705/4 5181/6702/4
f 5184/6705/4 5182/6703/4 5181/6702/4
f 5183/6704/103 5185/6706/103 5184/6705/103
f 5186/6707/4 5182/6703/4 5184/6705/4
f 5186/6707/4 5187/6708/4 5182/6703/4
f 5188/6709/4 5185/6706/4 5183/6704/4
f 5189/6710/4 5187/6708/4 5186/6707/4
f 5188/6709/4 5190/6711/4 5185/6706/4
f 5189/6710/4 5191/6712/4 5187/6708/4
f 5192/6713/4 5190/6711/4 5188/6709/4
f 5193/6714/4 5191/6712/4 5189/6710/4
f 5192/6713/4 5194/6715/4 5190/6711/4
f 5195/6716/4 5191/6712/4 5193/6714/4
f 5192/6713/4 5196/6717/4 5194/6715/4
f 5195/6716/4 5197/6718/4 5191/6712/4
f 5198/6719/4 5196/6717/4 5192/6713/4
f 5199/6720/4 5197/6718/4 5195/6716/4
f 5198/6719/4 5200/6721/4 5196/6717/4
f 5199/6720/4 5201/6722/4 5197/6718/4
f 5202/6723/4 5200/6721/4 5198/6719/4
f 5203/6724/4 5201/6722/4 5199/6720/4
f 5202/6723/4 5204/6725/4 5200/6721/4
f 5203/6724/4 5205/6726/4 5201/6722/4
f 5202/6723/4 5206/6727/4 5204/6725/4
f 5207/6728/4 5205/6726/4 5203/6724/4
f 5208/6729/4 5206/6727/4 5202/6723/4
f 5207/6728/4 5209/6730/4 5205/6726/4
f 5210/6731/4 5209/6730/4 5207/6728/4
f 5208/6729/4 5211/6732/4 5206/6727/4
f 5212/6733/4 5211/6732/4 5208/6729/4
f 5213/6734/4 5209/6730/4 5210/6731/4
f 5212/6733/4 5214/6735/4 5211/6732/4
f 5213/6734/4 5215/6736/4 5209/6730/4
f 5216/6737/4 5215/6736/4 5213/6734/4
f 5212/6733/4 5217/6738/4 5214/6735/4
f 5218/6739/4 5217/6738/4 5212/6733/4
f 5219/6740/4 5215/6736/4 5216/6737/4
f 5218/6739/4 5220/6741/4 5217/6738/4
f 5219/6740/4 5221/6742/4 5215/6736/4
f 5222/6743/4 5221/6742/4 5219/6740/4
f 5218/6739/4 5222/6743/4 5220/6741/4
f 5218/6739/4 5221/6742/4 5222/6743/4
f 5223/6744/4 5221/6742/4 5218/6739/4
f 5223/6744/4 5224/6745/4 5221/6742/4
f 5225/6746/4 5224/6745/4 5223/6744/4
f 5225/6746/4 5226/6747/4 5224/6745/4
f 5227/6748/4 5228/6749/4 5229/6750/4
f 5227/6748/4 5230/6751/4 5228/6749/4
f 5231/6752/4 5230/6751/4 5227/6748/4
f 5231/6752/4 5232/6753/4 5230/6751/4
f 5233/6754/4 5234/6755/4 5231/6752/4
f 5234/6755/4 5232/6753/4 5231/6752/4
f 5233/6754/104 5235/6756/104 5234/6755/104
f 5236/6757/105 5232/6753/105 5234/6755/105
f 5237/6758/4 5232/6753/4 5236/6757/4
f 5237/6758/4 5238/6759/4 5232/6753/4
f 5239/6760/4 5235/6756/4 5233/6754/4
f 5240/6761/4 5238/6759/4 5237/6758/4
f 5239/6760/4 5241/6762/4 5235/6756/4
f 5240/6761/4 5242/6763/4 5238/6759/4
f 5243/6764/4 5241/6762/4 5239/6760/4
f 5244/6765/4 5242/6763/4 5240/6761/4
f 5243/6764/4 5245/6766/4 5241/6762/4
f 5246/6767/4 5242/6763/4 5244/6765/4
f 5243/6764/4 5247/6768/4 5245/6766/4
f 5246/6767/4 5248/6769/4 5242/6763/4
f 5249/6770/4 5247/6768/4 5243/6764/4
f 5250/6771/4 5248/6769/4 5246/6767/4
f 5249/6770/4 5251/6772/4 5247/6768/4
f 5250/6771/4 5252/6773/4 5248/6769/4
f 5253/6774/4 5251/6772/4 5249/6770/4
f 5254/6775/4 5252/6773/4 5250/6771/4
f 5253/6774/4 5255/6776/4 5251/6772/4
f 5254/6775/4 5256/6777/4 5252/6773/4
f 5253/6774/4 5257/6778/4 5255/6776/4
f 5258/6779/4 5256/6777/4 5254/6775/4
f 5259/6780/4 5257/6778/4 5253/6774/4
f 5258/6779/4 5260/6781/4 5256/6777/4
f 5261/6782/4 5260/6781/4 5258/6779/4
f 5259/6780/4 5262/6783/4 5257/6778/4
f 5263/6784/4 5262/6783/4 5259/6780/4
f 5264/6785/4 5260/6781/4 5261/6782/4
f 5263/6784/4 5265/6786/4 5262/6783/4
f 5264/6785/4 5266/6787/4 5260/6781/4
f 5267/6788/4 5266/6787/4 5264/6785/4
f 5263/6784/4 5268/6789/4 5265/6786/4
f 5269/6790/4 5268/6789/4 5263/6784/4
f 5270/6791/4 5266/6787/4 5267/6788/4
f 5269/6790/4 5271/6792/4 5268/6789/4
f 5270/6791/4 5272/6793/4 5266/6787/4
f 5273/6794/4 5272/6793/4 5270/6791/4
f 5269/6790/4 5273/6794/4 5271/6792/4
f 5269/6790/4 5272/6793/4 5273/6794/4
f 5274/6795/4 5272/6793/4 5269/6790/4
f 5274/6795/4 5275/6796/4 5272/6793/4
f 5276/6797/4 5275/6796/4 5274/6795/4
f 5276/6797/4 5277/6798/4 5275/6796/4
f 5278/6799/4 5279/6800/4 5280/6801/4
f 5278/6799/4 5281/6802/4 5279/6800/4
f 5282/6803/4 5283/6804/4 5284/6805/4
f 5282/6803/4 5285/6806/4 5283/6804/4
f 5278/6799/4 5286/6807/4 5281/6802/4
f 5286/6807/4 5282/6803/4 5281/6802/4
f 5286/6807/4 5287/6808/4 5282/6803/4
f 5287/6808/4 5285/6806/4 5282/6803/4
f 5278/6799/4 5288/6809/4 5286/6807/4
f 5289/6810/4 5285/6806/4 5287/6808/4
f 5290/6811/4 5291/6812/4 5292/6813/4
f 5290/6811/4 5293/6814/4 5291/6812/4
f 5294/6815/4 5293/6814/4 5290/6811/4
f 5294/6815/4 5295/6816/4 5293/6814/4
f 5294/6815/4 5296/6817/4 5295/6816/4
f 5296/6817/4 5297/6818/4 5295/6816/4
f 5297/6818/4 5298/6819/4 5295/6816/4
f 5298/6819/4 5299/6820/4 5295/6816/4
f 5300/6821/4 5301/6822/4 5294/6815/4
f 5301/6822/4 5296/6817/4 5294/6815/4
f 5300/6821/104 5302/6823/104 5301/6822/104
f 5300/6821/4 5303/6824/4 5302/6823/4
f 5304/6825/4 5303/6824/4 5300/6821/4
f 5304/6825/4 5305/6826/4 5303/6824/4
f 5304/6825/4 5306/6827/4 5305/6826/4
f 5307/6828/4 5306/6827/4 5304/6825/4
f 5307/6828/4 5308/6829/4 5306/6827/4
f 5309/6830/4 5308/6829/4 5307/6828/4
f 5309/6830/4 5310/6831/4 5308/6829/4
f 5309/6830/4 5311/6832/4 5310/6831/4
f 5312/6833/4 5311/6832/4 5309/6830/4
f 5312/6833/4 5313/6834/4 5311/6832/4
f 5312/6833/4 5314/6835/4 5313/6834/4
f 5315/6836/4 5314/6835/4 5312/6833/4
f 5315/6836/4 5316/6837/4 5314/6835/4
f 5317/6838/4 5318/6839/4 5319/6840/4
f 5320/6841/4 5316/6837/4 5315/6836/4
f 5320/6841/4 5321/6842/4 5316/6837/4
f 5322/6843/4 5318/6839/4 5317/6838/4
f 5320/6841/4 5323/6844/4 5321/6842/4
f 5324/6845/4 5318/6839/4 5322/6843/4
f 5320/6841/4 5324/6845/4 5323/6844/4
f 5320/6841/4 5318/6839/4 5324/6845/4
f 5325/6846/4 5318/6839/4 5320/6841/4
f 5325/6846/4 5326/6847/4 5318/6839/4
f 5327/6848/4 5326/6847/4 5325/6846/4
f 5327/6848/4 5328/6849/4 5326/6847/4
f 5327/6848/4 5329/6850/4 5328/6849/4
f 5330/6851/4 5331/6852/4 5332/6853/4
f 5333/6854/4 5331/6852/4 5330/6851/4
f 5333/6854/4 5334/6855/4 5331/6852/4
f 5335/6856/4 5334/6855/4 5333/6854/4
f 5335/6856/4 5336/6857/4 5334/6855/4
f 5335/6856/4 5337/6858/4 5336/6857/4
f 5337/6858/4 5338/6859/4 5336/6857/4
f 5338/6859/4 5339/6860/4 5336/6857/4
f 5339/6860/4 5340/6861/4 5336/6857/4
f 5341/6862/4 5337/6858/4 5335/6856/4
f 5342/6863/4 5337/6858/4 5341/6862/4
f 5343/6864/4 5342/6863/4 5341/6862/4
f 5343/6864/4 5344/6865/4 5342/6863/4
f 5343/6864/4 5345/6866/4 5344/6865/4
f 5343/6864/4 5346/6867/4 5345/6866/4
f 5347/6868/4 5346/6867/4 5343/6864/4
f 5347/6868/4 5348/6869/4 5346/6867/4
f 5347/6868/4 5349/6870/4 5348/6869/4
f 5350/6871/4 5349/6870/4 5347/6868/4
f 5350/6871/4 5351/6872/4 5349/6870/4
f 5352/6873/4 5351/6872/4 5350/6871/4
f 5352/6873/4 5353/6874/4 5351/6872/4
f 5354/6875/4 5353/6874/4 5352/6873/4
f 5354/6875/4 5355/6876/4 5353/6874/4
f 5354/6875/4 5356/6877/4 5355/6876/4
f 5357/6878/4 5356/6877/4 5354/6875/4
f 5357/6878/4 5358/6879/4 5356/6877/4
f 5359/6880/4 5358/6879/4 5357/6878/4
f 5360/6881/4 5361/6882/4 5362/6883/4
f 5363/6884/4 5358/6879/4 5359/6880/4
f 5363/6884/4 5364/6885/4 5358/6879/4
f 5360/6881/4 5365/6886/4 5361/6882/4
f 5366/6887/4 5364/6885/4 5363/6884/4
f 5360/6881/4 5367/6888/4 5365/6886/4
f 5368/6889/4 5364/6885/4 5366/6887/4
f 5360/6881/4 5368/6889/4 5367/6888/4
f 5368/6889/4 5369/6890/4 5364/6885/4
f 5360/6881/4 5369/6890/4 5368/6889/4
f 5360/6881/4 5370/6891/4 5369/6890/4
f 5371/6892/4 5370/6891/4 5360/6881/4
f 5371/6892/4 5372/6893/4 5370/6891/4
f 5373/6894/103 5372/6893/103 5371/6892/103
f 5373/6894/106 5374/6895/106 5372/6893/106
f 5285/6806/107 5375/6896/107 5376/6897/107 5283/6804/107
f 5339/6860/108 5377/6898/108 5378/6899/108 5340/6861/108
f 5232/6753/109 5379/6900/109 5380/6901/109 5230/6751/109
f 5180/6701/110 5381/6902/110 5382/6903/110 5178/6699/110
f 5340/6861/111 5378/6899/111 5383/6904/111 5336/6857/111
f 5231/6752/112 5384/6905/112 5385/6906/112 5233/6754/112
f 5177/6698/113 5386/6907/113 5387/6908/113 5181/6702/113
f 5335/6856/114 5388/6909/114 5389/6910/114 5341/6862/114
f 5282/6803/115 5390/6911/115 5391/6912/115 5281/6802/115
f 5286/6807/116 5392/6913/116 5393/6914/116 5287/6808/116
f 5182/6703/109 5394/6915/109 5381/6902/109 5180/6701/109
f 5342/6863/117 5395/6916/117 5396/6917/117 5337/6858/117
f 5235/6756/118 5397/6918/118 5398/6919/118 5234/6755/118
f 5181/6702/112 5387/6908/112 5399/6920/112 5183/6704/112
f 5234/6755/119 5398/6919/119 5400/6921/119 5236/6757/119
f 5341/6862/120 5389/6910/120 5401/6922/120 5343/6864/120
f 5278/6799/121 5402/6923/121 5403/6924/121 5288/6809/121
f 5288/6809/122 5403/6924/122 5392/6913/122 5286/6807/122
f 5236/6757/123 5400/6921/123 5404/6925/123 5237/6758/123
f 5344/6865/124 5405/6926/124 5395/6916/124 5342/6863/124
f 5287/6808/125 5393/6914/125 5406/6927/125 5289/6810/125
f 5185/6706/126 5407/6928/126 5408/6929/126 5184/6705/126
f 5289/6810/121 5406/6927/121 5375/6896/121 5285/6806/121
f 5184/6705/127 5408/6929/127 5409/6930/127 5186/6707/127
f 5345/6866/128 5410/6931/128 5405/6926/128 5344/6865/128
f 5291/6812/129 5411/6932/129 5412/6933/129 5292/6813/129
f 5292/6813/130 5412/6933/130 5413/6934/130 5290/6811/130
f 5238/6759/131 5414/6935/131 5379/6900/131 5232/6753/131
f 5346/6867/132 5415/6936/132 5410/6931/132 5345/6866/132
f 5233/6754/133 5385/6906/133 5416/6937/133 5239/6760/133
f 5293/6814/134 5417/6938/134 5411/6932/134 5291/6812/134
f 5187/6708/131 5418/6939/131 5394/6915/131 5182/6703/131
f 5343/6864/135 5401/6922/135 5419/6940/135 5347/6868/135
f 5237/6758/136 5404/6925/136 5420/6941/136 5240/6761/136
f 5183/6704/133 5399/6920/133 5421/6942/133 5188/6709/133
f 5290/6811/137 5413/6934/137 5422/6943/137 5294/6815/137
f 5241/6762/138 5423/6944/138 5397/6918/138 5235/6756/138
f 5186/6707/139 5409/6930/139 5424/6945/139 5189/6710/139
f 5348/6869/140 5425/6946/140 5415/6936/140 5346/6867/140
f 5295/6816/141 5426/6947/141 5417/6938/141 5293/6814/141
f 5190/6711/138 5427/6948/138 5407/6928/138 5185/6706/138
f 5349/6870/142 5428/6949/142 5425/6946/142 5348/6869/142
f 5242/6763/143 5429/6950/143 5414/6935/143 5238/6759/143
f 5347/6868/144 5419/6940/144 5430/6951/144 5350/6871/144
f 5296/6817/145 5431/6952/145 5432/6953/145 5297/6818/145
f 5239/6760/146 5416/6937/146 5433/6954/146 5243/6764/146
f 5191/6712/143 5434/6955/143 5418/6939/143 5187/6708/143
f 5297/6818/147 5432/6953/147 5435/6956/147 5298/6819/147
f 5240/6761/148 5420/6941/148 5436/6957/148 5244/6765/148
f 5188/6709/146 5421/6942/146 5437/6958/146 5192/6713/146
f 5351/6872/149 5438/6959/149 5428/6949/149 5349/6870/149
f 5245/6766/150 5439/6960/150 5423/6944/150 5241/6762/150
f 5350/6871/151 5430/6951/151 5440/6961/151 5352/6873/151
f 5298/6819/152 5435/6956/152 5441/6962/152 5299/6820/152
f 5189/6710/153 5424/6945/153 5442/6963/153 5193/6714/153
f 5299/6820/154 5441/6962/154 5426/6947/154 5295/6816/154
f 5194/6715/150 5443/6964/150 5427/6948/150 5190/6711/150
f 5353/6874/155 5444/6965/155 5438/6959/155 5351/6872/155
f 5294/6815/156 5422/6943/156 5445/6966/156 5300/6821/156
f 5244/6765/157 5436/6957/157 5446/6967/157 5246/6767/157
f 5352/6873/158 5440/6961/158 5447/6968/158 5354/6875/158
f 5301/6822/159 5448/6969/159 5431/6952/159 5296/6817/159
f 5193/6714/157 5442/6963/157 5449/6970/157 5195/6716/157
f 5247/6768/160 5450/6971/160 5439/6960/160 5245/6766/160
f 5355/6876/161 5451/6972/161 5444/6965/161 5353/6874/161
f 5302/6823/162 5452/6973/162 5448/6969/162 5301/6822/162
f 5248/6769/163 5453/6974/163 5429/6950/163 5242/6763/163
f 5196/6717/160 5454/6975/160 5443/6964/160 5194/6715/160
f 5243/6764/164 5433/6954/164 5455/6976/164 5249/6770/164
f 5356/6877/165 5456/6977/165 5451/6972/165 5355/6876/165
f 5303/6824/166 5457/6978/166 5452/6973/166 5302/6823/166
f 5197/6718/163 5458/6979/163 5434/6955/163 5191/6712/163
f 5354/6875/167 5447/6968/167 5459/6980/167 5357/6878/167
f 5246/6767/168 5446/6967/168 5460/6981/168 5250/6771/168
f 5192/6713/164 5437/6958/164 5461/6982/164 5198/6719/164
f 5300/6821/169 5445/6966/169 5462/6983/169 5304/6825/169
f 5251/6772/170 5463/6984/170 5450/6971/170 5247/6768/170
f 5195/6716/168 5449/6970/168 5464/6985/168 5199/6720/168
f 5358/6879/171 5465/6986/171 5456/6977/171 5356/6877/171
f 5305/6826/172 5466/6987/172 5457/6978/172 5303/6824/172
f 5357/6878/173 5459/6980/173 5467/6988/173 5359/6880/173
f 5200/6721/170 5468/6989/170 5454/6975/170 5196/6717/170
f 5362/6883/174 5469/6990/174 5470/6991/174 5360/6881/174
f 5252/6773/175 5471/6992/175 5453/6974/175 5248/6769/175
f 5361/6882/176 5472/6993/176 5469/6990/176 5362/6883/176
f 5306/6827/177 5473/6994/177 5466/6987/177 5305/6826/177
f 5249/6770/178 5455/6976/178 5474/6995/178 5253/6774/178
f 5304/6825/179 5462/6983/179 5475/6996/179 5307/6828/179
f 5201/6722/175 5476/6997/175 5458/6979/175 5197/6718/175
f 5359/6880/180 5467/6988/180 5477/6998/180 5363/6884/180
f 5250/6771/181 5460/6981/181 5478/6999/181 5254/6775/181
f 5198/6719/178 5461/6982/178 5479/7000/178 5202/6723/178
f 5308/6829/182 5480/7001/182 5473/6994/182 5306/6827/182
f 5199/6720/181 5464/6985/181 5481/7002/181 5203/6724/181
f 5307/6828/183 5475/6996/183 5482/7003/183 5309/6830/183
f 5255/6776/184 5483/7004/184 5463/6984/184 5251/6772/184
f 5364/6885/185 5484/7005/185 5465/6986/185 5358/6879/185
f 5365/6886/186 5485/7006/186 5472/6993/186 5361/6882/186
f 5256/6777/187 5486/7007/187 5471/6992/187 5252/6773/187
f 5204/6725/188 5487/7008/188 5468/6989/188 5200/6721/188
f 5363/6884/189 5477/6998/189 5488/7009/189 5366/6887/189
f 5310/6831/190 5489/7010/190 5480/7001/190 5308/6829/190
f 5311/6832/191 5490/7011/191 5489/7010/191 5310/6831/191
f 5257/6778/192 5491/7012/192 5483/7004/192 5255/6776/192
f 5205/6726/187 5492/7013/187 5476/6997/187 5201/6722/187
f 5254/6775/193 5478/6999/193 5493/7014/193 5258/6779/193
f 5367/6888/194 5494/7015/194 5485/7006/194 5365/6886/194
f 5309/6830/195 5482/7003/195 5495/7016/195 5312/6833/195
f 5206/6727/192 5496/7017/192 5487/7008/192 5204/6725/192
f 5253/6774/196 5474/6995/196 5497/7018/196 5259/6780/196
f 5203/6724/193 5481/7002/193 5498/7019/193 5207/6728/193
f 5366/6887/197 5488/7009/197 5499/7020/197 5368/6889/197
f 5313/6834/198 5500/7021/198 5490/7011/198 5311/6832/198
f 5202/6723/196 5479/7000/196 5501/7022/196 5208/6729/196
f 5368/6889/199 5499/7020/199 5494/7015/199 5367/6888/199
f 5260/6781/200 5502/7023/200 5486/7007/200 5256/6777/200
f 5314/6835/201 5503/7024/201 5500/7021/201 5313/6834/201
f 5258/6779/202 5493/7014/202 5504/7025/202 5261/6782/202
f 5369/6890/203 5505/7026/203 5484/7005/203 5364/6885/203
f 5312/6833/204 5495/7016/204 5506/7027/204 5315/6836/204
f 5209/6730/200 5507/7028/200 5492/7013/200 5205/6726/200
f 5262/6783/205 5508/7029/205 5491/7012/205 5257/6778/205
f 5207/6728/202 5498/7019/202 5509/7030/202 5210/6731/202
f 5316/6837/206 5510/7031/206 5503/7024/206 5314/6835/206
f 5319/6840/207 5511/7032/207 5512/7033/207 5317/6838/207
f 5259/6780/208 5497/7018/208 5513/7034/208 5263/6784/208
f 5211/6732/205 5514/7035/205 5496/7017/205 5206/6727/205
f 5370/6891/209 5515/7036/209 5505/7026/209 5369/6890/209
f 5360/6881/210 5470/6991/210 5516/7037/210 5371/6892/210
f 5318/6839/211 5517/7038/211 5511/7032/211 5319/6840/211
f 5261/6782/212 5504/7025/212 5518/7039/212 5264/6785/212
f 5208/6729/213 5501/7022/213 5519/7040/213 5212/6733/213
f 5315/6836/214 5506/7027/214 5520/7041/214 5320/6841/214
f 5210/6731/215 5509/7030/215 5521/7042/215 5213/6734/215
f 5372/6893/216 5522/7043/216 5515/7036/216 5370/6891/216
f 5265/6786/217 5523/7044/217 5508/7029/217 5262/6783/217
f 5371/6892/218 5516/7037/218 5524/7045/218 5373/6894/218
f 5321/6842/219 5525/7046/219 5510/7031/219 5316/6837/219
f 5317/6838/220 5512/7033/220 5526/7047/220 5322/6843/220
f 5266/6787/221 5527/7048/221 5502/7023/221 5260/6781/221
f 5214/6735/217 5528/7049/217 5514/7035/217 5211/6732/217
f 5373/6894/222 5524/7045/222 5529/7050/222 5374/6895/222
f 5264/6785/223 5518/7039/223 5530/7051/223 5267/6788/223
f 5374/6895/224 5529/7050/224 5522/7043/224 5372/6893/224
f 5215/6736/221 5531/7052/221 5507/7028/221 5209/6730/221
f 5323/6844/225 5532/7053/225 5525/7046/225 5321/6842/225
f 5268/6789/226 5533/7054/226 5523/7044/226 5265/6786/226
f 5213/6734/223 5521/7042/223 5534/7055/223 5216/6737/223
f 5322/6843/227 5526/7047/227 5535/7056/227 5324/6845/227
f 5263/6784/228 5513/7034/228 5536/7057/228 5269/6790/228
f 5217/6738/226 5537/7058/226 5528/7049/226 5214/6735/226
f 5267/6788/229 5530/7051/229 5538/7059/229 5270/6791/229
f 5212/6733/228 5519/7040/228 5539/7060/228 5218/6739/228
f 5324/6845/230 5535/7056/230 5532/7053/230 5323/6844/230
f 5216/6737/229 5534/7055/229 5540/7061/229 5219/6740/229
f 5320/6841/231 5520/7041/231 5541/7062/231 5325/6846/231
f 5271/6792/232 5542/7063/232 5533/7054/232 5268/6789/232
f 5272/6793/233 5543/7064/233 5527/7048/233 5266/6787/233
f 5220/6741/232 5544/7065/232 5537/7058/232 5217/6738/232
f 5326/6847/234 5545/7066/234 5517/7038/234 5318/6839/234
f 5270/6791/235 5538/7059/235 5546/7067/235 5273/6794/235
f 5325/6846/236 5541/7062/236 5547/7068/236 5327/6848/236
f 5221/6742/233 5548/7069/233 5531/7052/233 5215/6736/233
f 5219/6740/235 5540/7061/235 5549/7070/235 5222/6743/235
f 5328/6849/237 5550/7071/237 5545/7066/237 5326/6847/237
f 5273/6794/238 5546/7067/238 5542/7063/238 5271/6792/238
f 5329/6850/239 5551/7072/239 5550/7071/239 5328/6849/239
f 5269/6790/240 5536/7057/240 5552/7073/240 5274/6795/240
f 5222/6743/238 5549/7070/238 5544/7065/238 5220/6741/238
f 5327/6848/241 5547/7068/241 5551/7072/241 5329/6850/241
f 5332/6853/242 5553/7074/242 5554/7075/242 5330/6851/242
f 5275/6796/243 5555/7076/243 5543/7064/243 5272/6793/243
f 5218/6739/240 5539/7060/240 5556/7077/240 5223/6744/240
f 5331/6852/244 5557/7078/244 5553/7074/244 5332/6853/244
f 5274/6795/245 5552/7073/245 5558/7079/245 5276/6797/245
f 5224/6745/243 5559/7080/243 5548/7069/243 5221/6742/243
f 5330/6851/246 5554/7075/246 5560/7081/246 5333/6854/246
f 5173/6694/247 5561/7082/247 5562/7083/247 5171/6692/247
f 5277/6798/248 5563/7084/248 5555/7076/248 5275/6796/248
f 5223/6744/245 5556/7077/245 5564/7085/245 5225/6746/245
f 5334/6855/249 5565/7086/249 5557/7078/249 5331/6852/249
f 5276/6797/250 5558/7079/250 5563/7084/250 5277/6798/250
f 5172/6693/251 5566/7087/251 5561/7082/251 5173/6694/251
f 5280/6801/247 5567/7088/247 5402/6923/247 5278/6799/247
f 5226/6747/248 5568/7089/248 5559/7080/248 5224/6745/248
f 5333/6854/252 5560/7081/252 5388/6909/252 5335/6856/252
f 5225/6746/250 5564/7085/250 5568/7089/250 5226/6747/250
f 5174/6695/253 5569/7090/253 5566/7087/253 5172/6693/253
f 5279/6800/251 5570/7091/251 5567/7088/251 5280/6801/251
f 5228/6749/254 5571/7092/254 5572/7093/254 5229/6750/254
f 5229/6750/255 5572/7093/255 5573/7094/255 5227/6748/255
f 5175/6696/256 5574/7095/256 5569/7090/256 5174/6695/256
f 5336/6857/257 5383/6904/257 5565/7086/257 5334/6855/257
f 5281/6802/258 5391/6912/258 5570/7091/258 5279/6800/258
f 5171/6692/121 5562/7083/121 5575/7096/121 5176/6697/121
f 5284/6805/259 5576/7097/259 5390/6911/259 5282/6803/259
f 5176/6697/107 5575/7096/107 5574/7095/107 5175/6696/107
f 5337/6858/260 5396/6917/260 5577/7098/260 5338/6859/260
f 5230/6751/110 5380/6901/110 5571/7092/110 5228/6749/110
f 5178/6699/254 5382/6903/254 5578/7099/254 5179/6700/254
f 5283/6804/251 5376/6897/251 5576/7097/251 5284/6805/251
f 5227/6748/113 5573/7094/113 5384/6905/113 5231/6752/113
f 5179/6700/255 5578/7099/255 5386/6907/255 5177/6698/255
f 5338/6859/261 5577/7098/261 5377/6898/261 5339/6860/261
f 5579/7100/262 5580/7101/262 5581/7102/262 5582/7103/262
f 5582/7103/2 5581/7102/2 5583/7104/2 5584/7105/2
f 5583/7104/263 5585/7106/263 5586/7107/263 5587/7108/263
f 5588/7109/4 5585/7106/4 5580/7101/4 5579/7100/4
f 5582/7103/264 5584/7105/264 5588/7109/264 5579/7100/264
f 5583/7104/2 5581/7102/2 5589/7110/2 5590/7111/2
f 5590/7111/263 5589/7110/263 5591/7112/263 5592/7113/263
f 5585/7106/265 5583/7104/265 5590/7111/265 5592/7113/265
f 5581/7102/262 5580/7101/262 5591/7112/262 5589/7110/262
f 5580/7101/4 5585/7106/4 5592/7113/4 5591/7112/4
f 5593/7114/266 5587/7108/266 5586/7107/266 5594/7115/266
f 5584/7105/2 5583/7104/2 5587/7108/2 5593/7114/2
f 5585/7106/4 5588/7109/4 5594/7115/4 5586/7107/4
f 5588/7109/267 5584/7105/267 5593/7114/267 5594/7115/267
f 5595/7116/98 5596/7117/98 5597/7118/98 5598/7119/98
f 5598/7119/97 5597/7118/97 5599/7120/97 5600/7121/97
f 5600/7121/96 5599/7120/96 5601/7122/96 5602/7123/96
f 5602/7123/95 5601/7122/95 5603/7124/95 5604/7125/95
f 5604/7125/94 5603/7124/94 5605/7126/94 5606/7127/94
f 5606/7127/93 5605/7126/93 5607/7128/93 5608/7129/93
f 5608/7129/92 5607/7128/92 5609/7130/92 5610/7131/92
f 5610/7131/91 5609/7130/91 5611/7132/91 5612/7133/91
f 5612/7133/90 5611/7132/90 5613/7134/90 5614/7135/90
f 5614/7135/100 5613/7134/100 5615/7136/100 5616/7137/100
f 5616/7137/88 5615/7136/88 5617/7138/88 5618/7139/88
f 5618/7139/87 5617/7138/87 5619/7140/87 5620/7141/87
f 5620/7141/86 5619/7140/86 5621/7142/86 5622/7143/86
f 5622/7143/85 5621/7142/85 5623/7144/85 5624/7145/85
f 5624/7145/101 5623/7144/101 5625/7146/101 5626/7147/101
f 5626/7147/83 5625/7146/83 5627/7148/83 5628/7149/83
f 5628/7149/82 5627/7148/82 5629/7150/82 5630/7151/82
f 5630/7151/81 5629/7150/81 5631/7152/81 5632/7153/81
f 5632/7153/80 5631/7152/80 5633/7154/80 5634/7155/80
f 5634/7155/79 5633/7154/79 5635/7156/79 5636/7157/79
f 5636/7157/78 5635/7156/78 5637/7158/78 5638/7159/78
f 5638/7159/77 5637/7158/77 5639/7160/77 5640/7161/77
f 5641/7162/88 5642/7163/88 5643/7164/88 5644/7165/88
f 5640/7161/76 5639/7160/76 5645/7166/76 5646/7167/76
f 5646/7167/75 5645/7166/75 5596/7117/75 5595/7116/75
f 5647/7168/2 5648/7169/2 5597/7118/2 5596/7117/2
f 5648/7169/2 5649/7170/2 5599/7120/2 5597/7118/2
f 5649/7170/2 5650/7171/2 5601/7122/2 5599/7120/2
f 5650/7171/2 5651/7172/2 5603/7124/2 5601/7122/2
f 5651/7172/2 5652/7173/2 5605/7126/2 5603/7124/2
f 5652/7173/2 5653/7174/2 5607/7128/2 5605/7126/2
f 5653/7174/2 5654/7175/2 5609/7130/2 5607/7128/2
f 5654/7175/2 5655/7176/2 5611/7132/2 5609/7130/2
f 5655/7176/2 5656/7177/2 5613/7134/2 5611/7132/2
f 5656/7177/2 5657/7178/2 5615/7136/2 5613/7134/2
f 5657/7178/2 5658/7179/2 5617/7138/2 5615/7136/2
f 5658/7179/2 5659/7180/2 5619/7140/2 5617/7138/2
f 5659/7180/2 5660/7181/2 5621/7142/2 5619/7140/2
f 5660/7181/2 5661/7182/2 5623/7144/2 5621/7142/2
f 5661/7182/2 5662/7183/2 5625/7146/2 5623/7144/2
f 5662/7183/2 5663/7184/2 5627/7148/2 5625/7146/2
f 5663/7184/2 5664/7185/2 5629/7150/2 5627/7148/2
f 5664/7185/2 5665/7186/2 5631/7152/2 5629/7150/2
f 5665/7186/2 5666/7187/2 5633/7154/2 5631/7152/2
f 5666/7187/2 5667/7188/2 5635/7156/2 5633/7154/2
f 5667/7188/2 5668/7189/2 5637/7158/2 5635/7156/2
f 5668/7189/2 5642/7163/2 5639/7160/2 5637/7158/2
f 5642/7163/2 5641/7162/2 5645/7166/2 5639/7160/2
f 5641/7162/2 5647/7168/2 5596/7117/2 5645/7166/2
f 5669/7190/2 5670/7191/2 5644/7192/2 5643/7193/2 5671/7194/2 5672/7195/2 5673/7196/2 5674/7197/2 5675/7198/2 5676/7199/2 5677/7200/2 5678/7201/2 5679/7202/2 5680/7203/2 5681/7204/2 5682/7205/2 5683/7206/2 5684/7207/2 5685/7208/2 5686/7209/2 5687/7210/2 5688/7211/2 5689/7212/2 5690/7213/2
f 5648/7169/86 5647/7168/86 5670/7214/86 5669/7215/86
f 5663/7184/268 5662/7183/268 5677/7216/268 5676/7217/268
f 5656/7177/99 5655/7176/99 5684/7218/99 5683/7219/99
f 5647/7168/87 5641/7162/87 5644/7165/87 5670/7214/87
f 5649/7170/85 5648/7169/85 5669/7215/85 5690/7220/85
f 5664/7185/94 5663/7184/94 5676/7217/94 5675/7221/94
f 5657/7178/102 5656/7177/102 5683/7219/102 5682/7222/102
f 5650/7171/101 5649/7170/101 5690/7220/101 5689/7223/101
f 5665/7186/93 5664/7185/93 5675/7221/93 5674/7224/93
f 5658/7179/76 5657/7178/76 5682/7222/76 5681/7225/76
f 5651/7172/269 5650/7171/269 5689/7223/269 5688/7226/269
f 5666/7187/92 5665/7186/92 5674/7224/92 5673/7227/92
f 5659/7180/75 5658/7179/75 5681/7225/75 5680/7228/75
f 5652/7173/82 5651/7172/82 5688/7226/82 5687/7229/82
f 5667/7188/91 5666/7187/91 5673/7227/91 5672/7230/91
f 5660/7181/98 5659/7180/98 5680/7228/98 5679/7231/98
f 5653/7174/81 5652/7173/81 5687/7229/81 5686/7232/81
f 5668/7189/90 5667/7188/90 5672/7230/90 5671/7233/90
f 5661/7182/97 5660/7181/97 5679/7231/97 5678/7234/97
f 5654/7175/80 5653/7174/80 5686/7232/80 5685/7235/80
f 5642/7163/100 5668/7189/100 5671/7233/100 5643/7164/100
f 5662/7183/96 5661/7182/96 5678/7234/96 5677/7216/96
f 5655/7176/79 5654/7175/79 5685/7235/79 5684/7218/79
f 5691/7236/270 5692/7237/270 5693/7238/270 5694/7239/270
f 5694/7239/4 5693/7238/4 5695/7240/4 5696/7241/4
f 5695/7240/271 5697/7242/271 5698/7243/271 5699/7244/271
f 5700/7245/2 5697/7242/2 5692/7237/2 5691/7236/2
f 5694/7239/272 5696/7241/272 5700/7245/272 5691/7236/272
f 5695/7240/4 5693/7238/4 5701/7246/4 5702/7247/4
f 5702/7247/271 5701/7246/271 5703/7248/271 5704/7249/271
f 5697/7242/273 5695/7240/273 5702/7247/273 5704/7249/273
f 5693/7238/274 5692/7237/274 5703/7248/274 5701/7246/274
f 5692/7237/2 5697/7242/2 5704/7249/2 5703/7248/2
f 5705/7250/273 5699/7244/273 5698/7243/273 5706/7251/273
f 5696/7241/4 5695/7240/4 5699/7244/4 5705/7250/4
f 5697/7242/2 5700/7245/2 5706/7251/2 5698/7243/2
f 5700/7245/275 5696/7241/275 5705/7250/275 5706/7251/275
s 1
f 5707/7252/5 5708/7253/5 5709/7254/5 5710/7255/5
f 5711/7256/5 5712/7257/5 5713/7258/5 5714/7259/5
f 5715/7260/1 5716/7261/1 5717/7262/1 5718/7263/1
f 5719/7264/2 5720/7265/276 5721/7266/276 5722/7267/2
f 5723/7268/3 5724/7269/3 5725/7270/3 5726/7271/3
f 5727/7272/4 5728/7273/277 5729/7274/277 5730/7275/4
f 5717/7262/1 5716/7261/1 5731/7276/1 5732/7277/1
f 5733/7278/3 5734/7279/3 5735/7280/3 5736/7281/3
f 5729/7274/277 5728/7273/277 5737/7282/278 5738/7283/278
f 5721/7266/276 5720/7265/276 5739/7284/279 5740/7285/279
f 5725/7270/3 5724/7269/3 5734/7279/3 5733/7278/3
f 5741/7286/280 5742/7287/280 5743/7288/281 5744/7289/281
f 5732/7277/1 5731/7276/1 5745/7290/1 5746/7291/1
f 5738/7283/278 5737/7282/278 5742/7287/280 5741/7286/280
f 5740/7285/279 5739/7284/279 5747/7292/282 5748/7293/282
f 5749/7294/3 5750/7295/3 5751/7296/3 5752/7297/3
f 5748/7293/282 5747/7292/282 5753/7298/283 5754/7299/283
f 5736/7281/3 5735/7280/3 5750/7295/3 5749/7294/3
f 5746/7291/1 5745/7290/1 5755/7300/1 5756/7301/1
f 5757/7302/2 5758/7303/2 5759/7304/2 5760/7305/2
f 5756/7301/1 5755/7300/1 5761/7306/1 5762/7307/1
f 5744/7289/281 5743/7288/281 5763/7308/284 5764/7309/284
f 5754/7299/283 5753/7298/283 5765/7310/285 5766/7311/285
f 5767/7312/2 5757/7302/2 5760/7305/2 5768/7313/2
f 5758/7303/2 5769/7314/2 5770/7315/2 5759/7304/2
f 5771/7316/3 5772/7317/3 5773/7318/3 5774/7319/3
f 5775/7320/1 5776/7321/1 5777/7322/1 5778/7323/1
f 5779/7324/5 5780/7325/5 5781/7326/5 5782/7327/5
f 5783/7328/6 5784/7329/6 5785/7330/6 5786/7331/6
f 5769/7314/2 5767/7312/2 5768/7313/2 5770/7315/2
f 5787/7332/4 5788/7333/4 5789/7334/4 5790/7335/4
f 5791/7336/4 5792/7337/4 5793/7338/4 5794/7339/4
f 5792/7337/4 5795/7340/4 5796/7341/4 5793/7338/4
f 5797/7342/4 5791/7336/4 5794/7339/4 5798/7343/4
f 5795/7340/4 5797/7342/4 5798/7343/4 5796/7341/4
f 5788/7344/4 5787/7345/4 5792/7346/4 5791/7347/4
f 5787/7345/4 5790/7348/4 5795/7349/4 5792/7346/4
f 5789/7350/4 5788/7344/4 5791/7347/4 5797/7351/4
f 5790/7348/4 5789/7350/4 5797/7351/4 5795/7349/4
f 5799/7352/286 5800/7353/287 5801/7354/287 5802/7355/286
f 5803/7356/288 5804/7357/289 5805/7358/289 5806/7359/288
f 5807/7360/290 5808/7361/291 5809/7362/291 5810/7363/292
f 5811/7364/293 5812/7365/294 5813/7366/294 5814/7367/293
f 5800/7353/287 5815/7368/295 5816/7369/296 5801/7354/287
f 5804/7357/289 5817/7370/297 5818/7371/297 5805/7358/289
f 5808/7361/291 5819/7372/298 5820/7373/298 5809/7362/291
f 5812/7365/294 5821/7374/299 5822/7375/300 5813/7366/294
f 5815/7368/295 5823/7376/301 5824/7377/301 5816/7369/296
f 5817/7370/297 5825/7378/302 5826/7379/302 5818/7371/297
f 5819/7372/298 5827/7380/303 5828/7381/303 5820/7373/298
f 5821/7374/299 5829/7382/304 5830/7383/304 5822/7375/300
f 5825/7378/302 5831/7384/305 5832/7385/306 5826/7379/302
f 5827/7380/303 5833/7386/307 5834/7387/308 5828/7381/303
f 5835/7388/309 5836/7389/309 5837/7390/309 5838/7391/309
f 5839/7392/310 5840/7393/311 5841/7394/312 5842/7395/310
f 5831/7384/305 5843/7396/313 5844/7397/314 5832/7385/306
f 5833/7386/307 5845/7398/315 5846/7399/316 5834/7387/308
f 5847/7400/317 5848/7401/318 5849/7402/319 5850/7403/317
f 5840/7393/311 5851/7404/320 5852/7405/320 5841/7394/312
f 5843/7396/313 5853/7406/321 5854/7407/321 5844/7397/314
f 5845/7398/315 5855/7408/322 5856/7409/322 5846/7399/316
f 5848/7401/318 5857/7410/323 5858/7411/324 5849/7402/319
f 5851/7404/320 5859/7412/325 5860/7413/325 5852/7405/320
f 5853/7406/321 5861/7414/326 5862/7415/326 5854/7407/321
f 5855/7408/322 5863/7416/327 5864/7417/327 5856/7409/322
f 5857/7410/323 5865/7418/328 5866/7419/328 5858/7411/324
f 5859/7412/325 5867/7420/329 5868/7421/329 5860/7413/325
f 5861/7414/326 5869/7422/330 5870/7423/330 5862/7415/326
f 5863/7416/327 5871/7424/331 5872/7425/331 5864/7417/327
f 5865/7418/328 5873/7426/332 5874/7427/332 5866/7419/328
f 5867/7420/329 5875/7428/333 5876/7429/333 5868/7421/329
f 5869/7422/330 5877/7430/334 5878/7431/334 5870/7423/330
f 5871/7424/331 5879/7432/335 5880/7433/335 5872/7425/331
f 5873/7426/332 5881/7434/336 5882/7435/336 5874/7427/332
f 5875/7428/333 5883/7436/337 5884/7437/337 5876/7429/333
f 5877/7430/334 5885/7438/338 5886/7439/338 5878/7431/334
f 5879/7432/335 5887/7440/339 5888/7441/339 5880/7433/335
f 5881/7434/336 5889/7442/340 5890/7443/340 5882/7435/336
f 5883/7436/337 5891/7444/341 5892/7445/341 5884/7437/337
f 5885/7438/338 5893/7446/342 5894/7447/342 5886/7439/338
f 5887/7440/339 5895/7448/343 5896/7449/343 5888/7441/339
f 5889/7442/340 5897/7450/344 5898/7451/344 5890/7443/340
f 5891/7444/341 5899/7452/345 5900/7453/345 5892/7445/341
f 5893/7446/342 5901/7454/346 5902/7455/346 5894/7447/342
f 5895/7448/343 5903/7456/347 5904/7457/348 5896/7449/343
f 5897/7450/344 5905/7458/349 5906/7459/349 5898/7451/344
f 5899/7452/345 5907/7460/350 5908/7461/350 5900/7453/345
f 5901/7454/346 5909/7462/351 5910/7463/351 5902/7455/346
f 5903/7456/347 5911/7464/352 5912/7465/352 5904/7457/348
f 5905/7458/349 5913/7466/353 5914/7467/353 5906/7459/349
f 5907/7460/350 5915/7468/354 5916/7469/354 5908/7461/350
f 5909/7462/351 5917/7470/355 5918/7471/355 5910/7463/351
f 5911/7464/352 5919/7472/356 5920/7473/356 5912/7465/352
f 5913/7466/353 5921/7474/357 5922/7475/357 5914/7467/353
f 5915/7468/354 5923/7476/358 5924/7477/358 5916/7469/354
f 5917/7470/355 5925/7478/359 5926/7479/359 5918/7471/355
f 5919/7472/356 5927/7480/360 5928/7481/360 5920/7473/356
f 5921/7474/357 5929/7482/361 5930/7483/361 5922/7475/357
f 5923/7476/358 5799/7352/286 5802/7355/286 5924/7477/358
f 5925/7478/359 5803/7356/288 5806/7359/288 5926/7479/359
f 5927/7480/360 5807/7360/290 5810/7363/292 5928/7481/360
f 5929/7482/361 5811/7364/293 5814/7367/293 5930/7483/361
f 5931/7484/2 5932/7485/2 5933/7486/362 5934/7487/362
f 5935/7488/363 5936/7489/363 5932/7485/2 5931/7484/2
f 5937/7490/364 5938/7491/364 5939/7492/364 5940/7493/364
f 5941/7494/365 5942/7495/365 5943/7496/365 5944/7497/365
f 5945/7498/366 5946/7499/366 5947/7500/366 5948/7501/366
f 5949/7502/367 5950/7503/367 5951/7504/368 5952/7505/368
f 5953/7506/369 5954/7507/369 5955/7508/370 5956/7509/370
f 5957/7510/371 5958/7511/371 5959/7512/372 5960/7513/372
f 5952/7505/368 5951/7504/368 5961/7514/373 5962/7515/374
f 5956/7509/370 5955/7508/370 5963/7516/375 5964/7517/376
f 5960/7513/372 5959/7512/372 5965/7518/377 5966/7519/378
f 5962/7515/374 5961/7514/373 5967/7520/379 5968/7521/379
f 5964/7517/376 5963/7516/375 5969/7522/380 5970/7523/381
f 5966/7519/378 5965/7518/377 5971/7524/382 5972/7525/383
f 5971/7524/382 5973/7526/384 5974/7527/384 5975/7528/385
f 5970/7523/381 5969/7522/380 5976/7529/386 5977/7530/387
f 5972/7525/383 5971/7524/382 5975/7528/385 5978/7531/388
f 5979/7532/389 5980/7533/389 5981/7534/389 5982/7535/389
f 5983/7536/390 5984/7537/390 5985/7538/391 5986/7539/392
f 5977/7530/387 5976/7529/386 5987/7540/393 5988/7541/394
f 5978/7531/388 5975/7528/385 5989/7542/395 5990/7543/396
f 5986/7539/392 5985/7538/391 5991/7544/397 5992/7545/397
f 5988/7541/394 5987/7540/393 5993/7546/398 5994/7547/398
f 5990/7543/396 5989/7542/395 5995/7548/399 5996/7549/399
f 5992/7545/397 5991/7544/397 5997/7550/400 5998/7551/400
f 5994/7547/398 5993/7546/398 5999/7552/401 6000/7553/401
f 5996/7549/399 5995/7548/399 6001/7554/402 6002/7555/402
f 5998/7551/400 5997/7550/400 6003/7556/403 6004/7557/403
f 6000/7553/401 5999/7552/401 6005/7558/404 6006/7559/404
f 6002/7555/402 6001/7554/402 6007/7560/405 6008/7561/405
f 6004/7557/403 6003/7556/403 6009/7562/406 6010/7563/406
f 6006/7559/404 6005/7558/404 6011/7564/407 6012/7565/407
f 6008/7561/405 6007/7560/405 6013/7566/408 6014/7567/408
f 6010/7563/406 6009/7562/406 6015/7568/409 6016/7569/409
f 6012/7565/407 6011/7564/407 6017/7570/410 6018/7571/410
f 6014/7567/408 6013/7566/408 6019/7572/411 6020/7573/411
f 6016/7569/409 6015/7568/409 6021/7574/412 6022/7575/412
f 6018/7571/410 6017/7570/410 6023/7576/413 6024/7577/413
f 6020/7573/411 6019/7572/411 6025/7578/414 6026/7579/414
f 6022/7575/412 6021/7574/412 6027/7580/415 6028/7581/415
f 6024/7577/413 6023/7576/413 6029/7582/416 6030/7583/416
f 6026/7579/414 6025/7578/414 6031/7584/417 6032/7585/417
f 6028/7581/415 6027/7580/415 6033/7586/418 6034/7587/418
f 6030/7583/416 6029/7582/416 6035/7588/419 6036/7589/419
f 6032/7585/417 6031/7584/417 6037/7590/420 6038/7591/420
f 6034/7587/418 6033/7586/418 6039/7592/421 6040/7593/421
f 6036/7589/419 6035/7588/419 6041/7594/422 6042/7595/422
f 6038/7591/420 6037/7590/420 6043/7596/423 6044/7597/423
f 6040/7593/421 6039/7592/421 6045/7598/424 6046/7599/424
f 6042/7595/422 6041/7594/422 6047/7600/425 6048/7601/425
f 6044/7597/423 6043/7596/423 6049/7602/426 6050/7603/426
f 6046/7599/424 6045/7598/424 5950/7503/367 5949/7502/367
f 6048/7601/425 6047/7600/425 5954/7507/369 5953/7506/369
f 6050/7603/426 6049/7602/426 5958/7511/371 5957/7510/371
f 6051/7604/2 6052/7605/362 6053/7606/362 6054/7607/2
f 6055/7608/363 6051/7604/2 6054/7607/2 6056/7609/363
f 6057/7610/427 6058/7611/427 6059/7612/427 6060/7613/427
f 6061/7614/428 6062/7615/428 6063/7616/428 6064/7617/428
f 5977/7530/387 6065/7618/429 6066/7619/429 5970/7523/381
f 6067/7620/430 6068/7621/430 6069/7622/430 6070/7623/430
f 6071/7624/1 6072/7625/1 6073/7626/1 6074/7627/1
f 6075/7628/4 6076/7629/4 6077/7630/431 6078/7631/431
f 6079/7632/3 6080/7633/3 6081/7634/3 6082/7635/3
f 6083/7636/2 6084/7637/2 6085/7638/432 6086/7639/432
f 6073/7626/1 6087/7640/1 6088/7641/1 6074/7627/1
f 6089/7642/3 6090/7643/3 6091/7644/3 6092/7645/3
f 6085/7638/432 6093/7646/433 6094/7647/433 6086/7639/432
f 6077/7630/431 6095/7648/434 6096/7649/434 6078/7631/431
f 6081/7634/3 6089/7642/3 6092/7645/3 6082/7635/3
f 6097/7650/435 6098/7651/436 6099/7652/436 6100/7653/435
f 6087/7640/1 6101/7654/1 6102/7655/1 6088/7641/1
f 6093/7646/433 6097/7650/435 6100/7653/435 6094/7647/433
f 6095/7648/434 6103/7656/437 6104/7657/437 6096/7649/434
f 6105/7658/3 6106/7659/3 6107/7660/3 6108/7661/3
f 6103/7656/437 6109/7662/438 6110/7663/438 6104/7657/437
f 6090/7643/3 6105/7658/3 6108/7661/3 6091/7644/3
f 6101/7654/1 6111/7664/1 6112/7665/1 6102/7655/1
f 6111/7664/1 6113/7666/1 6114/7667/1 6112/7665/1
f 6098/7651/436 6115/7668/439 6116/7669/439 6099/7652/436
f 6109/7662/438 6117/7670/440 6118/7671/440 6110/7663/438
f 6119/7672/3 6120/7673/3 6121/7674/3 6122/7675/3
f 6123/7676/5 6124/7677/5 6125/7678/5 6126/7679/5
f 6127/7680/6 6128/7681/6 6129/7682/6 6130/7683/6
f 6131/7684/2 6132/7685/2 6133/7686/2 6134/7687/2
f 6135/7688/2 6136/7689/2 6137/7690/2 6138/7691/2
f 6138/7691/2 6137/7690/2 6139/7692/2 6140/7693/2
f 6141/7694/2 6142/7695/2 6136/7689/2 6135/7688/2
f 6140/7693/2 6139/7692/2 6142/7695/2 6141/7694/2
f 6134/7696/2 6135/7697/2 6138/7698/2 6131/7699/2
f 6131/7699/2 6138/7698/2 6140/7700/2 6132/7701/2
f 6133/7702/2 6141/7703/2 6135/7697/2 6134/7696/2
f 6132/7701/2 6140/7700/2 6141/7703/2 6133/7702/2
f 6143/7704/441 6144/7705/442 6145/7706/443 6146/7707/443
f 6147/7708/444 6148/7709/445 6149/7710/446 6150/7711/446
f 6151/7712/405 6152/7713/405 6153/7714/447 6154/7715/447
f 6155/7716/448 6156/7717/448 6157/7718/449 6158/7719/449
f 6146/7707/443 6145/7706/443 6159/7720/450 6160/7721/450
f 6150/7711/446 6149/7710/446 6161/7722/451 6162/7723/451
f 6154/7715/447 6153/7714/447 6163/7724/452 6164/7725/453
f 6158/7719/449 6157/7718/449 6165/7726/454 6166/7727/455
f 6160/7721/450 6159/7720/450 6167/7728/456 6168/7729/456
f 6162/7723/451 6161/7722/451 6169/7730/457 6170/7731/457
f 6164/7725/453 6163/7724/452 6171/7732/458 6172/7733/459
f 6166/7727/455 6165/7726/454 6173/7734/460 6174/7735/460
f 6171/7732/458 6175/7736/461 6176/7737/461 6177/7738/462
f 6168/7729/456 6167/7728/456 6178/7739/463 6179/7740/464
f 6170/7731/457 6169/7730/457 6180/7741/465 6181/7742/466
f 6172/7733/459 6171/7732/458 6177/7738/462 6182/7743/467
f 6179/7740/464 6178/7739/463 6183/7744/468 6184/7745/469
f 6181/7742/466 6180/7741/465 6185/7746/470 6186/7747/471
f 6182/7743/467 6177/7738/462 6187/7748/472 6188/7749/473
f 6189/7750/474 6190/7751/474 6191/7752/475 6192/7753/476
f 6184/7745/469 6183/7744/468 6193/7754/477 6194/7755/477
f 6186/7747/471 6185/7746/470 6195/7756/478 6196/7757/478
f 6188/7749/473 6187/7748/472 6197/7758/479 6198/7759/479
f 6192/7753/476 6191/7752/475 6199/7760/480 6200/7761/480
f 6194/7755/477 6193/7754/477 6201/7762/481 6202/7763/481
f 6196/7757/478 6195/7756/478 6203/7764/482 6204/7765/482
f 6198/7759/479 6197/7758/479 6205/7766/426 6206/7767/426
f 6200/7761/480 6199/7760/480 6207/7768/483 6208/7769/483
f 6202/7763/481 6201/7762/481 6209/7770/484 6210/7771/484
f 6204/7765/482 6203/7764/482 6211/7772/485 6212/7773/486
f 6206/7767/426 6205/7766/426 6213/7774/371 6214/7775/371
f 6208/7769/483 6207/7768/483 6215/7776/487 6216/7777/487
f 6210/7771/484 6209/7770/484 6217/7778/488 6218/7779/488
f 6212/7773/486 6211/7772/485 6219/7780/489 6220/7781/489
f 6214/7775/371 6213/7774/371 6221/7782/490 6222/7783/490
f 6216/7777/487 6215/7776/487 6223/7784/491 6224/7785/491
f 6218/7779/488 6217/7778/488 6225/7786/492 6226/7787/492
f 6220/7781/489 6219/7780/489 6227/7788/493 6228/7789/493
f 6222/7783/490 6221/7782/490 6229/7790/494 6230/7791/494
f 6224/7785/491 6223/7784/491 6231/7792/495 6232/7793/495
f 6226/7787/492 6225/7786/492 6233/7794/496 6234/7795/496
f 6228/7789/493 6227/7788/493 6235/7796/497 6236/7797/497
f 6230/7791/494 6229/7790/494 6237/7798/498 6238/7799/498
f 6232/7793/495 6231/7792/495 6239/7800/499 6240/7801/499
f 6234/7795/496 6233/7794/496 6241/7802/500 6242/7803/501
f 6236/7797/497 6235/7796/497 6243/7804/502 6244/7805/503
f 6238/7799/498 6237/7798/498 6245/7806/504 6246/7807/504
f 6240/7801/499 6239/7800/499 6247/7808/505 6248/7809/505
f 6242/7803/501 6241/7802/500 6249/7810/506 6250/7811/506
f 6244/7805/503 6243/7804/502 6251/7812/507 6252/7813/507
f 6246/7807/504 6245/7806/504 6253/7814/508 6254/7815/508
f 6248/7809/505 6247/7808/505 6255/7816/509 6256/7817/509
f 6250/7811/506 6249/7810/506 6257/7818/510 6258/7819/510
f 6252/7813/507 6251/7812/507 6259/7820/511 6260/7821/511
f 6254/7815/508 6253/7814/508 6261/7822/512 6262/7823/512
f 6256/7817/509 6255/7816/509 6263/7824/513 6264/7825/513
f 6258/7819/510 6257/7818/510 6265/7826/514 6266/7827/514
f 6260/7821/511 6259/7820/511 6267/7828/515 6268/7829/515
f 6262/7823/512 6261/7822/512 6269/7830/402 6270/7831/402
f 6264/7825/513 6263/7824/513 6271/7832/516 6272/7833/516
f 6266/7827/514 6265/7826/514 6144/7705/442 6143/7704/441
f 6268/7829/515 6267/7828/515 6148/7709/445 6147/7708/444
f 6270/7831/402 6269/7830/402 6152/7713/405 6151/7712/405
f 6272/7833/516 6271/7832/516 6156/7717/448 6155/7716/448
f 6273/7834/4 6274/7835/517 6275/7836/517 6276/7837/4
f 6277/7838/518 6273/7834/4 6276/7837/4 6278/7839/518
f 6279/7840/366 6280/7841/366 6281/7842/366 6282/7843/366
f 6283/7844/4 6284/7845/4 6285/7846/4 6286/7847/4
f 6287/7848/4 6283/7844/4 6286/7847/4 6288/7849/4
f 6284/7845/4 6289/7850/4 6290/7851/4 6285/7846/4
f 6291/7852/1 6292/7853/1 6293/7854/1 6294/7855/1
f 6289/7850/4 6287/7848/4 6288/7849/4 6290/7851/4
f 6295/7856/329 6296/7857/519 6297/7858/519 6298/7859/329
f 6299/7860/520 6300/7861/521 6301/7862/521 6302/7863/520
f 6296/7857/519 6303/7864/522 6304/7865/523 6297/7858/519
f 6300/7861/521 6305/7866/524 6306/7867/525 6301/7862/521
f 6303/7864/522 6307/7868/526 6308/7869/526 6304/7865/523
f 6305/7866/524 6309/7870/527 6310/7871/528 6306/7867/525
f 6309/7870/527 6311/7872/529 6312/7873/530 6310/7871/528
f 6313/7874/389 6314/7875/389 6315/7876/389 6316/7877/389
f 6317/7878/531 6318/7879/532 6319/7880/533 6320/7881/531
f 6311/7872/529 6321/7882/534 6322/7883/535 6312/7873/530
f 6318/7879/532 6323/7884/536 6324/7885/536 6319/7880/533
f 6321/7882/534 6325/7886/537 6326/7887/537 6322/7883/535
f 6323/7884/536 6327/7888/358 6328/7889/358 6324/7885/536
f 6325/7886/537 6329/7890/538 6330/7891/538 6326/7887/537
f 6327/7888/358 6331/7892/286 6332/7893/286 6328/7889/358
f 6329/7890/538 6333/7894/539 6334/7895/539 6330/7891/538
f 6331/7892/286 6335/7896/540 6336/7897/541 6332/7893/286
f 6333/7894/539 6337/7898/542 6338/7899/542 6334/7895/539
f 6335/7896/540 6339/7900/543 6340/7901/543 6336/7897/541
f 6337/7898/542 6341/7902/544 6342/7903/544 6338/7899/542
f 6339/7900/543 6343/7904/545 6344/7905/545 6340/7901/543
f 6341/7902/544 6345/7906/546 6346/7907/546 6342/7903/544
f 6343/7904/545 6347/7908/547 6348/7909/547 6344/7905/545
f 6345/7906/546 6349/7910/548 6350/7911/548 6346/7907/546
f 6347/7908/547 6351/7912/549 6352/7913/549 6348/7909/547
f 6349/7910/548 6353/7914/550 6354/7915/550 6350/7911/548
f 6351/7912/549 6355/7916/551 6356/7917/551 6352/7913/549
f 6353/7914/550 6357/7918/552 6358/7919/552 6354/7915/550
f 6355/7916/551 6359/7920/325 6360/7921/325 6356/7917/551
f 6357/7918/552 6361/7922/553 6362/7923/553 6358/7919/552
f 6359/7920/325 6295/7856/329 6298/7859/329 6360/7921/325
f 6361/7922/553 6299/7860/520 6302/7863/520 6362/7923/553
f 6363/7924/4 6364/7925/4 6365/7926/517 6366/7927/517
f 6367/7928/518 6368/7929/518 6364/7925/4 6363/7924/4
f 6369/7930/428 6370/7931/428 6371/7932/428 6372/7933/428
f 6311/7872/529 6309/7870/527 6373/7934/554 6374/7935/554
f 6375/7936/430 6376/7937/430 6377/7938/430 6378/7939/430
o Collider_Cube.174_Cube.002
v 4.268143 -0.000002 11.287941
v 4.268143 0.050888 11.287942
v -18.821472 0.050888 11.287943
v -18.821472 -0.000002 11.287942
v -18.821474 0.050892 -11.287941
v -18.821472 0.000002 -11.287940
v 4.268141 0.050892 -11.287942
v 4.268141 0.000002 -11.287941
v 3.217133 1.684686 -1.580321
v 3.217133 1.684686 0.000000
v 3.220132 0.046185 -1.580321
v 3.220132 0.046185 0.000000
v 3.220132 1.684686 -1.580321
v -0.004362 0.046185 -11.008197
v -1.008718 5.306469 -1.544307
v 3.940155 5.306469 -1.544307
v 3.940155 1.684686 -1.544307
v 3.940155 1.684686 0.000000
v 3.215734 0.031232 -1.544307
v -0.006145 4.969581 -4.753719
v -1.008718 5.302719 -4.748000
v 3.215734 5.143546 -1.580321
v -0.006145 0.031231 -7.811855
v -0.006145 4.969582 -7.811855
v 3.215734 2.023138 -1.580321
v 3.215734 4.973331 0.000001
v 3.215734 2.023138 0.000000
v -0.003595 4.969582 -7.810167
v -1.008718 0.031231 -1.544307
v -0.004362 5.302720 -11.008197
v -1.008718 0.031231 -4.748000
v -0.006145 0.031231 -4.753719
v -0.004363 5.302720 -7.811855
v 3.940155 2.023138 -1.544307
v 3.940155 2.023138 0.000000
v 3.247161 4.969582 -7.810167
v 3.940155 5.302720 -7.811855
v 3.940154 5.302720 -11.008197
v 3.249710 4.969582 -7.811855
v 3.940154 0.046185 -11.008198
v 3.940155 5.302719 -4.748000
v 3.940155 0.046185 -1.544307
v 3.940155 0.046185 -7.811856
v 3.249710 4.969581 -4.753719
v -0.524349 5.986183 0.000001
v 3.937693 0.046185 -4.753719
v 3.940155 0.046185 -4.748000
v 3.247161 0.046185 -7.810168
v 3.249710 0.046185 -7.811856
v 3.937693 0.046185 -7.810168
v 3.249710 0.046185 -4.753719
v 3.428910 6.181408 0.000001
v -0.524349 6.181408 0.000001
v -0.524349 5.370743 -1.144426
v 3.431611 5.370743 -1.171114
v -0.502660 5.143546 -1.548621
v 3.215734 5.118157 -1.344610
v 3.215734 4.956862 -1.580321
v -0.524349 5.175517 -1.144426
v 3.397269 6.002092 0.000001
v -0.502660 4.948320 -1.548621
v -0.002196 5.986183 0.000001
v -0.002196 5.175517 -1.144426
v 0.019493 4.948320 -1.548621
v -4.928789 5.302720 -11.008197
v -4.928790 5.302720 -7.811855
v -0.965890 5.302720 -7.811855
v -0.965892 5.302720 -11.008197
v -0.965892 0.046185 -11.008198
v -0.965890 0.046185 -7.811856
v -4.928789 0.046185 -11.008198
v -4.928790 0.046185 -7.811856
v -2.454879 5.302720 -11.008197
v -2.454879 5.302720 -7.811855
v -2.454879 0.046185 -11.008198
v -2.454879 0.046185 -7.811856
v -4.928790 5.302720 -7.429604
v -4.928790 0.046185 -7.429605
v -2.454879 5.302720 -7.429604
v -2.454879 0.046185 -7.429605
v 3.217133 1.684686 1.580321
v 3.220132 0.046185 1.580321
v 3.220132 1.684686 1.580321
v -0.004362 0.046181 11.008197
v -1.008718 5.306468 1.544309
v 3.940155 5.306468 1.544308
v 3.940155 1.684686 1.544307
v 3.215734 0.031231 1.544307
v -0.006145 4.969579 4.753721
v -1.008718 5.302717 4.748002
v 3.215734 5.143545 1.580322
v -0.006145 0.031229 7.811855
v -0.006145 4.969579 7.811857
v 3.215734 2.023138 1.580321
v -0.003595 4.969579 7.810169
v -1.008718 0.031231 1.544307
v -0.004362 5.302716 11.008199
v -1.008718 0.031230 4.748000
v -0.006145 0.031230 4.753719
v -0.004363 5.302717 7.811857
v 3.940155 2.023138 1.544307
v 3.247161 4.969579 7.810169
v 3.940155 5.302717 7.811857
v 3.940154 5.302716 11.008199
v 3.249710 4.969579 7.811857
v 3.940154 0.046181 11.008198
v 3.940155 5.302717 4.748002
v 3.940155 0.046185 1.544307
v 3.940155 0.046182 7.811856
v 3.249710 4.969579 4.753721
v 3.937693 0.046183 4.753719
v 3.940155 0.046183 4.748000
v 3.247161 0.046182 7.810168
v 3.249710 0.046182 7.811856
v 3.937693 0.046182 7.810168
v 3.249710 0.046183 4.753719
v -0.524349 5.370743 1.144428
v 3.431611 5.370743 1.171116
v -0.502660 5.143545 1.548623
v 3.215734 5.118157 1.344612
v 3.215734 4.956861 1.580322
v -0.524349 5.175517 1.144428
v -0.502660 4.948319 1.548623
v -0.002196 5.175517 1.144428
v 0.019493 4.948319 1.548623
v -4.928789 5.302716 11.008199
v -4.928790 5.302717 7.811857
v -0.965890 5.302717 7.811857
v -0.965892 5.302716 11.008199
v -0.965892 0.046181 11.008198
v -0.965890 0.046182 7.811856
v -4.928789 0.046181 11.008198
v -4.928790 0.046182 7.811856
v -2.454879 5.302716 11.008199
v -2.454879 5.302717 7.811857
v -2.454879 0.046181 11.008198
v -2.454879 0.046182 7.811856
v -4.928790 5.302717 7.429606
v -4.928790 0.046182 7.429605
v -2.454879 5.302717 7.429606
v -2.454879 0.046182 7.429605
v -0.339061 0.031239 1.129041
v -0.339061 5.214971 1.129041
v -0.339061 0.031239 -1.129041
v -0.339061 5.214971 -1.129041
v 0.410064 0.031239 1.129041
v 0.410064 5.214971 1.129041
v 0.410064 0.031239 -1.129041
v 0.410064 5.214971 -1.129041
v 0.239475 0.031239 0.784553
v -0.339061 6.051647 0.000000
v 0.239475 1.500882 0.784553
v 0.410064 6.051647 0.000000
v 0.410064 1.500882 0.000000
v 0.239475 1.500882 -0.784553
v -0.339061 0.031239 0.784553
v -0.339061 0.031239 -0.784553
v 0.410064 0.031239 0.784553
v 0.410064 0.031239 -0.784553
v 0.410064 0.726123 0.000000
v -0.339061 1.500882 -0.784553
v -0.339061 1.500882 0.784553
v 0.239475 0.031239 -0.784553
v -0.003104 0.038394 1.569984
v -0.003104 5.013627 1.569984
v -0.003104 0.038394 1.134231
v -0.003104 5.255611 1.134231
v 1.996435 0.038394 1.569984
v 1.996435 5.013627 1.569984
v 1.996435 0.038394 1.134231
v 1.996435 5.255611 1.134231
v -0.003104 0.038394 -1.569984
v -0.003104 5.013628 -1.569982
v -0.003104 0.038394 -1.134231
v -0.003104 5.255610 -1.134229
v 1.996435 0.038394 -1.569984
v 1.996435 5.013628 -1.569982
v 1.996435 0.038394 -1.134231
v 1.996435 5.255610 -1.134229
v -0.991477 0.027475 -7.843783
v -0.991477 4.959943 -7.843783
v -0.991477 0.027475 -10.500005
v -0.991477 4.959943 -10.500005
v 0.015726 0.027475 -7.843783
v 0.015726 4.959943 -7.843783
v 0.015726 0.027475 -10.500005
v 0.015726 4.959943 -10.500005
v -0.991477 0.027473 7.843784
v -0.991477 4.959940 7.843787
v -0.991477 0.027472 10.500006
v -0.991477 4.959939 10.500009
v 0.015726 0.027473 7.843784
v 0.015726 4.959940 7.843787
v 0.015726 0.027472 10.500006
v 0.015726 4.959939 10.500009
v -15.232124 0.033908 -6.352583
v -15.232124 0.117620 -6.352583
v -18.422911 0.033908 -9.490058
v -18.422911 1.382618 -9.490058
v -17.820728 0.033908 -8.897937
v -17.906197 1.382618 -8.981977
v -16.715052 0.033908 -7.810734
v -16.715052 0.734302 -7.810734
v -16.185961 0.033908 -7.290484
v -16.185961 0.639815 -7.290484
v -13.975072 0.033908 -7.575946
v -13.975072 0.117620 -7.575946
v -17.112545 0.033908 -10.766733
v -17.112545 1.382618 -10.766733
v -4.810423 0.033908 -7.575946
v -4.810423 0.117620 -7.575946
v -4.810423 0.033908 -10.766733
v -4.810423 1.382618 -10.766733
v -16.520424 0.033908 -10.164551
v -16.604464 1.382618 -10.250018
v -4.810423 0.033908 -10.164550
v -4.810423 1.382618 -10.250018
v -15.433223 0.033908 -9.058874
v -4.810423 0.734302 -9.058874
v -15.433223 0.734302 -9.058874
v -4.810423 0.033908 -9.058874
v -14.912972 0.033908 -8.529784
v -4.810423 0.639815 -8.529783
v -14.912972 0.639815 -8.529784
v -4.810423 0.033908 -8.529783
v -15.232124 0.033908 6.352583
v -15.232124 0.117620 6.352583
v -18.422913 0.033908 9.490058
v -18.422913 1.382618 9.490058
v -17.820728 0.033908 8.897937
v -17.906197 1.382618 8.981977
v -16.715054 0.033908 7.810734
v -16.715054 0.734302 7.810734
v -16.185963 0.033908 7.290484
v -16.185963 0.639815 7.290484
v -13.975072 0.033908 7.575946
v -13.975072 0.117620 7.575946
v -17.112547 0.033908 10.766733
v -17.112547 1.382618 10.766733
v -4.810423 0.033908 7.575947
v -4.810423 0.117620 7.575947
v -4.810423 0.033908 10.766735
v -4.810423 1.382618 10.766735
v -16.520426 0.033908 10.164551
v -16.604465 1.382618 10.250018
v -4.810423 0.033908 10.164552
v -4.810423 1.382618 10.250020
v -15.433223 0.033908 9.058874
v -4.810423 0.734302 9.058876
v -15.433223 0.734302 9.058874
v -4.810423 0.033908 9.058876
v -14.912972 0.033908 8.529784
v -4.810423 0.639815 8.529785
v -14.912972 0.639815 8.529784
v -4.810423 0.033908 8.529785
v 3.209525 0.038319 0.787858
v 3.209525 0.394321 0.787858
v 3.209525 0.038319 -0.787858
v 3.209525 0.394321 -0.787858
v 3.624792 0.038319 0.787858
v 3.624792 0.085306 0.787858
v 3.624792 0.038319 -0.787858
v 3.624792 0.085306 -0.787858
v 0.248947 0.038319 -0.787859
v 0.248947 0.271538 -0.787859
v 0.248947 0.038319 0.787858
v 0.248947 0.271538 0.787858
v -0.036525 0.038319 -0.787859
v -0.036525 0.085306 -0.787859
v -0.036525 0.038319 0.787858
v -0.036525 0.085306 0.787858
v -13.022203 0.050891 -3.885596
v -13.065229 0.050891 -3.885596
v -13.065229 0.712327 -3.885596
v -13.065229 0.050891 -3.928621
v -13.022203 0.050891 -3.928621
v -13.022203 0.744510 -3.928621
v -13.022203 0.712327 -3.885596
v -13.065229 0.744510 -3.928621
v -13.065229 0.050890 -2.633139
v -13.065229 0.712326 -2.633139
v -13.065229 0.050890 -2.590113
v -13.022203 0.050890 -2.590113
v -13.022203 0.050890 -2.633139
v -13.022203 0.744509 -2.590113
v -13.022203 0.712326 -2.633139
v -13.065229 0.744509 -2.590113
v -3.560987 0.050891 -3.885596
v -3.517961 0.050891 -3.885596
v -3.517961 0.050891 -3.928622
v -3.560987 0.050891 -3.928622
v -3.560987 0.744510 -3.928622
v -3.517961 0.712327 -3.885596
v -3.560987 0.712327 -3.885596
v -3.517961 0.744510 -3.928622
v -3.560987 0.050890 -2.633139
v -3.517961 0.050890 -2.633139
v -3.517961 0.712326 -2.633139
v -3.517961 0.050890 -2.590114
v -3.517961 0.744509 -2.590114
v -3.560987 0.744509 -2.590114
v -3.560987 0.050890 -2.590114
v -3.560987 0.712326 -2.633139
v -12.998077 0.050889 3.305010
v -13.089357 0.050889 3.305010
v -13.089357 1.046619 3.305010
v -13.089357 1.046620 3.213730
v -13.089357 0.050889 3.213730
v -12.998077 0.050889 3.213730
v -12.998077 1.046619 3.305010
v -12.968235 1.196643 3.213730
v -12.968235 1.196643 3.305010
v -13.052567 1.231574 3.305010
v -12.947799 1.388371 3.305010
v -12.756070 1.408808 3.213730
v -12.606047 1.438650 3.213730
v -12.791001 1.493140 3.305010
v -12.606047 1.438650 3.305010
v -12.575846 2.011562 2.874772
v -12.606047 2.011562 3.643968
v -12.606047 1.379041 3.643968
v -12.575846 2.011562 3.643968
v -12.575846 1.379041 3.643968
v -12.606047 2.011562 2.874772
v -12.368585 1.500118 3.121099
v -12.419415 1.500118 3.142106
v -12.365105 1.499367 3.138671
v -12.409473 1.499367 3.157008
v -12.365105 1.469213 3.138671
v -12.409473 1.469213 3.157008
v -12.368585 1.468462 3.121099
v -12.419415 1.468462 3.142106
v -12.458321 1.500113 3.180925
v -12.443451 1.499369 3.190929
v -12.443451 1.469213 3.190929
v -12.458321 1.468467 3.180925
v -12.480473 1.499794 3.243736
v -12.461859 1.499369 3.235265
v -12.461859 1.469212 3.235265
v -12.576387 1.467890 3.244370
v -12.480516 1.499794 3.274779
v -12.461897 1.499369 3.283282
v -12.461897 1.469212 3.283282
v -12.480516 1.468786 3.274779
v -12.458447 1.500112 3.337627
v -12.443561 1.499368 3.327647
v -12.443561 1.469212 3.327647
v -12.458447 1.468467 3.337627
v -12.419601 1.500118 3.376509
v -12.409637 1.499366 3.361622
v -12.409637 1.469213 3.361622
v -12.419601 1.468461 3.376509
v -12.368806 1.500118 3.397597
v -12.365297 1.499366 3.380030
v -12.365297 1.469213 3.380030
v -12.368806 1.468461 3.397597
v -12.313807 1.500118 3.397641
v -12.317287 1.499366 3.380068
v -12.317287 1.469213 3.380068
v -12.313807 1.468461 3.397641
v -12.262978 1.500118 3.376634
v -12.272919 1.499366 3.361732
v -12.272919 1.469213 3.361732
v -12.262978 1.468461 3.376634
v -12.224056 1.500118 3.337775
v -12.238943 1.499366 3.327811
v -12.238943 1.469213 3.327811
v -12.224056 1.468461 3.337775
v -12.202969 1.500118 3.286980
v -12.220536 1.499367 3.283471
v -12.220536 1.469213 3.283471
v -12.202969 1.468462 3.286980
v -12.202925 1.500118 3.231981
v -12.220497 1.499367 3.235462
v -12.220497 1.469213 3.235462
v -12.202925 1.468462 3.231981
v -12.223932 1.500118 3.181152
v -12.238834 1.499367 3.191092
v -12.238834 1.469213 3.191092
v -12.223932 1.468462 3.181152
v -12.262791 1.500118 3.142231
v -12.272755 1.499367 3.157118
v -12.272755 1.469213 3.157118
v -12.262791 1.468462 3.142231
v -12.313586 1.500118 3.121143
v -12.317095 1.499367 3.138710
v -12.317095 1.469213 3.138710
v -12.313586 1.468462 3.121143
v -12.576388 1.500691 3.274143
v -12.576387 1.500691 3.244370
v -12.576388 1.467890 3.274143
v -12.480473 1.468786 3.243736
v -12.998077 1.046620 3.213730
v -13.052567 1.231575 3.213730
v -12.883254 1.323827 3.305010
v -12.883254 1.323828 3.213730
v -12.947799 1.388371 3.213730
v -12.756070 1.408808 3.305010
v -12.606047 1.529930 3.305010
v -12.791001 1.493141 3.213730
v -12.606047 1.529930 3.213730
v -12.606047 1.379042 2.874772
v -12.575846 1.379042 2.874772
v -3.493834 0.050889 3.213729
v -3.493834 1.046619 3.305009
v -3.585114 1.046620 3.213729
v -3.635392 1.388371 3.213729
v -3.614955 1.196643 3.305009
v -3.827120 1.408808 3.305009
v -3.977144 1.438650 3.305009
v -3.977144 1.529930 3.305009
v -3.977144 2.011562 3.643967
v -3.977144 1.379042 2.874772
v -3.977144 1.379041 3.643967
v -4.007344 1.379041 3.643967
v -3.977144 2.011562 2.874772
v -4.007344 2.011562 3.643967
v -4.214605 1.500118 3.121099
v -4.173717 1.499367 3.157008
v -4.163776 1.500118 3.142105
v -4.218086 1.499367 3.138671
v -4.218086 1.469213 3.138671
v -4.173717 1.469213 3.157008
v -4.214605 1.468462 3.121099
v -4.163776 1.468462 3.142105
v -4.124869 1.500113 3.180924
v -4.139739 1.499369 3.190929
v -4.124869 1.468467 3.180924
v -4.139739 1.469213 3.190929
v -4.121331 1.499369 3.235265
v -4.121331 1.469212 3.235265
v -4.102718 1.468786 3.243736
v -4.006802 1.467890 3.274143
v -4.121294 1.499369 3.283281
v -4.102674 1.499794 3.274779
v -4.121294 1.469212 3.283281
v -4.124744 1.500112 3.337627
v -4.139629 1.499368 3.327647
v -4.124744 1.468467 3.337627
v -4.139629 1.469212 3.327647
v -4.102674 1.468786 3.274779
v -4.163589 1.500118 3.376508
v -4.173553 1.499366 3.361622
v -4.173553 1.469213 3.361622
v -4.163589 1.468461 3.376508
v -4.217894 1.499366 3.380029
v -4.214385 1.500118 3.397596
v -4.214385 1.468461 3.397596
v -4.217894 1.469213 3.380029
v -4.269383 1.500118 3.397640
v -4.265903 1.499366 3.380068
v -4.269383 1.468461 3.397640
v -4.265903 1.469213 3.380068
v -4.320212 1.500118 3.376634
v -4.310272 1.499366 3.361731
v -4.310272 1.469213 3.361731
v -4.320212 1.468461 3.376634
v -4.344247 1.499366 3.327811
v -4.359134 1.500118 3.337775
v -4.359134 1.468461 3.337775
v -4.344247 1.469213 3.327811
v -4.380221 1.500118 3.286979
v -4.362654 1.499367 3.283470
v -4.362654 1.469213 3.283470
v -4.380221 1.468462 3.286979
v -4.380265 1.500118 3.231981
v -4.362693 1.499367 3.235461
v -4.362693 1.469213 3.235461
v -4.380265 1.468462 3.231981
v -4.359259 1.500118 3.181152
v -4.344356 1.499367 3.191092
v -4.359259 1.468462 3.181152
v -4.344356 1.469213 3.191092
v -4.320399 1.500118 3.142231
v -4.310435 1.499367 3.157117
v -4.310435 1.469213 3.157117
v -4.320399 1.468462 3.142231
v -4.269604 1.500118 3.121143
v -4.266096 1.499367 3.138709
v -4.266096 1.469213 3.138709
v -4.269604 1.468462 3.121143
v -4.006803 1.500691 3.244370
v -4.006803 1.467890 3.244370
v -4.102718 1.499794 3.243736
v -4.006802 1.500691 3.274143
v -3.493834 1.046620 3.213729
v -3.493834 0.050889 3.305009
v -3.585114 1.046619 3.305009
v -3.585114 0.050889 3.305009
v -3.585114 0.050889 3.213729
v -3.614955 1.196643 3.213729
v -3.530623 1.231574 3.305009
v -3.635392 1.388371 3.305009
v -3.699936 1.323827 3.305009
v -3.530623 1.231575 3.213729
v -3.827120 1.408808 3.213729
v -3.699936 1.323828 3.213729
v -3.792189 1.493140 3.305009
v -3.792189 1.493141 3.213729
v -3.977144 1.438650 3.213729
v -3.977144 1.529930 3.213729
v -4.007344 1.379042 2.874772
v -4.007344 2.011562 2.874772
vt 0.844413 0.657940
vt 0.844413 0.657940
vt 0.844413 0.657940
vt 0.844413 0.657940
vt 0.844413 0.657940
vt 0.844413 0.657940
vt 0.844413 0.657940
vt 0.844413 0.657940
vt 0.533344 0.657956
vt 0.533344 0.657956
vt 0.533344 0.657956
vt 0.533344 0.657956
vt 0.533344 0.657956
vt 0.094106 0.656007
vt 0.094106 0.656007
vt 0.094106 0.656007
vt 0.094106 0.656007
vt 0.533344 0.657956
vt 0.533344 0.657956
vt 0.533344 0.657956
vt 0.533344 0.657956
vt 0.533344 0.657956
vt 0.094106 0.656007
vt 0.094106 0.656007
vt 0.094106 0.656007
vt 0.094106 0.656007
vt 0.094106 0.656007
vt 0.094106 0.656007
vt 0.094106 0.656007
vt 0.094106 0.656007
vt 0.094106 0.656007
vt 0.094106 0.656007
vt 0.094106 0.656007
vt 0.094106 0.656007
vt 0.094106 0.656007
vt 0.094106 0.656007
vt 0.094106 0.656007
vt 0.094106 0.656007
vt 0.094106 0.656007
vt 0.094106 0.656007
vt 0.094106 0.656007
vt 0.094106 0.656007
vt 0.094106 0.656007
vt 0.094106 0.656007
vt 0.094106 0.656007
vt 0.094106 0.656007
vt 0.094106 0.656007
vt 0.094106 0.656007
vt 0.094106 0.656007
vt 0.094106 0.656007
vt 0.094106 0.656007
vt 0.094106 0.656007
vt 0.094106 0.656007
vt 0.094106 0.656007
vt 0.094106 0.656007
vt 0.094106 0.656007
vt 0.094106 0.656007
vt 0.094106 0.656007
vt 0.094106 0.656007
vt 0.094106 0.656007
vt 0.094106 0.656007
vt 0.094106 0.656007
vt 0.094106 0.656007
vt 0.094106 0.656007
vt 0.094106 0.656007
vt 0.094106 0.656007
vt 0.094106 0.656007
vt 0.094106 0.656007
vt 0.159303 0.656296
vt 0.156755 0.656285
vt 0.094106 0.656007
vt 0.159620 0.656298
vt 0.533344 0.657956
vt 0.094106 0.656007
vt 0.094106 0.656007
vt 0.094106 0.656007
vt 0.094106 0.656007
vt 0.094106 0.656007
vt 0.094106 0.656007
vt 0.094106 0.656007
vt 0.094106 0.656007
vt 0.094106 0.656007
vt 0.094106 0.656007
vt 0.094106 0.656007
vt 0.094106 0.656007
vt 0.094106 0.656007
vt 0.094106 0.656007
vt 0.094106 0.656007
vt 0.094106 0.656007
vt 0.533344 0.657956
vt 0.533344 0.657956
vt 0.533344 0.657956
vt 0.094106 0.656007
vt 0.094106 0.656007
vt 0.533344 0.657956
vt 0.533344 0.657956
vt 0.533344 0.657956
vt 0.094106 0.656007
vt 0.094106 0.656007
vt 0.094106 0.656007
vt 0.094106 0.656007
vt 0.094106 0.656007
vt 0.094106 0.656007
vt 0.094106 0.656007
vt 0.094106 0.656007
vt 0.094106 0.656007
vt 0.094106 0.656007
vt 0.094106 0.656007
vt 0.094106 0.656007
vt 0.094106 0.656007
vt 0.094106 0.656007
vt 0.094106 0.656007
vt 0.094106 0.656007
vt 0.094106 0.656007
vt 0.094106 0.656007
vt 0.094106 0.656007
vt 0.094106 0.656007
vt 0.094106 0.656007
vt 0.094106 0.656007
vt 0.094106 0.656007
vt 0.094106 0.656007
vt 0.094106 0.656007
vt 0.094106 0.656007
vt 0.094106 0.656007
vt 0.094106 0.656007
vt 0.094106 0.656007
vt 0.094106 0.656007
vt 0.094106 0.656007
vt 0.094106 0.656007
vt 0.094106 0.656007
vt 0.094106 0.656007
vt 0.094106 0.656007
vt 0.094106 0.656007
vt 0.094106 0.656007
vt 0.094106 0.656007
vt 0.094106 0.656007
vt 0.094106 0.656007
vt 0.156755 0.656285
vt 0.094106 0.656007
vt 0.159620 0.656298
vt 0.533344 0.657956
vt 0.094106 0.656007
vt 0.094106 0.656007
vt 0.094106 0.656007
vt 0.094106 0.656007
vt 0.094106 0.656007
vt 0.094106 0.656007
vt 0.094106 0.656007
vt 0.094106 0.656007
vt 0.094106 0.656007
vt 0.094106 0.656007
vt 0.094106 0.656007
vt 0.094106 0.656007
vt 0.094106 0.656007
vt 0.094106 0.656007
vt 0.094106 0.656007
vt 0.094106 0.656007
vt 0.461905 0.211860
vt 0.375000 0.211860
vt 0.375000 0.038140
vt 0.461905 0.038140
vt 0.461905 0.625000
vt 0.625000 0.625000
vt 0.625000 0.750000
vt 0.375000 0.211860
vt 0.461905 0.211860
vt 0.625000 0.250000
vt 0.375000 0.250000
vt 0.875000 0.625000
vt 0.875000 0.750000
vt 0.625000 0.500000
vt 0.875000 0.500000
vt 0.125000 0.711861
vt 0.197317 0.711861
vt 0.375000 0.711861
vt 0.375000 0.750000
vt 0.125000 0.750000
vt 0.625000 0.125000
vt 0.125000 0.500000
vt 0.375000 0.500000
vt 0.375000 0.538140
vt 0.197317 0.538140
vt 0.125000 0.538140
vt 0.416091 0.625000
vt 0.625000 1.000000
vt 0.375000 1.000000
vt 0.625000 0.000000
vt 0.486809 0.125000
vt 0.461905 0.038140
vt 0.375000 0.000000
vt 0.375000 0.038140
vt 0.125000 0.711861
vt 0.375000 0.000000
vt 0.625000 0.000000
vt 0.625000 0.250000
vt 0.375000 0.250000
vt 0.625000 0.500000
vt 0.375000 0.500000
vt 0.625000 0.750000
vt 0.375000 0.750000
vt 0.625000 1.000000
vt 0.375000 1.000000
vt 0.125000 0.500000
vt 0.125000 0.750000
vt 0.875000 0.500000
vt 0.875000 0.750000
vt 0.375000 0.000000
vt 0.375000 0.250000
vt 0.625000 0.250000
vt 0.625000 0.000000
vt 0.375000 0.500000
vt 0.625000 0.500000
vt 0.375000 0.750000
vt 0.625000 0.750000
vt 0.375000 1.000000
vt 0.625000 1.000000
vt 0.125000 0.500000
vt 0.125000 0.750000
vt 0.875000 0.750000
vt 0.875000 0.500000
vt 0.375000 0.000000
vt 0.625000 0.000000
vt 0.625000 0.250000
vt 0.375000 0.250000
vt 0.625000 0.500000
vt 0.375000 0.500000
vt 0.625000 0.750000
vt 0.375000 0.750000
vt 0.625000 1.000000
vt 0.375000 1.000000
vt 0.125000 0.500000
vt 0.125000 0.750000
vt 0.875000 0.500000
vt 0.875000 0.750000
vt 0.375000 0.000000
vt 0.375000 0.250000
vt 0.625000 0.250000
vt 0.625000 0.000000
vt 0.375000 0.500000
vt 0.625000 0.500000
vt 0.375000 0.750000
vt 0.625000 0.750000
vt 0.375000 1.000000
vt 0.625000 1.000000
vt 0.125000 0.500000
vt 0.125000 0.750000
vt 0.875000 0.750000
vt 0.875000 0.500000
vt 0.375000 0.202819
vt 0.375000 0.250000
vt 0.625000 0.250000
vt 0.625000 0.209515
vt 0.291662 0.416676
vt 0.708321 0.416661
vt 0.291667 0.833334
vt 0.375000 1.000000
vt 0.625000 1.000000
vt 0.700327 0.825327
vt 0.125000 0.675266
vt 0.125000 0.750000
vt 0.208333 0.675266
vt 0.785642 0.675266
vt 0.875000 0.750000
vt 0.875000 0.675266
vt 0.789458 0.540485
vt 0.875000 0.540485
vt 0.875000 0.500000
vt 0.125000 0.500000
vt 0.125000 0.547181
vt 0.206065 0.547181
vt 0.375000 0.116188
vt 0.625000 0.116188
vt 0.375000 0.074734
vt 0.625000 0.074734
vt 0.775723 0.633812
vt 0.875000 0.633812
vt 0.125000 0.633812
vt 0.208334 0.633812
vt 0.375000 0.000000
vt 0.625000 0.000000
vt 0.375000 0.202819
vt 0.625000 0.209515
vt 0.625000 0.250000
vt 0.375000 0.250000
vt 0.625000 0.500000
vt 0.375000 0.500000
vt 0.375000 0.675266
vt 0.625000 0.675266
vt 0.625000 0.750000
vt 0.375000 0.750000
vt 0.625000 1.000000
vt 0.375000 1.000000
vt 0.125000 0.675266
vt 0.125000 0.750000
vt 0.875000 0.675266
vt 0.875000 0.750000
vt 0.875000 0.500000
vt 0.875000 0.540485
vt 0.625000 0.540485
vt 0.125000 0.500000
vt 0.375000 0.547181
vt 0.125000 0.547181
vt 0.375000 0.116188
vt 0.625000 0.116188
vt 0.375000 0.074734
vt 0.625000 0.074734
vt 0.875000 0.633812
vt 0.625000 0.633812
vt 0.375000 0.633812
vt 0.125000 0.633812
vt 0.375000 0.000000
vt 0.625000 0.000000
vt 0.375000 0.202819
vt 0.625000 0.209515
vt 0.625000 0.250000
vt 0.375000 0.250000
vt 0.375000 0.116188
vt 0.625000 0.116188
vt 0.375000 0.074734
vt 0.625000 0.074734
vt 0.375000 0.000000
vt 0.625000 0.000000
vt 0.375000 0.202819
vt 0.375000 0.250000
vt 0.625000 0.250000
vt 0.625000 0.209515
vt 0.375000 0.500000
vt 0.625000 0.500000
vt 0.375000 0.675266
vt 0.375000 0.750000
vt 0.625000 0.750000
vt 0.625000 0.675266
vt 0.375000 1.000000
vt 0.625000 1.000000
vt 0.125000 0.675266
vt 0.125000 0.750000
vt 0.875000 0.750000
vt 0.875000 0.675266
vt 0.625000 0.540485
vt 0.875000 0.540485
vt 0.875000 0.500000
vt 0.125000 0.500000
vt 0.125000 0.547181
vt 0.375000 0.547181
vt 0.375000 0.116188
vt 0.625000 0.116188
vt 0.375000 0.074734
vt 0.625000 0.074734
vt 0.625000 0.633812
vt 0.875000 0.633812
vt 0.125000 0.633812
vt 0.375000 0.633812
vt 0.375000 0.000000
vt 0.625000 0.000000
vt 0.375000 0.000000
vt 0.625000 0.000000
vt 0.625000 0.250000
vt 0.375000 0.250000
vt 0.625000 0.500000
vt 0.375000 0.500000
vt 0.625000 0.750000
vt 0.375000 0.750000
vt 0.625000 1.000000
vt 0.375000 1.000000
vt 0.125000 0.500000
vt 0.125000 0.750000
vt 0.875000 0.500000
vt 0.875000 0.750000
vt 0.375000 0.000000
vt 0.625000 0.000000
vt 0.625000 0.250000
vt 0.375000 0.250000
vt 0.625000 0.500000
vt 0.375000 0.500000
vt 0.625000 0.750000
vt 0.375000 0.750000
vt 0.625000 1.000000
vt 0.375000 1.000000
vt 0.125000 0.500000
vt 0.125000 0.750000
vt 0.875000 0.500000
vt 0.875000 0.750000
vt 0.280989 0.656870
vt 0.280992 0.656870
vt 0.280992 0.656872
vt 0.280989 0.656872
vt 0.280992 0.656875
vt 0.280989 0.656875
vt 0.280992 0.656877
vt 0.280989 0.656877
vt 0.280989 0.656870
vt 0.280989 0.656872
vt 0.280992 0.656872
vt 0.280992 0.656870
vt 0.280989 0.656875
vt 0.280992 0.656875
vt 0.280989 0.656877
vt 0.280992 0.656877
vt 0.280989 0.656870
vt 0.280989 0.656872
vt 0.280992 0.656872
vt 0.280992 0.656870
vt 0.280989 0.656875
vt 0.280992 0.656875
vt 0.280989 0.656877
vt 0.280992 0.656877
vt 0.280989 0.656870
vt 0.280992 0.656870
vt 0.280992 0.656872
vt 0.280989 0.656872
vt 0.280992 0.656875
vt 0.280989 0.656875
vt 0.280992 0.656877
vt 0.280989 0.656877
vt 0.909447 0.657804
vt 0.909447 0.657804
vt 0.909447 0.657804
vt 0.909447 0.657804
vt 0.909447 0.657804
vt 0.909447 0.657804
vt 0.909447 0.657804
vt 0.909447 0.657804
vt 0.909447 0.657804
vt 0.909447 0.657804
vt 0.909447 0.657804
vt 0.909447 0.657804
vt 0.909447 0.657804
vt 0.909447 0.657804
vt 0.909447 0.657804
vt 0.909447 0.657804
vt 0.909447 0.657804
vt 0.909447 0.657804
vt 0.909447 0.657804
vt 0.909447 0.657804
vt 0.909447 0.657804
vt 0.909447 0.657804
vt 0.909447 0.657804
vt 0.909447 0.657804
vt 0.909447 0.657804
vt 0.909447 0.657804
vt 0.909447 0.657804
vt 0.909447 0.657804
vt 0.909447 0.657804
vt 0.909447 0.657804
vt 0.909447 0.657804
vt 0.909447 0.657804
vt 0.971260 0.656655
vt 0.971260 0.656655
vt 0.971260 0.656655
vt 0.971260 0.656655
vt 0.971260 0.656655
vt 0.971260 0.656655
vt 0.971260 0.656655
vt 0.971260 0.656655
vt 0.971260 0.656655
vt 0.971260 0.656655
vt 0.971260 0.656655
vt 0.971260 0.656655
vt 0.971260 0.656655
vt 0.971260 0.656655
vt 0.971260 0.656655
vt 0.971260 0.656655
vt 0.971260 0.656655
vt 0.971260 0.656655
vt 0.971260 0.656655
vt 0.971260 0.656655
vt 0.971260 0.656655
vt 0.971260 0.656655
vt 0.971260 0.656655
vt 0.971260 0.656655
vt 0.971260 0.656655
vt 0.971260 0.656655
vt 0.971260 0.656655
vt 0.971260 0.656655
vt 0.971260 0.656655
vt 0.971260 0.656655
vt 0.971260 0.656655
vt 0.971260 0.656655
vt 0.971260 0.656655
vt 0.971260 0.656655
vt 0.971260 0.656655
vt 0.971260 0.656655
vt 0.971260 0.656655
vt 0.971260 0.656655
vt 0.971260 0.656655
vt 0.971260 0.656655
vt 0.971260 0.656655
vt 0.971260 0.656655
vt 0.971260 0.656655
vt 0.971260 0.656655
vt 0.971260 0.656655
vt 0.971260 0.656655
vt 0.971260 0.656655
vt 0.971260 0.656655
vt 0.971260 0.656655
vt 0.971260 0.656655
vt 0.971260 0.656655
vt 0.971260 0.656655
vt 0.971260 0.656655
vt 0.971260 0.656655
vt 0.971260 0.656655
vt 0.971260 0.656655
vt 0.971260 0.656655
vt 0.971260 0.656655
vt 0.971260 0.656655
vt 0.971260 0.656655
vt 0.971260 0.656655
vt 0.971260 0.656655
vt 0.971260 0.656655
vt 0.971260 0.656655
vt 0.971260 0.656655
vt 0.971260 0.656655
vt 0.971260 0.656655
vt 0.971260 0.656655
vt 0.909447 0.657804
vt 0.909447 0.657804
vt 0.909447 0.657804
vt 0.909447 0.657804
vt 0.909447 0.657804
vt 0.909447 0.657804
vt 0.909447 0.657804
vt 0.909447 0.657804
vt 0.909447 0.657804
vt 0.909447 0.657804
vt 0.909447 0.657804
vt 0.909447 0.657804
vt 0.909447 0.657804
vt 0.909447 0.657804
vt 0.909447 0.657804
vt 0.909447 0.657804
vt 0.909447 0.657804
vt 0.909447 0.657804
vt 0.909447 0.657804
vt 0.909447 0.657804
vt 0.909447 0.657804
vt 0.909447 0.657804
vt 0.909447 0.657804
vt 0.909447 0.657804
vt 0.909447 0.657804
vt 0.909447 0.657804
vt 0.909447 0.657804
vt 0.909447 0.657804
vt 0.909447 0.657804
vt 0.909447 0.657804
vt 0.909447 0.657804
vt 0.909447 0.657804
vt 0.971260 0.656655
vt 0.971260 0.656655
vt 0.971260 0.656655
vt 0.971260 0.656655
vt 0.971260 0.656655
vt 0.971260 0.656655
vt 0.971260 0.656655
vt 0.971260 0.656655
vt 0.971260 0.656655
vt 0.971260 0.656655
vt 0.971260 0.656655
vt 0.971260 0.656655
vt 0.971260 0.656655
vt 0.971260 0.656655
vt 0.971260 0.656655
vt 0.971260 0.656655
vt 0.971260 0.656655
vt 0.971260 0.656655
vt 0.971260 0.656655
vt 0.971260 0.656655
vt 0.971260 0.656655
vt 0.971260 0.656655
vt 0.971260 0.656655
vt 0.971260 0.656655
vt 0.971260 0.656655
vt 0.971260 0.656655
vt 0.971260 0.656655
vt 0.971260 0.656655
vt 0.971260 0.656655
vt 0.971260 0.656655
vt 0.971260 0.656655
vt 0.971260 0.656655
vt 0.971260 0.656655
vt 0.971260 0.656655
vt 0.971260 0.656655
vt 0.971260 0.656655
vt 0.971260 0.656655
vt 0.971260 0.656655
vt 0.971260 0.656655
vt 0.971260 0.656655
vt 0.971260 0.656655
vt 0.971260 0.656655
vt 0.971260 0.656655
vt 0.971260 0.656655
vt 0.971260 0.656655
vt 0.971260 0.656655
vt 0.971260 0.656655
vt 0.971260 0.656655
vt 0.971260 0.656655
vt 0.971260 0.656655
vt 0.971260 0.656655
vt 0.971260 0.656655
vt 0.971260 0.656655
vt 0.971260 0.656655
vt 0.971260 0.656655
vt 0.971260 0.656655
vt 0.971260 0.656655
vt 0.971260 0.656655
vt 0.971260 0.656655
vt 0.971260 0.656655
vt 0.971260 0.656655
vt 0.971260 0.656655
vt 0.971260 0.656655
vt 0.971260 0.656655
vt 0.971260 0.656655
vt 0.971260 0.656655
vt 0.971260 0.656655
vt 0.971260 0.656655
vn 0.0000 -0.0000 1.0000
vn -1.0000 0.0000 0.0000
vn 0.0000 -0.0000 -1.0000
vn 1.0000 0.0000 -0.0000
vn 0.0000 1.0000 0.0000
vn 0.0000 -1.0000 -0.0000
vn 0.9932 0.1162 0.0019
vn 1.0000 -0.0001 -0.0002
vn 1.0000 -0.0002 -0.0002
vn 1.0000 0.0015 -0.0027
vn 1.0000 0.0031 0.0001
vn 1.0000 0.0028 -0.0015
vn 1.0000 0.0017 -0.0026
vn -0.0000 0.0070 1.0000
vn 0.0000 1.0000 -0.0012
vn -1.0000 0.0005 -0.0014
vn 1.0000 -0.0019 -0.0069
vn 1.0000 0.0071 -0.0026
vn 1.0000 0.0073 -0.0001
vn -0.0065 -0.0038 -1.0000
vn -0.0052 0.0037 -1.0000
vn -0.0019 0.0003 -1.0000
vn -0.0019 -0.0008 -1.0000
vn -1.0000 0.0002 0.0010
vn -1.0000 -0.0000 -0.0004
vn -1.0000 -0.0001 0.0002
vn 1.0000 -0.0003 -0.0003
vn 0.5655 -0.0000 0.8248
vn 0.0005 0.0000 1.0000
vn -0.0497 0.0000 0.9988
vn -0.5520 0.0000 -0.8338
vn 0.0001 -0.0004 -1.0000
vn 0.0001 -0.0003 -1.0000
vn 0.0004 -0.0003 -1.0000
vn 0.0000 -1.0000 -0.0001
vn -0.9984 0.0569 -0.0063
vn -0.9984 -0.0353 -0.0451
vn -0.9984 -0.0569 0.0063
vn -0.9984 0.0353 0.0451
vn 0.0008 0.0044 1.0000
vn -0.0008 0.0053 1.0000
vn -0.0002 0.0042 1.0000
vn 0.0001 0.0039 1.0000
vn 1.0000 0.0016 -0.0000
vn 1.0000 0.0007 -0.0003
vn 1.0000 0.0006 -0.0003
vn 1.0000 0.0008 0.0000
vn -0.0500 0.0000 0.9988
vn -0.0039 0.0182 -0.9998
vn 0.0031 0.0146 -0.9999
vn 0.0019 0.0136 -0.9999
vn 0.0034 0.0150 -0.9999
vn 0.0045 -0.0553 0.9985
vn -0.0537 -0.1182 0.9915
vn 0.0228 -0.1575 0.9873
vn 0.0425 -0.1463 0.9883
vn 0.0085 -0.0000 1.0000
vn -0.9966 0.0569 -0.0595
vn -0.9943 -0.0306 -0.1018
vn -0.9972 -0.0569 -0.0475
vn -0.9995 0.0306 -0.0052
vn -0.0065 0.7850 -0.6195
vn -0.0589 0.8203 -0.5689
vn -0.0482 0.8069 -0.5887
vn -0.0211 0.8445 -0.5351
vn -0.0607 0.8741 -0.4820
vn -0.0533 0.8687 -0.4925
vn -0.0142 0.8961 -0.4437
vn -0.0057 0.8440 -0.5362
vn -0.0571 -0.8173 0.5734
vn 0.0045 -0.8477 0.5305
vn 0.0571 -0.8121 0.5808
vn -0.0045 -0.7817 0.6237
vn 0.7338 -0.5746 0.3624
vn 0.7538 -0.5954 0.2779
vn 0.7592 -0.5622 0.3278
vn 0.7811 -0.5185 0.3481
vn -0.0571 -0.8726 0.4851
vn 0.0070 -0.8981 0.4397
vn 0.0571 -0.8680 0.4932
vn -0.0070 -0.8425 0.5387
vn 0.6659 -0.7144 0.2150
vn 0.6488 -0.7392 0.1804
vn 0.7070 -0.6799 0.1948
vn 0.9834 -0.1709 -0.0605
vn 0.9834 -0.1729 -0.0558
vn 0.9821 -0.1881 -0.0110
vn 1.0000 0.0017 0.0026
vn 1.0000 0.0011 -0.0029
vn 1.0000 0.0016 -0.0027
vn 0.9932 0.1162 -0.0019
vn 0.9932 0.1162 -0.0020
vn 0.9932 0.1162 0.0000
vn 1.0000 -0.0002 0.0002
vn 1.0000 0.0015 0.0027
vn 1.0000 0.0028 0.0015
vn 1.0000 0.0031 -0.0001
vn 0.0000 0.0070 -1.0000
vn 0.0000 1.0000 0.0012
vn -1.0000 0.0005 0.0014
vn 1.0000 -0.0019 0.0069
vn 1.0000 0.0073 0.0001
vn 1.0000 0.0071 0.0026
vn -0.0065 -0.0038 1.0000
vn -0.0020 -0.0008 1.0000
vn -0.0019 0.0003 1.0000
vn -0.0052 0.0037 1.0000
vn -1.0000 0.0002 -0.0011
vn -1.0000 -0.0001 -0.0002
vn -1.0000 0.0001 0.0007
vn 1.0000 -0.0003 0.0003
vn 0.5655 0.0000 -0.8248
vn 0.0004 -0.0000 -1.0000
vn -0.0497 0.0000 -0.9988
vn -0.5520 -0.0000 0.8338
vn 0.0001 -0.0004 1.0000
vn 0.0001 -0.0003 1.0000
vn 0.0004 -0.0003 1.0000
vn 0.0000 -1.0000 -0.0003
vn -0.9984 0.0569 0.0063
vn -0.9984 0.0353 -0.0451
vn -0.9984 -0.0569 -0.0063
vn -0.9984 -0.0353 0.0451
vn 0.0008 0.0044 -1.0000
vn 0.0001 0.0039 -1.0000
vn -0.0002 0.0043 -1.0000
vn -0.0007 0.0053 -1.0000
vn 1.0000 0.0016 -0.0001
vn 1.0000 0.0007 -0.0001
vn 1.0000 0.0005 0.0002
vn -0.0500 0.0000 -0.9988
vn -0.0039 0.0182 0.9998
vn 0.0034 0.0150 0.9999
vn 0.0019 0.0136 0.9999
vn 0.0031 0.0146 0.9999
vn 0.0045 -0.0553 -0.9985
vn 0.0425 -0.1463 -0.9883
vn 0.0228 -0.1575 -0.9873
vn -0.0537 -0.1182 -0.9915
vn 0.0085 0.0000 -1.0000
vn -0.9966 0.0569 0.0595
vn -0.9995 0.0306 0.0052
vn -0.9972 -0.0569 0.0475
vn -0.9943 -0.0306 0.1018
vn -0.0065 0.7850 0.6195
vn -0.0211 0.8445 0.5351
vn -0.0482 0.8069 0.5887
vn -0.0589 0.8203 0.5689
vn -0.0607 0.8741 0.4820
vn -0.0057 0.8440 0.5363
vn -0.0142 0.8961 0.4437
vn -0.0533 0.8687 0.4925
vn -0.0571 -0.8173 -0.5734
vn -0.0045 -0.7817 -0.6237
vn 0.0571 -0.8121 -0.5808
vn 0.0045 -0.8477 -0.5305
vn 0.7338 -0.5746 -0.3624
vn 0.7811 -0.5185 -0.3481
vn 0.7592 -0.5622 -0.3278
vn 0.7538 -0.5955 -0.2779
vn -0.0571 -0.8726 -0.4851
vn -0.0070 -0.8425 -0.5387
vn 0.0571 -0.8680 -0.4932
vn 0.0070 -0.8981 -0.4397
vn 0.6659 -0.7144 -0.2150
vn 0.7070 -0.6799 -0.1948
vn 0.6488 -0.7392 -0.1804
vn 0.9834 -0.1709 0.0605
vn 0.9821 -0.1881 0.0110
vn 0.9834 -0.1729 0.0558
vn 1.0000 0.0018 -0.0026
vn 1.0000 0.0016 0.0027
vn 1.0000 0.0011 0.0030
vn 0.0000 0.8034 0.5954
vn 0.0000 0.8034 -0.5954
vn 0.0000 0.8742 0.4855
vn 0.0000 0.8742 -0.4855
vn 0.7011 0.0000 -0.7130
vn 0.4802 0.8772 0.0000
vn 0.4781 0.8783 0.0000
vn 0.1758 0.9844 0.0000
vn -0.7130 -0.0000 0.7011
vn -0.0000 0.8772 0.4802
vn 0.0000 0.8783 0.4781
vn 0.0000 0.9844 0.1758
vn 0.7011 0.0000 0.7130
vn -0.7130 0.0000 -0.7011
vn 0.0000 0.8772 -0.4802
vn 0.0000 0.8783 -0.4781
vn 0.0000 0.9844 -0.1758
vn 0.5970 0.8023 0.0000
vn -0.5464 0.8375 -0.0000
vn 0.9808 -0.1951 -0.0000
vn -0.9808 0.1951 0.0000
vn 0.5556 -0.8315 -0.0000
vn 0.8315 -0.5556 -0.0000
vn -0.8315 0.5556 0.0000
vn -0.5556 0.8315 0.0000
vn 0.1951 -0.9808 0.0000
vn -0.1951 0.9808 0.0000
vn 0.0163 0.9991 0.0395
vn 0.3820 0.0000 0.9242
vn 0.0163 -0.9991 0.0395
vn -0.3819 0.0000 -0.9242
vn 0.0300 0.9991 0.0301
vn 0.7065 0.0000 0.7077
vn 0.0300 -0.9991 0.0302
vn -0.7063 0.0000 -0.7079
vn 0.0342 0.9993 0.0159
vn 0.9236 0.0000 0.3835
vn 0.0342 -0.9993 0.0159
vn -0.9431 0.0000 -0.3326
vn 0.0093 -1.0000 0.0000
vn 0.0229 0.9997 0.0000
vn 1.0000 0.0000 0.0008
vn 0.0229 -0.9997 0.0000
vn -0.0066 0.0000 1.0000
vn 0.0342 0.9993 -0.0158
vn 0.9242 0.0000 -0.3820
vn 0.0342 -0.9993 -0.0159
vn -0.9435 0.0000 0.3313
vn 0.0301 0.9991 -0.0301
vn 0.7076 0.0000 -0.7066
vn 0.0301 -0.9991 -0.0301
vn -0.7074 0.0000 0.7068
vn 0.0164 0.9991 -0.0395
vn 0.3834 0.0000 -0.9236
vn 0.0164 -0.9991 -0.0395
vn -0.3834 0.0000 0.9236
vn 0.0000 0.9991 -0.0428
vn 0.0008 0.0000 -1.0000
vn 0.0000 -0.9991 -0.0428
vn -0.0008 0.0000 1.0000
vn -0.0163 0.9991 -0.0395
vn -0.0163 -0.9991 -0.0395
vn -0.0302 0.9991 -0.0303
vn -0.7065 0.0000 -0.7077
vn -0.0302 -0.9991 -0.0303
vn -0.0395 0.9991 -0.0164
vn -0.9236 0.0000 -0.3834
vn -0.0395 -0.9991 -0.0164
vn 0.9236 0.0000 0.3834
vn -0.0428 0.9991 -0.0000
vn -1.0000 0.0000 -0.0008
vn -0.0428 -0.9991 -0.0000
vn -0.0395 0.9991 0.0163
vn -0.9242 0.0000 0.3819
vn -0.0395 -0.9991 0.0163
vn -0.0303 0.9991 0.0302
vn -0.7077 0.0000 0.7065
vn -0.0303 -0.9991 0.0302
vn 0.7077 0.0000 -0.7065
vn -0.0164 0.9991 0.0395
vn -0.0164 -0.9991 0.0395
vn -0.0000 0.9991 0.0428
vn -0.0000 -0.9991 0.0428
vn -0.0066 0.0000 -1.0000
vn 0.0093 1.0000 0.0000
vn -0.9808 -0.1951 -0.0000
vn 0.9808 0.1951 0.0000
vn -0.5556 -0.8315 -0.0000
vn -0.8315 -0.5556 -0.0000
vn 0.8315 0.5556 0.0000
vn 0.5556 0.8315 0.0000
vn -0.1951 -0.9808 0.0000
vn 0.1951 0.9808 0.0000
vn -0.0163 0.9991 0.0395
vn -0.3820 0.0000 0.9242
vn -0.0163 -0.9991 0.0395
vn 0.3819 0.0000 -0.9242
vn -0.0300 0.9991 0.0301
vn -0.7065 0.0000 0.7077
vn -0.0300 -0.9991 0.0302
vn 0.7063 0.0000 -0.7079
vn -0.0342 0.9993 0.0159
vn -0.9236 0.0000 0.3835
vn -0.0342 -0.9993 0.0159
vn 0.9431 0.0000 -0.3326
vn -0.0093 -1.0000 0.0000
vn -0.0229 0.9997 0.0000
vn -1.0000 0.0000 0.0008
vn -0.0229 -0.9997 0.0000
vn 0.0066 0.0000 1.0000
vn -0.0342 0.9993 -0.0159
vn -0.9242 0.0000 -0.3819
vn -0.0342 -0.9993 -0.0159
vn 0.9435 0.0000 0.3313
vn -0.0301 0.9991 -0.0301
vn -0.7076 0.0000 -0.7066
vn -0.0301 -0.9991 -0.0301
vn 0.7074 0.0000 0.7068
vn -0.0164 0.9991 -0.0395
vn -0.3834 0.0000 -0.9236
vn -0.0164 -0.9991 -0.0395
vn 0.3834 0.0000 0.9236
vn -0.0008 0.0000 -1.0000
vn 0.0008 0.0000 1.0000
vn 0.0163 0.9991 -0.0395
vn 0.0163 -0.9991 -0.0395
vn -0.3819 0.0000 0.9242
vn 0.0302 0.9991 -0.0303
vn 0.7065 0.0000 -0.7077
vn 0.0302 -0.9991 -0.0303
vn 0.0395 0.9991 -0.0164
vn 0.9236 0.0000 -0.3834
vn 0.0395 -0.9991 -0.0164
vn -0.9236 0.0000 0.3834
vn 0.0428 0.9991 -0.0000
vn 1.0000 0.0000 -0.0008
vn 0.0428 -0.9991 -0.0000
vn 0.0395 0.9991 0.0163
vn 0.9242 0.0000 0.3819
vn 0.0395 -0.9991 0.0163
vn 0.0303 0.9991 0.0302
vn 0.7077 0.0000 0.7065
vn 0.0303 -0.9991 0.0302
vn -0.7077 0.0000 -0.7066
vn 0.0164 0.9991 0.0395
vn 0.0164 -0.9991 0.0395
vn 0.0066 0.0000 -1.0000
vn -0.0093 1.0000 0.0000
usemtl Collider
s off
f 6379/7940/555 6380/7941/555 6381/7942/555 6382/7943/555
f 6382/7943/556 6381/7942/556 6383/7944/556 6384/7945/556
f 6384/7945/557 6383/7944/557 6385/7946/557 6386/7947/557
f 6386/7947/558 6385/7946/558 6380/7941/558 6379/7940/558
f 6380/7941/559 6385/7946/559 6383/7944/559 6381/7942/559
f 6379/7940/560 6382/7943/560 6384/7945/560 6386/7947/560
f 6391/7948/561 6387/7949/561 6388/7950/561
f 6389/7951/562 6391/7948/563 6388/7950/562 6390/7952/563
f 6388/7953/560 6391/7954/560 6395/7955/560 6396/7956/560
f 6403/7957/564 6436/7958/565 6435/7959/566 6404/7960/567 6405/7961/564
f 6400/7962/568 6407/7963/568 6397/7964/568
f 6394/7965/569 6419/7966/569 6399/7967/569 6393/7968/569
f 6401/7969/570 6402/7970/570 6406/7971/570 6392/7972/570
f 6424/7973/571 6412/7974/572 6395/7955/573
f 6395/7955/558 6412/7974/558 6413/7975/558 6396/7956/558
f 6399/7967/574 6398/7976/575 6410/7977/576 6409/7978/577
f 6406/7971/578 6411/7979/579 6408/7980/580 6392/7972/580
f 6398/7976/556 6402/7970/556 6401/7969/556 6410/7977/556
f 6403/7981/559 6405/7982/559 6413/7975/559 6412/7974/559
f 6415/7983/559 6416/7984/559 6408/7980/559 6411/7979/559
f 6412/7974/581 6424/7973/581 6419/7966/581 6394/7965/581
f 6428/7985/582 6421/7986/582 6415/7983/582
f 6426/7987/583 6428/7985/583 6415/7983/583 6414/7988/583
f 6403/7981/584 6412/7974/584 6394/7965/584 6400/7962/584 6436/7989/584
f 6429/7990/558 6427/7991/558 6417/7992/558 6422/7993/558
f 6421/7986/558 6418/7994/558 6416/7984/558 6415/7983/558
f 6427/7991/585 6426/7987/585 6414/7988/585 6417/7992/585
f 6424/7973/586 6429/7990/587 6422/7993/588 6419/7966/587
f 6393/7968/556 6399/7967/556 6409/7978/556 6407/7963/556
f 6408/7980/557 6416/7984/557 6418/7994/557 6392/7972/557
f 6417/7992/589 6414/7988/589 6406/7971/589 6402/7970/589
f 6432/7995/590 6437/7996/591 6423/7997/592 6431/7998/593
f 6414/7988/594 6415/7983/595 6411/7979/596 6406/7971/597
f 6424/7973/598 6395/7955/599 6420/7999/600 6425/8000/601
f 6422/7993/559 6417/7992/559 6402/7970/559 6398/7976/559
f 6395/7955/602 6391/7954/602 6389/8001/602 6420/7999/602
f 6419/7966/603 6422/7993/604 6398/7976/605 6399/7967/606
f 6393/7968/607 6434/8002/608 6400/7962/609 6394/7965/610
f 6400/7962/611 6434/8002/611 6393/7968/611 6407/7963/611
f 6434/8002/612 6439/8003/613 6437/7996/614 6432/7995/615
f 6432/7995/616 6431/7998/617 6430/8004/618 6433/8005/619
f 6432/7995/620 6433/8005/621 6400/7962/622 6434/8002/623
f 6437/7996/624 6441/8006/625 6440/8007/626 6423/7997/627
f 6433/8005/628 6430/8004/629 6438/8008/630 6435/8009/631
f 6439/8003/632 6442/8010/633 6441/8006/634 6437/7996/635
f 6435/8011/636 6400/7962/637 6433/8005/638
f 6438/8008/639 6404/7960/640 6435/8009/641
f 6435/7959/642 6436/7958/643 6400/8012/644
f 6452/8013/559 6451/8014/559 6443/8015/559 6444/8016/559
f 6454/8017/560 6450/8018/560 6449/8019/560 6453/8020/560
f 6443/8015/556 6449/8019/556 6450/8018/556 6444/8016/556
f 6451/8014/557 6453/8020/557 6449/8019/557 6443/8015/557
f 6452/8013/555 6454/8017/555 6448/8021/555 6445/8022/555
f 6445/8022/558 6448/8021/558 6447/8023/558 6446/8024/558
f 6450/8018/556 6456/8025/556 6455/8026/556 6444/8016/556
f 6446/8024/557 6447/8023/557 6453/8020/557 6451/8014/557
f 6448/8021/560 6454/8017/560 6453/8020/560 6447/8023/560
f 6445/8022/559 6446/8024/559 6451/8014/559 6452/8013/559
f 6455/8026/555 6456/8025/555 6458/8027/555 6457/8028/555
f 6454/8017/560 6458/8027/560 6456/8025/560 6450/8018/560
f 6444/8016/559 6455/8026/559 6457/8028/559 6452/8013/559
f 6452/8013/558 6457/8028/558 6458/8027/558 6454/8017/558
f 6461/8029/645 6388/7950/646 6459/8030/647
f 6460/8031/648 6390/7952/648 6388/7950/648 6461/8029/648
f 6388/7953/560 6396/7956/560 6465/8032/560 6461/8033/560
f 6472/8034/649 6405/7961/649 6404/7960/642 6498/8035/650 6499/8036/651
f 6469/8037/652 6466/8038/652 6474/8039/652
f 6464/8040/653 6463/8041/653 6468/8042/653 6485/8043/653
f 6470/8044/654 6462/8045/654 6473/8046/654 6471/8047/654
f 6489/8048/655 6465/8032/656 6479/8049/657
f 6465/8032/558 6396/7956/558 6413/7975/558 6479/8049/558
f 6468/8042/658 6476/8050/659 6477/8051/660 6467/8052/661
f 6473/8046/662 6462/8045/663 6475/8053/663 6478/8054/664
f 6467/8052/556 6477/8051/556 6470/8044/556 6471/8047/556
f 6472/8055/559 6479/8049/559 6413/7975/559 6405/7982/559
f 6481/8056/559 6478/8054/559 6475/8053/559 6482/8057/559
f 6479/8049/665 6464/8040/665 6485/8043/665 6489/8048/665
f 6493/8058/666 6481/8056/666 6487/8059/666
f 6491/8060/667 6480/8061/667 6481/8056/667 6493/8058/667
f 6472/8055/668 6499/8062/668 6469/8037/668 6464/8040/668 6479/8049/668
f 6494/8063/558 6488/8064/558 6483/8065/558 6492/8066/558
f 6487/8059/558 6481/8056/558 6482/8057/558 6484/8067/558
f 6492/8066/669 6483/8065/669 6480/8061/669 6491/8060/669
f 6489/8048/670 6485/8043/671 6488/8064/672 6494/8063/671
f 6463/8041/556 6474/8039/556 6476/8050/556 6468/8042/556
f 6475/8053/555 6462/8045/555 6484/8067/555 6482/8057/555
f 6483/8065/673 6471/8047/673 6473/8046/673 6480/8061/673
f 6495/8068/674 6431/7998/675 6423/7997/676 6500/8069/677
f 6480/8061/678 6473/8046/679 6478/8054/680 6481/8056/681
f 6489/8048/682 6490/8070/683 6486/8071/684 6465/8032/684
f 6488/8064/559 6467/8052/559 6471/8047/559 6483/8065/559
f 6465/8032/685 6486/8071/685 6460/8072/685 6461/8033/685
f 6485/8043/686 6468/8042/687 6467/8052/688 6488/8064/689
f 6463/8041/690 6464/8040/691 6469/8037/692 6497/8073/693
f 6469/8037/694 6474/8039/694 6463/8041/694 6497/8073/694
f 6497/8073/695 6495/8068/696 6500/8069/697 6501/8074/698
f 6495/8068/699 6496/8075/700 6430/8004/701 6431/7998/702
f 6495/8068/703 6497/8073/704 6469/8037/705 6496/8075/706
f 6500/8069/707 6423/7997/708 6440/8007/709 6502/8076/710
f 6496/8075/711 6498/8077/712 6438/8008/713 6430/8004/714
f 6501/8074/715 6500/8069/716 6502/8076/717 6503/8078/718
f 6498/8079/719 6496/8075/720 6469/8037/721
f 6438/8008/722 6498/8077/723 6404/7960/724
f 6498/8035/725 6469/8080/726 6499/8036/727
f 6513/8081/559 6505/8082/559 6504/8083/559 6512/8084/559
f 6515/8085/560 6514/8086/560 6510/8087/560 6511/8088/560
f 6504/8083/556 6505/8082/556 6511/8088/556 6510/8087/556
f 6512/8084/555 6504/8083/555 6510/8087/555 6514/8086/555
f 6513/8081/557 6506/8089/557 6509/8090/557 6515/8085/557
f 6506/8089/558 6507/8091/558 6508/8092/558 6509/8090/558
f 6511/8088/556 6505/8082/556 6516/8093/556 6517/8094/556
f 6507/8091/555 6512/8084/555 6514/8086/555 6508/8092/555
f 6509/8090/560 6508/8092/560 6514/8086/560 6515/8085/560
f 6506/8089/559 6513/8081/559 6512/8084/559 6507/8091/559
f 6516/8093/557 6518/8095/557 6519/8096/557 6517/8094/557
f 6515/8085/560 6511/8088/560 6517/8094/560 6519/8096/560
f 6505/8082/559 6513/8081/559 6518/8095/559 6516/8093/559
f 6513/8081/558 6515/8085/558 6519/8096/558 6518/8095/558
f 6533/8097/556 6541/8098/556 6528/8099/556 6530/8100/556
f 6532/8101/558 6531/8102/558 6525/8103/558
f 6535/8104/556 6539/8105/556 6523/8106/556 6522/8107/556
f 6531/8102/728 6529/8108/728 6521/8109/728 6525/8103/728
f 6527/8110/729 6523/8111/729 6529/8108/729 6531/8102/729
f 6534/8112/560 6528/8113/560 6536/8114/560 6524/8115/560 6520/8116/560
f 6527/8110/558 6531/8102/558 6532/8101/558
f 6539/8105/556 6529/8117/556 6523/8106/556
f 6522/8118/560 6526/8119/560 6537/8120/560 6541/8121/560 6535/8122/560
f 6536/8114/558 6538/8123/558 6532/8101/558 6525/8103/558 6524/8115/558
f 6524/8115/555 6525/8103/555 6521/8124/555 6520/8125/555
f 6521/8126/556 6529/8127/556 6540/8128/556
f 6522/8107/557 6523/8106/557 6527/8110/557 6526/8119/557
f 6526/8119/558 6527/8110/558 6532/8101/558 6538/8123/558 6537/8120/558
f 6536/8114/558 6537/8120/558 6538/8123/558
f 6539/8105/556 6540/8128/556 6529/8127/556
f 6540/8128/560 6539/8105/560 6533/8097/560 6530/8100/560
f 6520/8129/556 6521/8126/556 6540/8128/556 6534/8130/556
f 6539/8105/555 6535/8104/555 6541/8098/555 6533/8097/555
f 6534/8130/557 6540/8128/557 6530/8100/557 6528/8099/557
f 6536/8114/560 6528/8131/560 6541/8121/560 6537/8120/560
f 6542/8132/556 6543/8133/556 6545/8134/556 6544/8135/556
f 6544/8135/557 6545/8134/557 6549/8136/557 6548/8137/557
f 6548/8137/558 6549/8136/558 6547/8138/558 6546/8139/558
f 6546/8139/555 6547/8138/555 6543/8140/555 6542/8141/555
f 6544/8142/560 6548/8137/560 6546/8139/560 6542/8143/560
f 6549/8136/730 6545/8144/730 6543/8145/730 6547/8138/730
f 6550/8146/556 6552/8147/556 6553/8148/556 6551/8149/556
f 6552/8147/555 6556/8150/555 6557/8151/555 6553/8148/555
f 6556/8150/558 6554/8152/558 6555/8153/558 6557/8151/558
f 6554/8152/557 6550/8154/557 6551/8155/557 6555/8153/557
f 6552/8156/560 6550/8157/560 6554/8152/560 6556/8150/560
f 6557/8151/731 6555/8153/731 6551/8158/731 6553/8159/731
f 6558/8160/556 6559/8161/556 6561/8162/556 6560/8163/556
f 6560/8163/557 6561/8162/557 6565/8164/557 6564/8165/557
f 6564/8165/558 6565/8164/558 6563/8166/558 6562/8167/558
f 6562/8167/555 6563/8166/555 6559/8168/555 6558/8169/555
f 6560/8170/560 6564/8165/560 6562/8167/560 6558/8171/560
f 6565/8164/559 6561/8172/559 6559/8173/559 6563/8166/559
f 6566/8174/556 6568/8175/556 6569/8176/556 6567/8177/556
f 6568/8175/555 6572/8178/555 6573/8179/555 6569/8176/555
f 6572/8178/558 6570/8180/558 6571/8181/558 6573/8179/558
f 6570/8180/557 6566/8182/557 6567/8183/557 6571/8181/557
f 6568/8184/560 6566/8185/560 6570/8180/560 6572/8178/560
f 6573/8179/559 6571/8181/559 6567/8186/559 6569/8187/559
f 6578/8188/732 6576/8189/732 6577/8190/732 6579/8191/732
f 6576/8189/556 6606/8192/556 6607/8193/556 6577/8190/556
f 6604/8194/558 6574/8195/558 6575/8196/558 6605/8197/558
f 6582/8198/560 6574/8199/560 6604/8194/560 6612/8200/560
f 6613/8201/733 6605/8197/733 6575/8202/733 6583/8203/733
f 6607/8193/559 6609/8204/559 6579/8205/559 6577/8206/559
f 6576/8207/560 6578/8208/560 6608/8209/560 6606/8192/560
f 6580/8210/732 6578/8188/732 6579/8191/732 6581/8211/732
f 6582/8212/732 6580/8210/732 6581/8211/732 6583/8213/732
f 6609/8204/734 6611/8214/734 6581/8215/734 6579/8205/734
f 6578/8208/560 6580/8216/560 6610/8217/560 6608/8209/560
f 6574/8218/732 6582/8212/732 6583/8213/732 6575/8219/732
f 6611/8214/735 6613/8201/735 6583/8203/735 6581/8215/735
f 6580/8216/560 6582/8198/560 6612/8200/560 6610/8217/560
f 6592/8220/736 6593/8221/736 6587/8222/736 6586/8223/736
f 6586/8223/557 6587/8222/557 6591/8224/557 6590/8225/557
f 6603/8226/558 6601/8227/558 6589/8228/558 6588/8229/558
f 6588/8229/555 6589/8228/555 6585/8230/555 6584/8231/555
f 6600/8232/560 6603/8226/560 6588/8229/560 6584/8233/560
f 6601/8227/737 6602/8234/737 6585/8235/737 6589/8228/737
f 6591/8224/559 6587/8236/559 6593/8237/559 6595/8238/559
f 6586/8239/560 6590/8225/560 6594/8240/560 6592/8241/560
f 6590/8225/558 6591/8224/558 6595/8238/558 6594/8240/558
f 6596/8242/736 6598/8243/736 6593/8221/736 6592/8220/736
f 6600/8244/736 6602/8245/736 6598/8243/736 6596/8242/736
f 6595/8238/738 6593/8237/738 6598/8246/738 6597/8247/738
f 6592/8241/560 6594/8240/560 6599/8248/560 6596/8249/560
f 6594/8240/558 6595/8238/558 6597/8247/558 6599/8248/558
f 6584/8250/736 6585/8251/736 6602/8245/736 6600/8244/736
f 6597/8247/739 6598/8246/739 6602/8234/739 6601/8227/739
f 6596/8249/560 6599/8248/560 6603/8226/560 6600/8232/560
f 6599/8248/558 6597/8247/558 6601/8227/558 6603/8226/558
f 6608/8252/740 6609/8253/740 6607/8254/740 6606/8255/740
f 6610/8256/740 6611/8257/740 6609/8253/740 6608/8252/740
f 6612/8258/740 6613/8259/740 6611/8257/740 6610/8256/740
f 6604/8260/740 6605/8261/740 6613/8259/740 6612/8258/740
f 6622/8262/741 6616/8263/741 6617/8264/741 6623/8265/741
f 6616/8263/555 6620/8266/555 6621/8267/555 6617/8264/555
f 6633/8268/558 6618/8269/558 6619/8270/558 6631/8271/558
f 6618/8269/557 6614/8272/557 6615/8273/557 6619/8270/557
f 6630/8274/560 6614/8275/560 6618/8269/560 6633/8268/560
f 6631/8271/742 6619/8270/742 6615/8276/742 6632/8277/742
f 6621/8267/559 6625/8278/559 6623/8279/559 6617/8280/559
f 6616/8281/560 6622/8282/560 6624/8283/560 6620/8266/560
f 6620/8266/558 6624/8283/558 6625/8278/558 6621/8267/558
f 6626/8284/741 6622/8262/741 6623/8265/741 6628/8285/741
f 6630/8286/741 6626/8284/741 6628/8285/741 6632/8287/741
f 6625/8278/743 6627/8288/743 6628/8289/743 6623/8279/743
f 6622/8282/560 6626/8290/560 6629/8291/560 6624/8283/560
f 6624/8283/558 6629/8291/558 6627/8288/558 6625/8278/558
f 6614/8292/741 6630/8286/741 6632/8287/741 6615/8293/741
f 6627/8288/744 6631/8271/744 6632/8277/744 6628/8289/744
f 6626/8290/560 6630/8274/560 6633/8268/560 6629/8291/560
f 6629/8291/558 6633/8268/558 6631/8271/558 6627/8288/558
f 6634/8294/556 6635/8295/556 6637/8296/556 6636/8297/556
f 6636/8297/557 6637/8296/557 6641/8298/557 6640/8299/557
f 6640/8299/558 6641/8298/558 6639/8300/558 6638/8301/558
f 6638/8301/555 6639/8300/555 6635/8302/555 6634/8303/555
f 6636/8304/560 6640/8299/560 6638/8301/560 6634/8305/560
f 6641/8298/745 6637/8306/745 6635/8307/745 6639/8300/745
f 6642/8308/558 6643/8309/558 6645/8310/558 6644/8311/558
f 6644/8311/555 6645/8310/555 6649/8312/555 6648/8313/555
f 6648/8313/556 6649/8312/556 6647/8314/556 6646/8315/556
f 6646/8315/557 6647/8314/557 6643/8316/557 6642/8317/557
f 6644/8318/560 6648/8313/560 6646/8315/560 6642/8319/560
f 6649/8312/746 6645/8320/746 6643/8321/746 6647/8314/746
f 6650/8322/555 6656/8323/555 6652/8324/555 6651/8325/555
f 6651/8325/556 6652/8324/556 6657/8326/556 6653/8327/556
f 6653/8327/557 6657/8326/557 6655/8328/557 6654/8329/557
f 6654/8329/558 6655/8328/558 6656/8323/558 6650/8322/558
f 6662/8330/557 6658/8331/557 6659/8332/557 6664/8333/557
f 6658/8331/556 6660/8334/556 6665/8335/556 6659/8332/556
f 6660/8334/555 6661/8336/555 6663/8337/555 6665/8335/555
f 6661/8336/558 6662/8330/558 6664/8333/558 6663/8337/558
f 6659/8332/560 6652/8324/560 6656/8323/560 6664/8333/560
f 6664/8333/558 6656/8323/558 6655/8328/558 6663/8337/558
f 6663/8337/559 6655/8328/559 6657/8326/559 6665/8335/559
f 6665/8335/556 6657/8326/556 6652/8324/556 6659/8332/556
f 6666/8338/555 6667/8339/555 6671/8340/555 6672/8341/555
f 6667/8339/558 6668/8342/558 6673/8343/558 6671/8340/558
f 6668/8342/557 6669/8344/557 6670/8345/557 6673/8343/557
f 6669/8344/556 6666/8338/556 6672/8341/556 6670/8345/556
f 6674/8346/557 6681/8347/557 6676/8348/557 6675/8349/557
f 6675/8349/558 6676/8348/558 6678/8350/558 6677/8351/558
f 6677/8351/555 6678/8350/555 6679/8352/555 6680/8353/555
f 6680/8353/556 6679/8352/556 6681/8347/556 6674/8346/556
f 6676/8348/560 6681/8347/560 6672/8341/560 6671/8340/560
f 6681/8347/556 6679/8352/556 6670/8345/556 6672/8341/556
f 6679/8352/559 6678/8350/559 6673/8343/559 6670/8345/559
f 6678/8350/558 6676/8348/558 6671/8340/558 6673/8343/558
f 6682/8354/555 6688/8355/555 6684/8356/555 6683/8357/555
f 6683/8357/556 6684/8356/556 6685/8358/556 6686/8359/556
f 6686/8359/557 6685/8358/557 6771/8360/557 6687/8361/557
f 6687/8361/558 6771/8360/558 6688/8355/558 6682/8354/558
f 6684/8356/555 6688/8355/555 6690/8362/555 6691/8363/555
f 6689/8364/557 6772/8365/557 6775/8366/557 6774/8367/557
f 6688/8355/747 6771/8360/747 6689/8364/747 6690/8362/747
f 6685/8358/748 6684/8356/748 6691/8363/748 6772/8365/748
f 6771/8360/557 6685/8358/557 6772/8365/557 6689/8364/557
f 6773/8368/749 6774/8367/749 6693/8369/749 6776/8370/749
f 6691/8363/555 6690/8362/555 6773/8368/555 6692/8371/555
f 6690/8362/750 6689/8364/750 6774/8367/750 6773/8368/750
f 6772/8365/751 6691/8363/751 6692/8371/751 6775/8366/751
f 6693/8369/557 6778/8372/557 6779/8373/557 6694/8374/557
f 6775/8366/752 6692/8371/752 6695/8375/752 6778/8372/752
f 6774/8367/557 6775/8366/557 6778/8372/557 6693/8369/557
f 6692/8371/555 6773/8368/555 6776/8370/555 6695/8375/555
f 6696/8376/556 6694/8374/556 6780/8377/556 6699/8378/556
f 6695/8375/555 6776/8370/555 6696/8376/555 6777/8379/555
f 6776/8370/753 6693/8369/753 6694/8374/753 6696/8376/753
f 6778/8372/754 6695/8375/754 6777/8379/754 6779/8373/754
f 6777/8379/556 6696/8376/556 6699/8378/556 6698/8380/556
f 6694/8374/556 6779/8373/556 6702/8381/556 6780/8377/556
f 6780/8377/557 6702/8381/557 6697/8382/557 6781/8383/557
f 6698/8380/555 6699/8378/555 6701/8384/555 6700/8385/555
f 6699/8378/560 6780/8377/560 6781/8383/560 6701/8384/560
f 6702/8381/559 6698/8380/559 6700/8385/559 6697/8382/559
f 6779/8373/556 6777/8379/556 6698/8380/556 6702/8381/556
f 6700/8385/558 6701/8384/558 6781/8383/558 6697/8382/558
f 6703/8386/755 6704/8387/755 6706/8388/755 6705/8389/755
f 6705/8389/756 6706/8388/756 6708/8390/756 6707/8391/756
f 6707/8391/757 6708/8390/757 6710/8392/757 6709/8393/757
f 6709/8393/758 6710/8392/758 6704/8387/758 6703/8386/758
f 6704/8387/759 6711/8394/759 6712/8395/759 6706/8388/759
f 6706/8388/760 6712/8395/760 6713/8396/760 6708/8390/760
f 6708/8390/761 6713/8396/761 6714/8397/761 6710/8392/761
f 6710/8392/762 6714/8397/762 6711/8394/762 6704/8387/762
f 6711/8394/763 6715/8398/763 6716/8399/763 6712/8395/763
f 6712/8395/764 6716/8399/764 6717/8400/764 6713/8396/764
f 6713/8396/765 6717/8400/765 6770/8401/765 6714/8397/765
f 6714/8397/766 6770/8401/766 6715/8398/766 6711/8394/766
f 6770/8401/767 6722/8402/767 6769/8403/767 6718/8404/767
f 6715/8398/768 6719/8405/768 6720/8406/768 6716/8399/768
f 6716/8399/769 6720/8406/769 6721/8407/769 6717/8400/769
f 6717/8400/770 6721/8407/770 6722/8402/770 6770/8401/770
f 6722/8402/771 6719/8405/771 6767/8408/771 6769/8403/771
f 6719/8405/772 6723/8409/772 6724/8410/772 6720/8406/772
f 6720/8406/773 6724/8410/773 6725/8411/773 6721/8407/773
f 6721/8407/774 6725/8411/774 6726/8412/774 6722/8402/774
f 6722/8402/775 6726/8412/775 6723/8409/775 6719/8405/775
f 6723/8409/776 6727/8413/776 6728/8414/776 6724/8410/776
f 6724/8410/777 6728/8414/777 6729/8415/777 6725/8411/777
f 6725/8411/778 6729/8415/778 6730/8416/778 6726/8412/778
f 6726/8412/779 6730/8416/779 6727/8413/779 6723/8409/779
f 6727/8413/780 6731/8417/780 6732/8418/780 6728/8414/780
f 6728/8414/781 6732/8418/781 6733/8419/781 6729/8415/781
f 6729/8415/782 6733/8419/782 6734/8420/782 6730/8416/782
f 6730/8416/783 6734/8420/783 6731/8417/783 6727/8413/783
f 6731/8417/784 6735/8421/784 6736/8422/784 6732/8418/784
f 6732/8418/785 6736/8422/785 6737/8423/785 6733/8419/785
f 6733/8419/786 6737/8423/786 6738/8424/786 6734/8420/786
f 6734/8420/787 6738/8424/787 6735/8421/787 6731/8417/787
f 6735/8421/788 6739/8425/788 6740/8426/788 6736/8422/788
f 6736/8422/758 6740/8426/758 6741/8427/758 6737/8423/758
f 6737/8423/789 6741/8427/789 6742/8428/789 6738/8424/789
f 6738/8424/756 6742/8428/756 6739/8425/756 6735/8421/756
f 6739/8425/790 6743/8429/790 6744/8430/790 6740/8426/790
f 6740/8426/791 6744/8430/791 6745/8431/791 6741/8427/791
f 6741/8427/792 6745/8431/792 6746/8432/792 6742/8428/792
f 6742/8428/760 6746/8432/760 6743/8429/760 6739/8425/760
f 6743/8429/793 6747/8433/793 6748/8434/793 6744/8430/793
f 6744/8430/794 6748/8434/794 6749/8435/794 6745/8431/794
f 6745/8431/795 6749/8435/795 6750/8436/795 6746/8432/795
f 6746/8432/796 6750/8436/796 6747/8433/796 6743/8429/796
f 6747/8433/797 6751/8437/797 6752/8438/797 6748/8434/797
f 6748/8434/798 6752/8438/798 6753/8439/798 6749/8435/798
f 6749/8435/799 6753/8439/799 6754/8440/799 6750/8436/799
f 6750/8436/769 6754/8440/769 6751/8437/769 6747/8433/769
f 6751/8437/800 6755/8441/800 6756/8442/800 6752/8438/800
f 6752/8438/801 6756/8442/801 6757/8443/801 6753/8439/801
f 6753/8439/802 6757/8443/802 6758/8444/802 6754/8440/802
f 6754/8440/773 6758/8444/773 6755/8441/773 6751/8437/773
f 6755/8441/803 6759/8445/803 6760/8446/803 6756/8442/803
f 6756/8442/804 6760/8446/804 6761/8447/804 6757/8443/804
f 6757/8443/805 6761/8447/805 6762/8448/805 6758/8444/805
f 6758/8444/806 6762/8448/806 6759/8445/806 6755/8441/806
f 6759/8445/807 6763/8449/807 6764/8450/807 6760/8446/807
f 6760/8446/783 6764/8450/783 6765/8451/783 6761/8447/783
f 6761/8447/808 6765/8451/808 6766/8452/808 6762/8448/808
f 6762/8448/781 6766/8452/781 6763/8449/781 6759/8445/781
f 6763/8449/809 6703/8386/809 6705/8389/809 6764/8450/809
f 6764/8450/787 6705/8389/787 6707/8391/787 6765/8451/787
f 6765/8451/810 6707/8391/810 6709/8393/810 6766/8452/810
f 6766/8452/785 6709/8393/785 6703/8386/785 6763/8449/785
f 6718/8404/556 6769/8403/556 6767/8408/556 6768/8453/556
f 6715/8398/811 6770/8401/811 6718/8404/811 6768/8453/811
f 6719/8405/812 6715/8398/812 6768/8453/812 6767/8408/812
f 6867/8454/555 6865/8455/555 6783/8456/555 6866/8457/555
f 6865/8455/558 6782/8458/558 6864/8459/558 6783/8456/558
f 6782/8458/557 6868/8460/557 6784/8461/557 6864/8459/557
f 6868/8460/556 6867/8454/556 6866/8457/556 6784/8461/556
f 6783/8456/555 6870/8462/555 6786/8463/555 6866/8457/555
f 6869/8464/557 6875/8465/557 6785/8466/557 6873/8467/557
f 6866/8457/813 6786/8463/813 6869/8464/813 6784/8461/813
f 6864/8459/814 6873/8467/814 6870/8462/814 6783/8456/814
f 6784/8461/557 6869/8464/557 6873/8467/557 6864/8459/557
f 6872/8468/815 6787/8469/815 6874/8470/815 6875/8465/815
f 6870/8462/555 6871/8471/555 6872/8468/555 6786/8463/555
f 6786/8463/816 6872/8468/816 6875/8465/816 6869/8464/816
f 6873/8467/817 6785/8466/817 6871/8471/817 6870/8462/817
f 6874/8470/557 6878/8472/557 6879/8473/557 6877/8474/557
f 6785/8466/818 6877/8474/818 6876/8475/818 6871/8471/818
f 6875/8465/557 6874/8470/557 6877/8474/557 6785/8466/557
f 6871/8471/555 6876/8475/555 6787/8469/555 6872/8468/555
f 6788/8476/558 6792/8477/558 6791/8478/558 6878/8472/558
f 6876/8475/555 6789/8479/555 6788/8476/555 6787/8469/555
f 6787/8469/819 6788/8476/819 6878/8472/819 6874/8470/819
f 6877/8474/820 6879/8473/820 6789/8479/820 6876/8475/820
f 6789/8479/558 6790/8480/558 6792/8477/558 6788/8476/558
f 6878/8472/558 6791/8478/558 6794/8481/558 6879/8473/558
f 6791/8478/557 6880/8482/557 6881/8483/557 6794/8481/557
f 6790/8480/555 6795/8484/555 6793/8485/555 6792/8477/555
f 6792/8477/560 6793/8485/560 6880/8482/560 6791/8478/560
f 6794/8481/559 6881/8483/559 6795/8484/559 6790/8480/559
f 6879/8473/558 6794/8481/558 6790/8480/558 6789/8479/558
f 6795/8484/556 6881/8483/556 6880/8482/556 6793/8485/556
f 6796/8486/821 6799/8487/821 6797/8488/821 6798/8489/821
f 6799/8487/822 6800/8490/822 6801/8491/822 6797/8488/822
f 6800/8490/823 6802/8492/823 6803/8493/823 6801/8491/823
f 6802/8492/824 6796/8486/824 6798/8489/824 6803/8493/824
f 6798/8489/825 6797/8488/825 6805/8494/825 6804/8495/825
f 6797/8488/826 6801/8491/826 6807/8496/826 6805/8494/826
f 6801/8491/827 6803/8493/827 6806/8497/827 6807/8496/827
f 6803/8493/828 6798/8489/828 6804/8495/828 6806/8497/828
f 6804/8495/829 6805/8494/829 6808/8498/829 6862/8499/829
f 6805/8494/830 6807/8496/830 6809/8500/830 6808/8498/830
f 6807/8496/831 6806/8497/831 6810/8501/831 6809/8500/831
f 6806/8497/832 6804/8495/832 6862/8499/832 6810/8501/832
f 6810/8501/833 6861/8502/833 6811/8503/833 6819/8504/833
f 6862/8499/834 6808/8498/834 6812/8505/834 6813/8506/834
f 6808/8498/835 6809/8500/835 6814/8507/835 6812/8505/835
f 6809/8500/836 6810/8501/836 6819/8504/836 6814/8507/836
f 6819/8504/837 6811/8503/837 6863/8508/837 6813/8506/837
f 6813/8506/838 6812/8505/838 6816/8509/838 6815/8510/838
f 6812/8505/839 6814/8507/839 6818/8511/839 6816/8509/839
f 6814/8507/840 6819/8504/840 6817/8512/840 6818/8511/840
f 6819/8504/841 6813/8506/841 6815/8510/841 6817/8512/841
f 6815/8510/842 6816/8509/842 6821/8513/842 6820/8514/842
f 6816/8509/843 6818/8511/843 6822/8515/843 6821/8513/843
f 6818/8511/844 6817/8512/844 6823/8516/844 6822/8515/844
f 6817/8512/845 6815/8510/845 6820/8514/845 6823/8516/845
f 6820/8514/846 6821/8513/846 6824/8517/846 6825/8518/846
f 6821/8513/847 6822/8515/847 6827/8519/847 6824/8517/847
f 6822/8515/848 6823/8516/848 6826/8520/848 6827/8519/848
f 6823/8516/849 6820/8514/849 6825/8518/849 6826/8520/849
f 6825/8518/784 6824/8517/784 6829/8521/784 6828/8522/784
f 6824/8517/850 6827/8519/850 6831/8523/850 6829/8521/850
f 6827/8519/786 6826/8520/786 6830/8524/786 6831/8523/786
f 6826/8520/851 6825/8518/851 6828/8522/851 6830/8524/851
f 6828/8522/852 6829/8521/852 6833/8525/852 6832/8526/852
f 6829/8521/824 6831/8523/824 6834/8527/824 6833/8525/824
f 6831/8523/853 6830/8524/853 6835/8528/853 6834/8527/853
f 6830/8524/854 6828/8522/854 6832/8526/854 6835/8528/854
f 6832/8526/855 6833/8525/855 6836/8529/855 6837/8530/855
f 6833/8525/856 6834/8527/856 6839/8531/856 6836/8529/856
f 6834/8527/857 6835/8528/857 6838/8532/857 6839/8531/857
f 6835/8528/826 6832/8526/826 6837/8530/826 6838/8532/826
f 6837/8530/858 6836/8529/858 6841/8533/858 6840/8534/858
f 6836/8529/859 6839/8531/859 6842/8535/859 6841/8533/859
f 6839/8531/860 6838/8532/860 6843/8536/860 6842/8535/860
f 6838/8532/861 6837/8530/861 6840/8534/861 6843/8536/861
f 6840/8534/862 6841/8533/862 6845/8537/862 6844/8538/862
f 6841/8533/863 6842/8535/863 6846/8539/863 6845/8537/863
f 6842/8535/864 6843/8536/864 6847/8540/864 6846/8539/864
f 6843/8536/835 6840/8534/835 6844/8538/835 6847/8540/835
f 6844/8538/865 6845/8537/865 6849/8541/865 6848/8542/865
f 6845/8537/866 6846/8539/866 6851/8543/866 6849/8541/866
f 6846/8539/867 6847/8540/867 6850/8544/867 6851/8543/867
f 6847/8540/839 6844/8538/839 6848/8542/839 6850/8544/839
f 6848/8542/868 6849/8541/868 6853/8545/868 6852/8546/868
f 6849/8541/869 6851/8543/869 6854/8547/869 6853/8545/869
f 6851/8543/870 6850/8544/870 6855/8548/870 6854/8547/870
f 6850/8544/871 6848/8542/871 6852/8546/871 6855/8548/871
f 6852/8546/872 6853/8545/872 6857/8549/872 6856/8550/872
f 6853/8545/849 6854/8547/849 6858/8551/849 6857/8549/849
f 6854/8547/873 6855/8548/873 6859/8552/873 6858/8551/873
f 6855/8548/847 6852/8546/847 6856/8550/847 6859/8552/847
f 6856/8550/809 6857/8549/809 6799/8487/809 6796/8486/809
f 6857/8549/851 6858/8551/851 6800/8490/851 6799/8487/851
f 6858/8551/810 6859/8552/810 6802/8492/810 6800/8490/810
f 6859/8552/850 6856/8550/850 6796/8486/850 6802/8492/850
f 6861/8502/558 6860/8553/558 6863/8508/558 6811/8503/558
f 6862/8499/874 6860/8553/874 6861/8502/874 6810/8501/874
f 6813/8506/875 6863/8508/875 6860/8553/875 6862/8499/875
